// Validating benchmarks:
// ***** BenchmarkRunner: Start   *****
// ***** Found 15 benchmark(s) in total *****
// ***** Building 1 exe(s) in Parallel: Start   *****
Unable to find .sln or .csproj file. Will use current directory D:\HierarchyKit to search for project file. If you don't use .sln file on purpose it should not be a problem.
// start dotnet  restore /p:UseSharedCompilation=false /p:BuildInParallel=false /m:1 /p:Deterministic=true /p:Optimize=true /p:IntermediateOutputPath="D:\HierarchyKit\benchmarks\HierarchyKit.Benchmarks\bin\Release\net10.0\0dd2092b-0a91-44cc-aa82-d11618bf258f\obj\Release\net10.0/" /p:OutDir="D:\HierarchyKit\benchmarks\HierarchyKit.Benchmarks\bin\Release\net10.0\0dd2092b-0a91-44cc-aa82-d11618bf258f\bin\Release\net10.0/" /p:OutputPath="D:\HierarchyKit\benchmarks\HierarchyKit.Benchmarks\bin\Release\net10.0\0dd2092b-0a91-44cc-aa82-d11618bf258f\bin\Release\net10.0/" in D:\HierarchyKit\benchmarks\HierarchyKit.Benchmarks\bin\Release\net10.0\0dd2092b-0a91-44cc-aa82-d11618bf258f
// command took 0.73 sec and exited with 0
// start dotnet  build -c Release --no-restore /p:UseSharedCompilation=false /p:BuildInParallel=false /m:1 /p:Deterministic=true /p:Optimize=true /p:IntermediateOutputPath="D:\HierarchyKit\benchmarks\HierarchyKit.Benchmarks\bin\Release\net10.0\0dd2092b-0a91-44cc-aa82-d11618bf258f\obj\Release\net10.0/" /p:OutDir="D:\HierarchyKit\benchmarks\HierarchyKit.Benchmarks\bin\Release\net10.0\0dd2092b-0a91-44cc-aa82-d11618bf258f\bin\Release\net10.0/" /p:OutputPath="D:\HierarchyKit\benchmarks\HierarchyKit.Benchmarks\bin\Release\net10.0\0dd2092b-0a91-44cc-aa82-d11618bf258f\bin\Release\net10.0/" --output "D:\HierarchyKit\benchmarks\HierarchyKit.Benchmarks\bin\Release\net10.0\0dd2092b-0a91-44cc-aa82-d11618bf258f\bin\Release\net10.0/" in D:\HierarchyKit\benchmarks\HierarchyKit.Benchmarks\bin\Release\net10.0\0dd2092b-0a91-44cc-aa82-d11618bf258f
// command took 3.96 sec and exited with 0
// ***** Done, took 00:00:04 (4.74 sec)   *****
// Found 15 benchmarks:
//   HierarchyBenchmarks.Add: Job-IHQVRN(InvocationCount=1, UnrollFactor=1) [NodeCount=100]
//   HierarchyBenchmarks.Move: Job-IHQVRN(InvocationCount=1, UnrollFactor=1) [NodeCount=100]
//   HierarchyBenchmarks.Remove: Job-IHQVRN(InvocationCount=1, UnrollFactor=1) [NodeCount=100]
//   HierarchyBenchmarks.GetChildren: Job-IHQVRN(InvocationCount=1, UnrollFactor=1) [NodeCount=100]
//   HierarchyBenchmarks.Descendants: Job-IHQVRN(InvocationCount=1, UnrollFactor=1) [NodeCount=100]
//   HierarchyBenchmarks.Add: Job-IHQVRN(InvocationCount=1, UnrollFactor=1) [NodeCount=1000]
//   HierarchyBenchmarks.Move: Job-IHQVRN(InvocationCount=1, UnrollFactor=1) [NodeCount=1000]
//   HierarchyBenchmarks.Remove: Job-IHQVRN(InvocationCount=1, UnrollFactor=1) [NodeCount=1000]
//   HierarchyBenchmarks.GetChildren: Job-IHQVRN(InvocationCount=1, UnrollFactor=1) [NodeCount=1000]
//   HierarchyBenchmarks.Descendants: Job-IHQVRN(InvocationCount=1, UnrollFactor=1) [NodeCount=1000]
//   HierarchyBenchmarks.Add: Job-IHQVRN(InvocationCount=1, UnrollFactor=1) [NodeCount=5000]
//   HierarchyBenchmarks.Move: Job-IHQVRN(InvocationCount=1, UnrollFactor=1) [NodeCount=5000]
//   HierarchyBenchmarks.Remove: Job-IHQVRN(InvocationCount=1, UnrollFactor=1) [NodeCount=5000]
//   HierarchyBenchmarks.GetChildren: Job-IHQVRN(InvocationCount=1, UnrollFactor=1) [NodeCount=5000]
//   HierarchyBenchmarks.Descendants: Job-IHQVRN(InvocationCount=1, UnrollFactor=1) [NodeCount=5000]

Setup power plan (GUID: 8c5e7fda-e8bf-4a96-9a85-a6e23a8c635c FriendlyName: High performance)
// **************************
// Benchmark: HierarchyBenchmarks.Add: Job-IHQVRN(InvocationCount=1, UnrollFactor=1) [NodeCount=100]
// *** Execute ***
// Launch: 1 / 1
// Execute: dotnet 0dd2092b-0a91-44cc-aa82-d11618bf258f.dll --anonymousPipes 1644 2100 --benchmarkName "HierarchyBenchmarks.Add(NodeCount: 100)" --job "InvocationCount=1, UnrollFactor=1" --benchmarkId 0 in D:\HierarchyKit\benchmarks\HierarchyKit.Benchmarks\bin\Release\net10.0\0dd2092b-0a91-44cc-aa82-d11618bf258f\bin\Release\net10.0
// BeforeAnythingElse

// Benchmark Process Environment Information:
// BenchmarkDotNet v0.14.0
// Runtime=.NET 10.0.12 (10.0.1226.42308), X64 RyuJIT AVX2
// GC=Non-concurrent Workstation
// HardwareIntrinsics=AVX2,AES,BMI1,BMI2,FMA,LZCNT,PCLMUL,POPCNT,AvxVnni,SERIALIZE VectorSize=256
// Job: Job-CXNAWN(InvocationCount=1, UnrollFactor=1)

OverheadJitting  1: 16 op, 178500.00 ns, 11.1563 us/op
WorkloadJitting  1: 16 op, 260600.00 ns, 16.2875 us/op

OverheadWarmup   1: 16 op, 300.00 ns, 18.7500 ns/op
OverheadWarmup   2: 16 op, 100.00 ns, 6.2500 ns/op
OverheadWarmup   3: 16 op, 200.00 ns, 12.5000 ns/op
OverheadWarmup   4: 16 op, 200.00 ns, 12.5000 ns/op
OverheadWarmup   5: 16 op, 200.00 ns, 12.5000 ns/op
OverheadWarmup   6: 16 op, 100.00 ns, 6.2500 ns/op

OverheadActual   1: 16 op, 100.00 ns, 6.2500 ns/op
OverheadActual   2: 16 op, 200.00 ns, 12.5000 ns/op
OverheadActual   3: 16 op, 200.00 ns, 12.5000 ns/op
OverheadActual   4: 16 op, 200.00 ns, 12.5000 ns/op
OverheadActual   5: 16 op, 200.00 ns, 12.5000 ns/op
OverheadActual   6: 16 op, 200.00 ns, 12.5000 ns/op
OverheadActual   7: 16 op, 200.00 ns, 12.5000 ns/op
OverheadActual   8: 16 op, 100.00 ns, 6.2500 ns/op
OverheadActual   9: 16 op, 100.00 ns, 6.2500 ns/op
OverheadActual  10: 16 op, 200.00 ns, 12.5000 ns/op
OverheadActual  11: 16 op, 200.00 ns, 12.5000 ns/op
OverheadActual  12: 16 op, 100.00 ns, 6.2500 ns/op
OverheadActual  13: 16 op, 200.00 ns, 12.5000 ns/op
OverheadActual  14: 16 op, 100.00 ns, 6.2500 ns/op
OverheadActual  15: 16 op, 100.00 ns, 6.2500 ns/op
OverheadActual  16: 16 op, 100.00 ns, 6.2500 ns/op
OverheadActual  17: 16 op, 100.00 ns, 6.2500 ns/op
OverheadActual  18: 16 op, 200.00 ns, 12.5000 ns/op
OverheadActual  19: 16 op, 200.00 ns, 12.5000 ns/op
OverheadActual  20: 16 op, 100.00 ns, 6.2500 ns/op

WorkloadWarmup   1: 16 op, 8700.00 ns, 543.7500 ns/op
WorkloadWarmup   2: 16 op, 7400.00 ns, 462.5000 ns/op
WorkloadWarmup   3: 16 op, 7800.00 ns, 487.5000 ns/op
WorkloadWarmup   4: 16 op, 9500.00 ns, 593.7500 ns/op
WorkloadWarmup   5: 16 op, 7700.00 ns, 481.2500 ns/op
WorkloadWarmup   6: 16 op, 7300.00 ns, 456.2500 ns/op
WorkloadWarmup   7: 16 op, 8200.00 ns, 512.5000 ns/op
WorkloadWarmup   8: 16 op, 10300.00 ns, 643.7500 ns/op
WorkloadWarmup   9: 16 op, 9400.00 ns, 587.5000 ns/op

// BeforeActualRun
WorkloadActual   1: 16 op, 7300.00 ns, 456.2500 ns/op
WorkloadActual   2: 16 op, 7900.00 ns, 493.7500 ns/op
WorkloadActual   3: 16 op, 7400.00 ns, 462.5000 ns/op
WorkloadActual   4: 16 op, 7200.00 ns, 450.0000 ns/op
WorkloadActual   5: 16 op, 7100.00 ns, 443.7500 ns/op
WorkloadActual   6: 16 op, 6900.00 ns, 431.2500 ns/op
WorkloadActual   7: 16 op, 6900.00 ns, 431.2500 ns/op
WorkloadActual   8: 16 op, 11000.00 ns, 687.5000 ns/op
WorkloadActual   9: 16 op, 7800.00 ns, 487.5000 ns/op
WorkloadActual  10: 16 op, 7200.00 ns, 450.0000 ns/op
WorkloadActual  11: 16 op, 7100.00 ns, 443.7500 ns/op
WorkloadActual  12: 16 op, 7000.00 ns, 437.5000 ns/op
WorkloadActual  13: 16 op, 7100.00 ns, 443.7500 ns/op
WorkloadActual  14: 16 op, 11400.00 ns, 712.5000 ns/op
WorkloadActual  15: 16 op, 7600.00 ns, 475.0000 ns/op
WorkloadActual  16: 16 op, 7000.00 ns, 437.5000 ns/op
WorkloadActual  17: 16 op, 6800.00 ns, 425.0000 ns/op
WorkloadActual  18: 16 op, 6900.00 ns, 431.2500 ns/op
WorkloadActual  19: 16 op, 6600.00 ns, 412.5000 ns/op
WorkloadActual  20: 16 op, 9300.00 ns, 581.2500 ns/op
WorkloadActual  21: 16 op, 10600.00 ns, 662.5000 ns/op
WorkloadActual  22: 16 op, 7700.00 ns, 481.2500 ns/op
WorkloadActual  23: 16 op, 7100.00 ns, 443.7500 ns/op
WorkloadActual  24: 16 op, 7400.00 ns, 462.5000 ns/op
WorkloadActual  25: 16 op, 6900.00 ns, 431.2500 ns/op
WorkloadActual  26: 16 op, 10700.00 ns, 668.7500 ns/op
WorkloadActual  27: 16 op, 7600.00 ns, 475.0000 ns/op
WorkloadActual  28: 16 op, 7200.00 ns, 450.0000 ns/op
WorkloadActual  29: 16 op, 6900.00 ns, 431.2500 ns/op
WorkloadActual  30: 16 op, 6900.00 ns, 431.2500 ns/op
WorkloadActual  31: 16 op, 6900.00 ns, 431.2500 ns/op
WorkloadActual  32: 16 op, 7700.00 ns, 481.2500 ns/op
WorkloadActual  33: 16 op, 7000.00 ns, 437.5000 ns/op
WorkloadActual  34: 16 op, 7200.00 ns, 450.0000 ns/op
WorkloadActual  35: 16 op, 6800.00 ns, 425.0000 ns/op
WorkloadActual  36: 16 op, 6800.00 ns, 425.0000 ns/op
WorkloadActual  37: 16 op, 6700.00 ns, 418.7500 ns/op
WorkloadActual  38: 16 op, 10800.00 ns, 675.0000 ns/op
WorkloadActual  39: 16 op, 7300.00 ns, 456.2500 ns/op
WorkloadActual  40: 16 op, 7100.00 ns, 443.7500 ns/op
WorkloadActual  41: 16 op, 7100.00 ns, 443.7500 ns/op
WorkloadActual  42: 16 op, 6800.00 ns, 425.0000 ns/op
WorkloadActual  43: 16 op, 6500.00 ns, 406.2500 ns/op
WorkloadActual  44: 16 op, 10800.00 ns, 675.0000 ns/op
WorkloadActual  45: 16 op, 7100.00 ns, 443.7500 ns/op
WorkloadActual  46: 16 op, 7300.00 ns, 456.2500 ns/op
WorkloadActual  47: 16 op, 6800.00 ns, 425.0000 ns/op
WorkloadActual  48: 16 op, 6600.00 ns, 412.5000 ns/op
WorkloadActual  49: 16 op, 6800.00 ns, 425.0000 ns/op
WorkloadActual  50: 16 op, 14200.00 ns, 887.5000 ns/op
WorkloadActual  51: 16 op, 10900.00 ns, 681.2500 ns/op
WorkloadActual  52: 16 op, 9900.00 ns, 618.7500 ns/op
WorkloadActual  53: 16 op, 7500.00 ns, 468.7500 ns/op
WorkloadActual  54: 16 op, 7200.00 ns, 450.0000 ns/op
WorkloadActual  55: 16 op, 7600.00 ns, 475.0000 ns/op
WorkloadActual  56: 16 op, 7600.00 ns, 475.0000 ns/op
WorkloadActual  57: 16 op, 7000.00 ns, 437.5000 ns/op
WorkloadActual  58: 16 op, 7200.00 ns, 450.0000 ns/op
WorkloadActual  59: 16 op, 6900.00 ns, 431.2500 ns/op
WorkloadActual  60: 16 op, 6900.00 ns, 431.2500 ns/op
WorkloadActual  61: 16 op, 7500.00 ns, 468.7500 ns/op
WorkloadActual  62: 16 op, 8100.00 ns, 506.2500 ns/op
WorkloadActual  63: 16 op, 7100.00 ns, 443.7500 ns/op
WorkloadActual  64: 16 op, 7100.00 ns, 443.7500 ns/op
WorkloadActual  65: 16 op, 7000.00 ns, 437.5000 ns/op
WorkloadActual  66: 16 op, 6900.00 ns, 431.2500 ns/op
WorkloadActual  67: 16 op, 9200.00 ns, 575.0000 ns/op
WorkloadActual  68: 16 op, 7300.00 ns, 456.2500 ns/op
WorkloadActual  69: 16 op, 7000.00 ns, 437.5000 ns/op
WorkloadActual  70: 16 op, 7000.00 ns, 437.5000 ns/op
WorkloadActual  71: 16 op, 7000.00 ns, 437.5000 ns/op
WorkloadActual  72: 16 op, 7000.00 ns, 437.5000 ns/op
WorkloadActual  73: 16 op, 9400.00 ns, 587.5000 ns/op
WorkloadActual  74: 16 op, 7100.00 ns, 443.7500 ns/op
WorkloadActual  75: 16 op, 6900.00 ns, 431.2500 ns/op

// AfterActualRun
WorkloadResult   1: 16 op, 7100.00 ns, 443.7500 ns/op
WorkloadResult   2: 16 op, 7700.00 ns, 481.2500 ns/op
WorkloadResult   3: 16 op, 7200.00 ns, 450.0000 ns/op
WorkloadResult   4: 16 op, 7000.00 ns, 437.5000 ns/op
WorkloadResult   5: 16 op, 6900.00 ns, 431.2500 ns/op
WorkloadResult   6: 16 op, 6700.00 ns, 418.7500 ns/op
WorkloadResult   7: 16 op, 6700.00 ns, 418.7500 ns/op
WorkloadResult   8: 16 op, 7600.00 ns, 475.0000 ns/op
WorkloadResult   9: 16 op, 7000.00 ns, 437.5000 ns/op
WorkloadResult  10: 16 op, 6900.00 ns, 431.2500 ns/op
WorkloadResult  11: 16 op, 6800.00 ns, 425.0000 ns/op
WorkloadResult  12: 16 op, 6900.00 ns, 431.2500 ns/op
WorkloadResult  13: 16 op, 7400.00 ns, 462.5000 ns/op
WorkloadResult  14: 16 op, 6800.00 ns, 425.0000 ns/op
WorkloadResult  15: 16 op, 6600.00 ns, 412.5000 ns/op
WorkloadResult  16: 16 op, 6700.00 ns, 418.7500 ns/op
WorkloadResult  17: 16 op, 6400.00 ns, 400.0000 ns/op
WorkloadResult  18: 16 op, 7500.00 ns, 468.7500 ns/op
WorkloadResult  19: 16 op, 6900.00 ns, 431.2500 ns/op
WorkloadResult  20: 16 op, 7200.00 ns, 450.0000 ns/op
WorkloadResult  21: 16 op, 6700.00 ns, 418.7500 ns/op
WorkloadResult  22: 16 op, 7400.00 ns, 462.5000 ns/op
WorkloadResult  23: 16 op, 7000.00 ns, 437.5000 ns/op
WorkloadResult  24: 16 op, 6700.00 ns, 418.7500 ns/op
WorkloadResult  25: 16 op, 6700.00 ns, 418.7500 ns/op
WorkloadResult  26: 16 op, 6700.00 ns, 418.7500 ns/op
WorkloadResult  27: 16 op, 7500.00 ns, 468.7500 ns/op
WorkloadResult  28: 16 op, 6800.00 ns, 425.0000 ns/op
WorkloadResult  29: 16 op, 7000.00 ns, 437.5000 ns/op
WorkloadResult  30: 16 op, 6600.00 ns, 412.5000 ns/op
WorkloadResult  31: 16 op, 6600.00 ns, 412.5000 ns/op
WorkloadResult  32: 16 op, 6500.00 ns, 406.2500 ns/op
WorkloadResult  33: 16 op, 7100.00 ns, 443.7500 ns/op
WorkloadResult  34: 16 op, 6900.00 ns, 431.2500 ns/op
WorkloadResult  35: 16 op, 6900.00 ns, 431.2500 ns/op
WorkloadResult  36: 16 op, 6600.00 ns, 412.5000 ns/op
WorkloadResult  37: 16 op, 6300.00 ns, 393.7500 ns/op
WorkloadResult  38: 16 op, 6900.00 ns, 431.2500 ns/op
WorkloadResult  39: 16 op, 7100.00 ns, 443.7500 ns/op
WorkloadResult  40: 16 op, 6600.00 ns, 412.5000 ns/op
WorkloadResult  41: 16 op, 6400.00 ns, 400.0000 ns/op
WorkloadResult  42: 16 op, 6600.00 ns, 412.5000 ns/op
WorkloadResult  43: 16 op, 7300.00 ns, 456.2500 ns/op
WorkloadResult  44: 16 op, 7000.00 ns, 437.5000 ns/op
WorkloadResult  45: 16 op, 7400.00 ns, 462.5000 ns/op
WorkloadResult  46: 16 op, 7400.00 ns, 462.5000 ns/op
WorkloadResult  47: 16 op, 6800.00 ns, 425.0000 ns/op
WorkloadResult  48: 16 op, 7000.00 ns, 437.5000 ns/op
WorkloadResult  49: 16 op, 6700.00 ns, 418.7500 ns/op
WorkloadResult  50: 16 op, 6700.00 ns, 418.7500 ns/op
WorkloadResult  51: 16 op, 7300.00 ns, 456.2500 ns/op
WorkloadResult  52: 16 op, 7900.00 ns, 493.7500 ns/op
WorkloadResult  53: 16 op, 6900.00 ns, 431.2500 ns/op
WorkloadResult  54: 16 op, 6900.00 ns, 431.2500 ns/op
WorkloadResult  55: 16 op, 6800.00 ns, 425.0000 ns/op
WorkloadResult  56: 16 op, 6700.00 ns, 418.7500 ns/op
WorkloadResult  57: 16 op, 7100.00 ns, 443.7500 ns/op
WorkloadResult  58: 16 op, 6800.00 ns, 425.0000 ns/op
WorkloadResult  59: 16 op, 6800.00 ns, 425.0000 ns/op
WorkloadResult  60: 16 op, 6800.00 ns, 425.0000 ns/op
WorkloadResult  61: 16 op, 6800.00 ns, 425.0000 ns/op
WorkloadResult  62: 16 op, 6900.00 ns, 431.2500 ns/op
WorkloadResult  63: 16 op, 6700.00 ns, 418.7500 ns/op
// GC:  0 0 0 49600 16
// Threading:  0 0 16

// AfterAll
// Benchmark Process 22368 has exited with code 0.

Mean = 432.837 ns, StdErr = 2.573 ns (0.59%), N = 63, StdDev = 20.422 ns
Min = 393.750 ns, Q1 = 418.750 ns, Median = 431.250 ns, Q3 = 443.750 ns, Max = 493.750 ns
IQR = 25.000 ns, LowerFence = 381.250 ns, UpperFence = 481.250 ns
ConfidenceInterval = [423.949 ns; 441.725 ns] (CI 99.9%), Margin = 8.888 ns (2.05% of Mean)
Skewness = 0.78, Kurtosis = 3.32, MValue = 2

// ** Remained 14 (93,3%) benchmark(s) to run. Estimated finish 2026-09-11 16:14 (0h 0m from now) **
Setup power plan (GUID: 8c5e7fda-e8bf-4a96-9a85-a6e23a8c635c FriendlyName: High performance)
// **************************
// Benchmark: HierarchyBenchmarks.Move: Job-IHQVRN(InvocationCount=1, UnrollFactor=1) [NodeCount=100]
// *** Execute ***
// Launch: 1 / 1
// Execute: dotnet 0dd2092b-0a91-44cc-aa82-d11618bf258f.dll --anonymousPipes 1636 2020 --benchmarkName "HierarchyBenchmarks.Move(NodeCount: 100)" --job "InvocationCount=1, UnrollFactor=1" --benchmarkId 1 in D:\HierarchyKit\benchmarks\HierarchyKit.Benchmarks\bin\Release\net10.0\0dd2092b-0a91-44cc-aa82-d11618bf258f\bin\Release\net10.0
// BeforeAnythingElse

// Benchmark Process Environment Information:
// BenchmarkDotNet v0.14.0
// Runtime=.NET 10.0.12 (10.0.1226.42308), X64 RyuJIT AVX2
// GC=Non-concurrent Workstation
// HardwareIntrinsics=AVX2,AES,BMI1,BMI2,FMA,LZCNT,PCLMUL,POPCNT,AvxVnni,SERIALIZE VectorSize=256
// Job: Job-SMZYDQ(InvocationCount=1, UnrollFactor=1)

OverheadJitting  1: 16 op, 374800.00 ns, 23.4250 us/op
WorkloadJitting  1: 16 op, 687700.00 ns, 42.9813 us/op

OverheadWarmup   1: 16 op, 300.00 ns, 18.7500 ns/op
OverheadWarmup   2: 16 op, 100.00 ns, 6.2500 ns/op
OverheadWarmup   3: 16 op, 0.00 ns, 0.0000 ns/op
OverheadWarmup   4: 16 op, 200.00 ns, 12.5000 ns/op
OverheadWarmup   5: 16 op, 200.00 ns, 12.5000 ns/op
OverheadWarmup   6: 16 op, 100.00 ns, 6.2500 ns/op
OverheadWarmup   7: 16 op, 200.00 ns, 12.5000 ns/op

OverheadActual   1: 16 op, 100.00 ns, 6.2500 ns/op
OverheadActual   2: 16 op, 100.00 ns, 6.2500 ns/op
OverheadActual   3: 16 op, 300.00 ns, 18.7500 ns/op
OverheadActual   4: 16 op, 100.00 ns, 6.2500 ns/op
OverheadActual   5: 16 op, 200.00 ns, 12.5000 ns/op
OverheadActual   6: 16 op, 300.00 ns, 18.7500 ns/op
OverheadActual   7: 16 op, 100.00 ns, 6.2500 ns/op
OverheadActual   8: 16 op, 100.00 ns, 6.2500 ns/op
OverheadActual   9: 16 op, 100.00 ns, 6.2500 ns/op
OverheadActual  10: 16 op, 100.00 ns, 6.2500 ns/op
OverheadActual  11: 16 op, 0.00 ns, 0.0000 ns/op
OverheadActual  12: 16 op, 100.00 ns, 6.2500 ns/op
OverheadActual  13: 16 op, 100.00 ns, 6.2500 ns/op
OverheadActual  14: 16 op, 100.00 ns, 6.2500 ns/op
OverheadActual  15: 16 op, 100.00 ns, 6.2500 ns/op
OverheadActual  16: 16 op, 100.00 ns, 6.2500 ns/op
OverheadActual  17: 16 op, 200.00 ns, 12.5000 ns/op
OverheadActual  18: 16 op, 200.00 ns, 12.5000 ns/op
OverheadActual  19: 16 op, 200.00 ns, 12.5000 ns/op
OverheadActual  20: 16 op, 200.00 ns, 12.5000 ns/op

WorkloadWarmup   1: 16 op, 25600.00 ns, 1.6000 us/op
WorkloadWarmup   2: 16 op, 25300.00 ns, 1.5813 us/op
WorkloadWarmup   3: 16 op, 25700.00 ns, 1.6063 us/op
WorkloadWarmup   4: 16 op, 25000.00 ns, 1.5625 us/op
WorkloadWarmup   5: 16 op, 28700.00 ns, 1.7938 us/op
WorkloadWarmup   6: 16 op, 30600.00 ns, 1.9125 us/op
WorkloadWarmup   7: 16 op, 31400.00 ns, 1.9625 us/op
WorkloadWarmup   8: 16 op, 32000.00 ns, 2.0000 us/op
WorkloadWarmup   9: 16 op, 32600.00 ns, 2.0375 us/op
WorkloadWarmup  10: 16 op, 29400.00 ns, 1.8375 us/op

// BeforeActualRun
WorkloadActual   1: 16 op, 30400.00 ns, 1.9000 us/op
WorkloadActual   2: 16 op, 28600.00 ns, 1.7875 us/op
WorkloadActual   3: 16 op, 28000.00 ns, 1.7500 us/op
WorkloadActual   4: 16 op, 27600.00 ns, 1.7250 us/op
WorkloadActual   5: 16 op, 26600.00 ns, 1.6625 us/op
WorkloadActual   6: 16 op, 26300.00 ns, 1.6438 us/op
WorkloadActual   7: 16 op, 26600.00 ns, 1.6625 us/op
WorkloadActual   8: 16 op, 26300.00 ns, 1.6438 us/op
WorkloadActual   9: 16 op, 26600.00 ns, 1.6625 us/op
WorkloadActual  10: 16 op, 27600.00 ns, 1.7250 us/op
WorkloadActual  11: 16 op, 25100.00 ns, 1.5688 us/op
WorkloadActual  12: 16 op, 26400.00 ns, 1.6500 us/op
WorkloadActual  13: 16 op, 25600.00 ns, 1.6000 us/op
WorkloadActual  14: 16 op, 24800.00 ns, 1.5500 us/op
WorkloadActual  15: 16 op, 24000.00 ns, 1.5000 us/op
WorkloadActual  16: 16 op, 25000.00 ns, 1.5625 us/op
WorkloadActual  17: 16 op, 24200.00 ns, 1.5125 us/op
WorkloadActual  18: 16 op, 25300.00 ns, 1.5813 us/op
WorkloadActual  19: 16 op, 28600.00 ns, 1.7875 us/op
WorkloadActual  20: 16 op, 26100.00 ns, 1.6313 us/op
WorkloadActual  21: 16 op, 24700.00 ns, 1.5438 us/op
WorkloadActual  22: 16 op, 24500.00 ns, 1.5313 us/op
WorkloadActual  23: 16 op, 23900.00 ns, 1.4938 us/op
WorkloadActual  24: 16 op, 24500.00 ns, 1.5313 us/op
WorkloadActual  25: 16 op, 25100.00 ns, 1.5688 us/op
WorkloadActual  26: 16 op, 28300.00 ns, 1.7688 us/op
WorkloadActual  27: 16 op, 24600.00 ns, 1.5375 us/op
WorkloadActual  28: 16 op, 24600.00 ns, 1.5375 us/op
WorkloadActual  29: 16 op, 24300.00 ns, 1.5188 us/op
WorkloadActual  30: 16 op, 25100.00 ns, 1.5688 us/op
WorkloadActual  31: 16 op, 27100.00 ns, 1.6938 us/op
WorkloadActual  32: 16 op, 27500.00 ns, 1.7188 us/op
WorkloadActual  33: 16 op, 24100.00 ns, 1.5063 us/op
WorkloadActual  34: 16 op, 24200.00 ns, 1.5125 us/op
WorkloadActual  35: 16 op, 23300.00 ns, 1.4563 us/op
WorkloadActual  36: 16 op, 23400.00 ns, 1.4625 us/op
WorkloadActual  37: 16 op, 29100.00 ns, 1.8188 us/op
WorkloadActual  38: 16 op, 26000.00 ns, 1.6250 us/op
WorkloadActual  39: 16 op, 24400.00 ns, 1.5250 us/op
WorkloadActual  40: 16 op, 23500.00 ns, 1.4688 us/op
WorkloadActual  41: 16 op, 23600.00 ns, 1.4750 us/op
WorkloadActual  42: 16 op, 23000.00 ns, 1.4375 us/op
WorkloadActual  43: 16 op, 28000.00 ns, 1.7500 us/op
WorkloadActual  44: 16 op, 25600.00 ns, 1.6000 us/op
WorkloadActual  45: 16 op, 23600.00 ns, 1.4750 us/op
WorkloadActual  46: 16 op, 23900.00 ns, 1.4938 us/op
WorkloadActual  47: 16 op, 24300.00 ns, 1.5188 us/op
WorkloadActual  48: 16 op, 24200.00 ns, 1.5125 us/op
WorkloadActual  49: 16 op, 51900.00 ns, 3.2438 us/op
WorkloadActual  50: 16 op, 24400.00 ns, 1.5250 us/op
WorkloadActual  51: 16 op, 24800.00 ns, 1.5500 us/op
WorkloadActual  52: 16 op, 23300.00 ns, 1.4563 us/op
WorkloadActual  53: 16 op, 23200.00 ns, 1.4500 us/op
WorkloadActual  54: 16 op, 23200.00 ns, 1.4500 us/op
WorkloadActual  55: 16 op, 26700.00 ns, 1.6688 us/op
WorkloadActual  56: 16 op, 24200.00 ns, 1.5125 us/op
WorkloadActual  57: 16 op, 23500.00 ns, 1.4688 us/op
WorkloadActual  58: 16 op, 24700.00 ns, 1.5438 us/op
WorkloadActual  59: 16 op, 23300.00 ns, 1.4563 us/op
WorkloadActual  60: 16 op, 24000.00 ns, 1.5000 us/op
WorkloadActual  61: 16 op, 25700.00 ns, 1.6063 us/op
WorkloadActual  62: 16 op, 23600.00 ns, 1.4750 us/op
WorkloadActual  63: 16 op, 23600.00 ns, 1.4750 us/op
WorkloadActual  64: 16 op, 24200.00 ns, 1.5125 us/op
WorkloadActual  65: 16 op, 23300.00 ns, 1.4563 us/op
WorkloadActual  66: 16 op, 23300.00 ns, 1.4563 us/op
WorkloadActual  67: 16 op, 28200.00 ns, 1.7625 us/op
WorkloadActual  68: 16 op, 24900.00 ns, 1.5563 us/op
WorkloadActual  69: 16 op, 24700.00 ns, 1.5438 us/op
WorkloadActual  70: 16 op, 23300.00 ns, 1.4563 us/op
WorkloadActual  71: 16 op, 23700.00 ns, 1.4813 us/op
WorkloadActual  72: 16 op, 23700.00 ns, 1.4813 us/op
WorkloadActual  73: 16 op, 53200.00 ns, 3.3250 us/op
WorkloadActual  74: 16 op, 25900.00 ns, 1.6188 us/op
WorkloadActual  75: 16 op, 23300.00 ns, 1.4563 us/op
WorkloadActual  76: 16 op, 23100.00 ns, 1.4438 us/op
WorkloadActual  77: 16 op, 24300.00 ns, 1.5188 us/op
WorkloadActual  78: 16 op, 26900.00 ns, 1.6813 us/op
WorkloadActual  79: 16 op, 24100.00 ns, 1.5063 us/op
WorkloadActual  80: 16 op, 23200.00 ns, 1.4500 us/op
WorkloadActual  81: 16 op, 22600.00 ns, 1.4125 us/op
WorkloadActual  82: 16 op, 65300.00 ns, 4.0813 us/op
WorkloadActual  83: 16 op, 23100.00 ns, 1.4438 us/op
WorkloadActual  84: 16 op, 25100.00 ns, 1.5688 us/op
WorkloadActual  85: 16 op, 28000.00 ns, 1.7500 us/op
WorkloadActual  86: 16 op, 23800.00 ns, 1.4875 us/op
WorkloadActual  87: 16 op, 22800.00 ns, 1.4250 us/op
WorkloadActual  88: 16 op, 23400.00 ns, 1.4625 us/op
WorkloadActual  89: 16 op, 23100.00 ns, 1.4438 us/op
WorkloadActual  90: 16 op, 27800.00 ns, 1.7375 us/op
WorkloadActual  91: 16 op, 23900.00 ns, 1.4938 us/op
WorkloadActual  92: 16 op, 24300.00 ns, 1.5188 us/op
WorkloadActual  93: 16 op, 22500.00 ns, 1.4063 us/op
WorkloadActual  94: 16 op, 22600.00 ns, 1.4125 us/op
WorkloadActual  95: 16 op, 22800.00 ns, 1.4250 us/op
WorkloadActual  96: 16 op, 28400.00 ns, 1.7750 us/op
WorkloadActual  97: 16 op, 31300.00 ns, 1.9563 us/op
WorkloadActual  98: 16 op, 28800.00 ns, 1.8000 us/op
WorkloadActual  99: 16 op, 22600.00 ns, 1.4125 us/op
WorkloadActual  100: 16 op, 23100.00 ns, 1.4438 us/op

// AfterActualRun
WorkloadResult   1: 16 op, 30300.00 ns, 1.8938 us/op
WorkloadResult   2: 16 op, 28500.00 ns, 1.7813 us/op
WorkloadResult   3: 16 op, 27900.00 ns, 1.7438 us/op
WorkloadResult   4: 16 op, 27500.00 ns, 1.7188 us/op
WorkloadResult   5: 16 op, 26500.00 ns, 1.6563 us/op
WorkloadResult   6: 16 op, 26200.00 ns, 1.6375 us/op
WorkloadResult   7: 16 op, 26500.00 ns, 1.6563 us/op
WorkloadResult   8: 16 op, 26200.00 ns, 1.6375 us/op
WorkloadResult   9: 16 op, 26500.00 ns, 1.6563 us/op
WorkloadResult  10: 16 op, 27500.00 ns, 1.7188 us/op
WorkloadResult  11: 16 op, 25000.00 ns, 1.5625 us/op
WorkloadResult  12: 16 op, 26300.00 ns, 1.6438 us/op
WorkloadResult  13: 16 op, 25500.00 ns, 1.5938 us/op
WorkloadResult  14: 16 op, 24700.00 ns, 1.5438 us/op
WorkloadResult  15: 16 op, 23900.00 ns, 1.4938 us/op
WorkloadResult  16: 16 op, 24900.00 ns, 1.5563 us/op
WorkloadResult  17: 16 op, 24100.00 ns, 1.5063 us/op
WorkloadResult  18: 16 op, 25200.00 ns, 1.5750 us/op
WorkloadResult  19: 16 op, 28500.00 ns, 1.7813 us/op
WorkloadResult  20: 16 op, 26000.00 ns, 1.6250 us/op
WorkloadResult  21: 16 op, 24600.00 ns, 1.5375 us/op
WorkloadResult  22: 16 op, 24400.00 ns, 1.5250 us/op
WorkloadResult  23: 16 op, 23800.00 ns, 1.4875 us/op
WorkloadResult  24: 16 op, 24400.00 ns, 1.5250 us/op
WorkloadResult  25: 16 op, 25000.00 ns, 1.5625 us/op
WorkloadResult  26: 16 op, 28200.00 ns, 1.7625 us/op
WorkloadResult  27: 16 op, 24500.00 ns, 1.5313 us/op
WorkloadResult  28: 16 op, 24500.00 ns, 1.5313 us/op
WorkloadResult  29: 16 op, 24200.00 ns, 1.5125 us/op
WorkloadResult  30: 16 op, 25000.00 ns, 1.5625 us/op
WorkloadResult  31: 16 op, 27000.00 ns, 1.6875 us/op
WorkloadResult  32: 16 op, 27400.00 ns, 1.7125 us/op
WorkloadResult  33: 16 op, 24000.00 ns, 1.5000 us/op
WorkloadResult  34: 16 op, 24100.00 ns, 1.5063 us/op
WorkloadResult  35: 16 op, 23200.00 ns, 1.4500 us/op
WorkloadResult  36: 16 op, 23300.00 ns, 1.4563 us/op
WorkloadResult  37: 16 op, 29000.00 ns, 1.8125 us/op
WorkloadResult  38: 16 op, 25900.00 ns, 1.6188 us/op
WorkloadResult  39: 16 op, 24300.00 ns, 1.5188 us/op
WorkloadResult  40: 16 op, 23400.00 ns, 1.4625 us/op
WorkloadResult  41: 16 op, 23500.00 ns, 1.4688 us/op
WorkloadResult  42: 16 op, 22900.00 ns, 1.4313 us/op
WorkloadResult  43: 16 op, 27900.00 ns, 1.7438 us/op
WorkloadResult  44: 16 op, 25500.00 ns, 1.5938 us/op
WorkloadResult  45: 16 op, 23500.00 ns, 1.4688 us/op
WorkloadResult  46: 16 op, 23800.00 ns, 1.4875 us/op
WorkloadResult  47: 16 op, 24200.00 ns, 1.5125 us/op
WorkloadResult  48: 16 op, 24100.00 ns, 1.5063 us/op
WorkloadResult  49: 16 op, 24300.00 ns, 1.5188 us/op
WorkloadResult  50: 16 op, 24700.00 ns, 1.5438 us/op
WorkloadResult  51: 16 op, 23200.00 ns, 1.4500 us/op
WorkloadResult  52: 16 op, 23100.00 ns, 1.4438 us/op
WorkloadResult  53: 16 op, 23100.00 ns, 1.4438 us/op
WorkloadResult  54: 16 op, 26600.00 ns, 1.6625 us/op
WorkloadResult  55: 16 op, 24100.00 ns, 1.5063 us/op
WorkloadResult  56: 16 op, 23400.00 ns, 1.4625 us/op
WorkloadResult  57: 16 op, 24600.00 ns, 1.5375 us/op
WorkloadResult  58: 16 op, 23200.00 ns, 1.4500 us/op
WorkloadResult  59: 16 op, 23900.00 ns, 1.4938 us/op
WorkloadResult  60: 16 op, 25600.00 ns, 1.6000 us/op
WorkloadResult  61: 16 op, 23500.00 ns, 1.4688 us/op
WorkloadResult  62: 16 op, 23500.00 ns, 1.4688 us/op
WorkloadResult  63: 16 op, 24100.00 ns, 1.5063 us/op
WorkloadResult  64: 16 op, 23200.00 ns, 1.4500 us/op
WorkloadResult  65: 16 op, 23200.00 ns, 1.4500 us/op
WorkloadResult  66: 16 op, 28100.00 ns, 1.7563 us/op
WorkloadResult  67: 16 op, 24800.00 ns, 1.5500 us/op
WorkloadResult  68: 16 op, 24600.00 ns, 1.5375 us/op
WorkloadResult  69: 16 op, 23200.00 ns, 1.4500 us/op
WorkloadResult  70: 16 op, 23600.00 ns, 1.4750 us/op
WorkloadResult  71: 16 op, 23600.00 ns, 1.4750 us/op
WorkloadResult  72: 16 op, 25800.00 ns, 1.6125 us/op
WorkloadResult  73: 16 op, 23200.00 ns, 1.4500 us/op
WorkloadResult  74: 16 op, 23000.00 ns, 1.4375 us/op
WorkloadResult  75: 16 op, 24200.00 ns, 1.5125 us/op
WorkloadResult  76: 16 op, 26800.00 ns, 1.6750 us/op
WorkloadResult  77: 16 op, 24000.00 ns, 1.5000 us/op
WorkloadResult  78: 16 op, 23100.00 ns, 1.4438 us/op
WorkloadResult  79: 16 op, 22500.00 ns, 1.4063 us/op
WorkloadResult  80: 16 op, 23000.00 ns, 1.4375 us/op
WorkloadResult  81: 16 op, 25000.00 ns, 1.5625 us/op
WorkloadResult  82: 16 op, 27900.00 ns, 1.7438 us/op
WorkloadResult  83: 16 op, 23700.00 ns, 1.4813 us/op
WorkloadResult  84: 16 op, 22700.00 ns, 1.4188 us/op
WorkloadResult  85: 16 op, 23300.00 ns, 1.4563 us/op
WorkloadResult  86: 16 op, 23000.00 ns, 1.4375 us/op
WorkloadResult  87: 16 op, 27700.00 ns, 1.7313 us/op
WorkloadResult  88: 16 op, 23800.00 ns, 1.4875 us/op
WorkloadResult  89: 16 op, 24200.00 ns, 1.5125 us/op
WorkloadResult  90: 16 op, 22400.00 ns, 1.4000 us/op
WorkloadResult  91: 16 op, 22500.00 ns, 1.4063 us/op
WorkloadResult  92: 16 op, 22700.00 ns, 1.4188 us/op
WorkloadResult  93: 16 op, 28300.00 ns, 1.7688 us/op
WorkloadResult  94: 16 op, 28700.00 ns, 1.7938 us/op
WorkloadResult  95: 16 op, 22500.00 ns, 1.4063 us/op
WorkloadResult  96: 16 op, 23000.00 ns, 1.4375 us/op
// GC:  0 0 0 49264 16
// Threading:  0 0 16

// AfterAll
// Benchmark Process 17436 has exited with code 0.

Mean = 1.553 μs, StdErr = 0.012 μs (0.75%), N = 96, StdDev = 0.115 μs
Min = 1.400 μs, Q1 = 1.462 μs, Median = 1.516 μs, Q3 = 1.628 μs, Max = 1.894 μs
IQR = 0.166 μs, LowerFence = 1.214 μs, UpperFence = 1.877 μs
ConfidenceInterval = [1.513 μs; 1.593 μs] (CI 99.9%), Margin = 0.040 μs (2.56% of Mean)
Skewness = 0.88, Kurtosis = 2.8, MValue = 2.41

// ** Remained 13 (86,7%) benchmark(s) to run. Estimated finish 2026-09-11 16:14 (0h 0m from now) **
Setup power plan (GUID: 8c5e7fda-e8bf-4a96-9a85-a6e23a8c635c FriendlyName: High performance)
// **************************
// Benchmark: HierarchyBenchmarks.Remove: Job-IHQVRN(InvocationCount=1, UnrollFactor=1) [NodeCount=100]
// *** Execute ***
// Launch: 1 / 1
// Execute: dotnet 0dd2092b-0a91-44cc-aa82-d11618bf258f.dll --anonymousPipes 2172 2100 --benchmarkName "HierarchyBenchmarks.Remove(NodeCount: 100)" --job "InvocationCount=1, UnrollFactor=1" --benchmarkId 2 in D:\HierarchyKit\benchmarks\HierarchyKit.Benchmarks\bin\Release\net10.0\0dd2092b-0a91-44cc-aa82-d11618bf258f\bin\Release\net10.0
// BeforeAnythingElse

// Benchmark Process Environment Information:
// BenchmarkDotNet v0.14.0
// Runtime=.NET 10.0.12 (10.0.1226.42308), X64 RyuJIT AVX2
// GC=Non-concurrent Workstation
// HardwareIntrinsics=AVX2,AES,BMI1,BMI2,FMA,LZCNT,PCLMUL,POPCNT,AvxVnni,SERIALIZE VectorSize=256
// Job: Job-KSPZXU(InvocationCount=1, UnrollFactor=1)

OverheadJitting  1: 16 op, 178600.00 ns, 11.1625 us/op
WorkloadJitting  1: 16 op, 1421600.00 ns, 88.8500 us/op

OverheadWarmup   1: 16 op, 200.00 ns, 12.5000 ns/op
OverheadWarmup   2: 16 op, 0.00 ns, 0.0000 ns/op
OverheadWarmup   3: 16 op, 100.00 ns, 6.2500 ns/op
OverheadWarmup   4: 16 op, 100.00 ns, 6.2500 ns/op
OverheadWarmup   5: 16 op, 100.00 ns, 6.2500 ns/op
OverheadWarmup   6: 16 op, 100.00 ns, 6.2500 ns/op

OverheadActual   1: 16 op, 200.00 ns, 12.5000 ns/op
OverheadActual   2: 16 op, 100.00 ns, 6.2500 ns/op
OverheadActual   3: 16 op, 200.00 ns, 12.5000 ns/op
OverheadActual   4: 16 op, 100.00 ns, 6.2500 ns/op
OverheadActual   5: 16 op, 100.00 ns, 6.2500 ns/op
OverheadActual   6: 16 op, 0.00 ns, 0.0000 ns/op
OverheadActual   7: 16 op, 0.00 ns, 0.0000 ns/op
OverheadActual   8: 16 op, 100.00 ns, 6.2500 ns/op
OverheadActual   9: 16 op, 100.00 ns, 6.2500 ns/op
OverheadActual  10: 16 op, 100.00 ns, 6.2500 ns/op
OverheadActual  11: 16 op, 100.00 ns, 6.2500 ns/op
OverheadActual  12: 16 op, 100.00 ns, 6.2500 ns/op
OverheadActual  13: 16 op, 100.00 ns, 6.2500 ns/op
OverheadActual  14: 16 op, 100.00 ns, 6.2500 ns/op
OverheadActual  15: 16 op, 0.00 ns, 0.0000 ns/op
OverheadActual  16: 16 op, 100.00 ns, 6.2500 ns/op
OverheadActual  17: 16 op, 100.00 ns, 6.2500 ns/op
OverheadActual  18: 16 op, 200.00 ns, 12.5000 ns/op
OverheadActual  19: 16 op, 100.00 ns, 6.2500 ns/op
OverheadActual  20: 16 op, 0.00 ns, 0.0000 ns/op

WorkloadWarmup   1: 16 op, 26500.00 ns, 1.6563 us/op
WorkloadWarmup   2: 16 op, 28000.00 ns, 1.7500 us/op
WorkloadWarmup   3: 16 op, 26500.00 ns, 1.6563 us/op
WorkloadWarmup   4: 16 op, 25800.00 ns, 1.6125 us/op
WorkloadWarmup   5: 16 op, 30300.00 ns, 1.8938 us/op
WorkloadWarmup   6: 16 op, 30100.00 ns, 1.8813 us/op

// BeforeActualRun
WorkloadActual   1: 16 op, 34400.00 ns, 2.1500 us/op
WorkloadActual   2: 16 op, 30700.00 ns, 1.9188 us/op
WorkloadActual   3: 16 op, 31700.00 ns, 1.9813 us/op
WorkloadActual   4: 16 op, 30000.00 ns, 1.8750 us/op
WorkloadActual   5: 16 op, 27100.00 ns, 1.6938 us/op
WorkloadActual   6: 16 op, 28800.00 ns, 1.8000 us/op
WorkloadActual   7: 16 op, 27500.00 ns, 1.7188 us/op
WorkloadActual   8: 16 op, 26300.00 ns, 1.6438 us/op
WorkloadActual   9: 16 op, 26400.00 ns, 1.6500 us/op
WorkloadActual  10: 16 op, 25900.00 ns, 1.6188 us/op
WorkloadActual  11: 16 op, 28400.00 ns, 1.7750 us/op
WorkloadActual  12: 16 op, 26500.00 ns, 1.6563 us/op
WorkloadActual  13: 16 op, 25900.00 ns, 1.6188 us/op
WorkloadActual  14: 16 op, 27600.00 ns, 1.7250 us/op
WorkloadActual  15: 16 op, 25300.00 ns, 1.5813 us/op
WorkloadActual  16: 16 op, 25300.00 ns, 1.5813 us/op
WorkloadActual  17: 16 op, 29300.00 ns, 1.8313 us/op
WorkloadActual  18: 16 op, 28300.00 ns, 1.7688 us/op
WorkloadActual  19: 16 op, 25400.00 ns, 1.5875 us/op
WorkloadActual  20: 16 op, 25200.00 ns, 1.5750 us/op
WorkloadActual  21: 16 op, 25300.00 ns, 1.5813 us/op
WorkloadActual  22: 16 op, 24800.00 ns, 1.5500 us/op
WorkloadActual  23: 16 op, 24400.00 ns, 1.5250 us/op
WorkloadActual  24: 16 op, 27400.00 ns, 1.7125 us/op
WorkloadActual  25: 16 op, 25100.00 ns, 1.5688 us/op
WorkloadActual  26: 16 op, 30200.00 ns, 1.8875 us/op
WorkloadActual  27: 16 op, 25200.00 ns, 1.5750 us/op
WorkloadActual  28: 16 op, 29800.00 ns, 1.8625 us/op
WorkloadActual  29: 16 op, 30400.00 ns, 1.9000 us/op
WorkloadActual  30: 16 op, 28800.00 ns, 1.8000 us/op
WorkloadActual  31: 16 op, 25100.00 ns, 1.5688 us/op
WorkloadActual  32: 16 op, 24800.00 ns, 1.5500 us/op
WorkloadActual  33: 16 op, 24700.00 ns, 1.5438 us/op
WorkloadActual  34: 16 op, 24700.00 ns, 1.5438 us/op
WorkloadActual  35: 16 op, 28700.00 ns, 1.7938 us/op
WorkloadActual  36: 16 op, 33400.00 ns, 2.0875 us/op
WorkloadActual  37: 16 op, 24200.00 ns, 1.5125 us/op
WorkloadActual  38: 16 op, 23300.00 ns, 1.4563 us/op
WorkloadActual  39: 16 op, 23900.00 ns, 1.4938 us/op
WorkloadActual  40: 16 op, 23500.00 ns, 1.4688 us/op
WorkloadActual  41: 16 op, 27700.00 ns, 1.7313 us/op
WorkloadActual  42: 16 op, 26700.00 ns, 1.6688 us/op
WorkloadActual  43: 16 op, 25000.00 ns, 1.5625 us/op
WorkloadActual  44: 16 op, 24100.00 ns, 1.5063 us/op
WorkloadActual  45: 16 op, 23700.00 ns, 1.4813 us/op
WorkloadActual  46: 16 op, 23600.00 ns, 1.4750 us/op
WorkloadActual  47: 16 op, 28500.00 ns, 1.7813 us/op
WorkloadActual  48: 16 op, 25600.00 ns, 1.6000 us/op
WorkloadActual  49: 16 op, 24800.00 ns, 1.5500 us/op
WorkloadActual  50: 16 op, 23500.00 ns, 1.4688 us/op
WorkloadActual  51: 16 op, 24100.00 ns, 1.5063 us/op
WorkloadActual  52: 16 op, 23600.00 ns, 1.4750 us/op
WorkloadActual  53: 16 op, 23900.00 ns, 1.4938 us/op
WorkloadActual  54: 16 op, 27800.00 ns, 1.7375 us/op
WorkloadActual  55: 16 op, 25300.00 ns, 1.5813 us/op
WorkloadActual  56: 16 op, 32100.00 ns, 2.0063 us/op
WorkloadActual  57: 16 op, 23200.00 ns, 1.4500 us/op
WorkloadActual  58: 16 op, 24000.00 ns, 1.5000 us/op
WorkloadActual  59: 16 op, 24800.00 ns, 1.5500 us/op
WorkloadActual  60: 16 op, 74100.00 ns, 4.6313 us/op
WorkloadActual  61: 16 op, 23700.00 ns, 1.4813 us/op
WorkloadActual  62: 16 op, 23600.00 ns, 1.4750 us/op
WorkloadActual  63: 16 op, 23400.00 ns, 1.4625 us/op
WorkloadActual  64: 16 op, 23600.00 ns, 1.4750 us/op
WorkloadActual  65: 16 op, 30500.00 ns, 1.9063 us/op
WorkloadActual  66: 16 op, 27500.00 ns, 1.7188 us/op
WorkloadActual  67: 16 op, 24200.00 ns, 1.5125 us/op
WorkloadActual  68: 16 op, 23500.00 ns, 1.4688 us/op
WorkloadActual  69: 16 op, 23000.00 ns, 1.4375 us/op
WorkloadActual  70: 16 op, 24500.00 ns, 1.5313 us/op
WorkloadActual  71: 16 op, 28300.00 ns, 1.7688 us/op
WorkloadActual  72: 16 op, 56100.00 ns, 3.5063 us/op
WorkloadActual  73: 16 op, 25400.00 ns, 1.5875 us/op
WorkloadActual  74: 16 op, 23300.00 ns, 1.4563 us/op
WorkloadActual  75: 16 op, 25000.00 ns, 1.5625 us/op
WorkloadActual  76: 16 op, 24100.00 ns, 1.5063 us/op
WorkloadActual  77: 16 op, 24500.00 ns, 1.5313 us/op
WorkloadActual  78: 16 op, 110300.00 ns, 6.8938 us/op
WorkloadActual  79: 16 op, 25200.00 ns, 1.5750 us/op
WorkloadActual  80: 16 op, 23800.00 ns, 1.4875 us/op
WorkloadActual  81: 16 op, 23100.00 ns, 1.4438 us/op
WorkloadActual  82: 16 op, 23200.00 ns, 1.4500 us/op
WorkloadActual  83: 16 op, 25400.00 ns, 1.5875 us/op
WorkloadActual  84: 16 op, 26200.00 ns, 1.6375 us/op
WorkloadActual  85: 16 op, 24500.00 ns, 1.5313 us/op
WorkloadActual  86: 16 op, 23200.00 ns, 1.4500 us/op
WorkloadActual  87: 16 op, 23400.00 ns, 1.4625 us/op
WorkloadActual  88: 16 op, 25100.00 ns, 1.5688 us/op
WorkloadActual  89: 16 op, 27200.00 ns, 1.7000 us/op
WorkloadActual  90: 16 op, 24400.00 ns, 1.5250 us/op
WorkloadActual  91: 16 op, 24000.00 ns, 1.5000 us/op
WorkloadActual  92: 16 op, 22700.00 ns, 1.4188 us/op
WorkloadActual  93: 16 op, 24000.00 ns, 1.5000 us/op
WorkloadActual  94: 16 op, 26100.00 ns, 1.6313 us/op
WorkloadActual  95: 16 op, 25000.00 ns, 1.5625 us/op
WorkloadActual  96: 16 op, 23200.00 ns, 1.4500 us/op
WorkloadActual  97: 16 op, 25900.00 ns, 1.6188 us/op
WorkloadActual  98: 16 op, 23200.00 ns, 1.4500 us/op
WorkloadActual  99: 16 op, 23400.00 ns, 1.4625 us/op
WorkloadActual  100: 16 op, 28300.00 ns, 1.7688 us/op

// AfterActualRun
WorkloadResult   1: 16 op, 30600.00 ns, 1.9125 us/op
WorkloadResult   2: 16 op, 31600.00 ns, 1.9750 us/op
WorkloadResult   3: 16 op, 29900.00 ns, 1.8688 us/op
WorkloadResult   4: 16 op, 27000.00 ns, 1.6875 us/op
WorkloadResult   5: 16 op, 28700.00 ns, 1.7938 us/op
WorkloadResult   6: 16 op, 27400.00 ns, 1.7125 us/op
WorkloadResult   7: 16 op, 26200.00 ns, 1.6375 us/op
WorkloadResult   8: 16 op, 26300.00 ns, 1.6438 us/op
WorkloadResult   9: 16 op, 25800.00 ns, 1.6125 us/op
WorkloadResult  10: 16 op, 28300.00 ns, 1.7688 us/op
WorkloadResult  11: 16 op, 26400.00 ns, 1.6500 us/op
WorkloadResult  12: 16 op, 25800.00 ns, 1.6125 us/op
WorkloadResult  13: 16 op, 27500.00 ns, 1.7188 us/op
WorkloadResult  14: 16 op, 25200.00 ns, 1.5750 us/op
WorkloadResult  15: 16 op, 25200.00 ns, 1.5750 us/op
WorkloadResult  16: 16 op, 29200.00 ns, 1.8250 us/op
WorkloadResult  17: 16 op, 28200.00 ns, 1.7625 us/op
WorkloadResult  18: 16 op, 25300.00 ns, 1.5813 us/op
WorkloadResult  19: 16 op, 25100.00 ns, 1.5688 us/op
WorkloadResult  20: 16 op, 25200.00 ns, 1.5750 us/op
WorkloadResult  21: 16 op, 24700.00 ns, 1.5438 us/op
WorkloadResult  22: 16 op, 24300.00 ns, 1.5188 us/op
WorkloadResult  23: 16 op, 27300.00 ns, 1.7063 us/op
WorkloadResult  24: 16 op, 25000.00 ns, 1.5625 us/op
WorkloadResult  25: 16 op, 30100.00 ns, 1.8813 us/op
WorkloadResult  26: 16 op, 25100.00 ns, 1.5688 us/op
WorkloadResult  27: 16 op, 29700.00 ns, 1.8563 us/op
WorkloadResult  28: 16 op, 30300.00 ns, 1.8938 us/op
WorkloadResult  29: 16 op, 28700.00 ns, 1.7938 us/op
WorkloadResult  30: 16 op, 25000.00 ns, 1.5625 us/op
WorkloadResult  31: 16 op, 24700.00 ns, 1.5438 us/op
WorkloadResult  32: 16 op, 24600.00 ns, 1.5375 us/op
WorkloadResult  33: 16 op, 24600.00 ns, 1.5375 us/op
WorkloadResult  34: 16 op, 28600.00 ns, 1.7875 us/op
WorkloadResult  35: 16 op, 24100.00 ns, 1.5063 us/op
WorkloadResult  36: 16 op, 23200.00 ns, 1.4500 us/op
WorkloadResult  37: 16 op, 23800.00 ns, 1.4875 us/op
WorkloadResult  38: 16 op, 23400.00 ns, 1.4625 us/op
WorkloadResult  39: 16 op, 27600.00 ns, 1.7250 us/op
WorkloadResult  40: 16 op, 26600.00 ns, 1.6625 us/op
WorkloadResult  41: 16 op, 24900.00 ns, 1.5563 us/op
WorkloadResult  42: 16 op, 24000.00 ns, 1.5000 us/op
WorkloadResult  43: 16 op, 23600.00 ns, 1.4750 us/op
WorkloadResult  44: 16 op, 23500.00 ns, 1.4688 us/op
WorkloadResult  45: 16 op, 28400.00 ns, 1.7750 us/op
WorkloadResult  46: 16 op, 25500.00 ns, 1.5938 us/op
WorkloadResult  47: 16 op, 24700.00 ns, 1.5438 us/op
WorkloadResult  48: 16 op, 23400.00 ns, 1.4625 us/op
WorkloadResult  49: 16 op, 24000.00 ns, 1.5000 us/op
WorkloadResult  50: 16 op, 23500.00 ns, 1.4688 us/op
WorkloadResult  51: 16 op, 23800.00 ns, 1.4875 us/op
WorkloadResult  52: 16 op, 27700.00 ns, 1.7313 us/op
WorkloadResult  53: 16 op, 25200.00 ns, 1.5750 us/op
WorkloadResult  54: 16 op, 32000.00 ns, 2.0000 us/op
WorkloadResult  55: 16 op, 23100.00 ns, 1.4438 us/op
WorkloadResult  56: 16 op, 23900.00 ns, 1.4938 us/op
WorkloadResult  57: 16 op, 24700.00 ns, 1.5438 us/op
WorkloadResult  58: 16 op, 23600.00 ns, 1.4750 us/op
WorkloadResult  59: 16 op, 23500.00 ns, 1.4688 us/op
WorkloadResult  60: 16 op, 23300.00 ns, 1.4563 us/op
WorkloadResult  61: 16 op, 23500.00 ns, 1.4688 us/op
WorkloadResult  62: 16 op, 30400.00 ns, 1.9000 us/op
WorkloadResult  63: 16 op, 27400.00 ns, 1.7125 us/op
WorkloadResult  64: 16 op, 24100.00 ns, 1.5063 us/op
WorkloadResult  65: 16 op, 23400.00 ns, 1.4625 us/op
WorkloadResult  66: 16 op, 22900.00 ns, 1.4313 us/op
WorkloadResult  67: 16 op, 24400.00 ns, 1.5250 us/op
WorkloadResult  68: 16 op, 28200.00 ns, 1.7625 us/op
WorkloadResult  69: 16 op, 25300.00 ns, 1.5813 us/op
WorkloadResult  70: 16 op, 23200.00 ns, 1.4500 us/op
WorkloadResult  71: 16 op, 24900.00 ns, 1.5563 us/op
WorkloadResult  72: 16 op, 24000.00 ns, 1.5000 us/op
WorkloadResult  73: 16 op, 24400.00 ns, 1.5250 us/op
WorkloadResult  74: 16 op, 25100.00 ns, 1.5688 us/op
WorkloadResult  75: 16 op, 23700.00 ns, 1.4813 us/op
WorkloadResult  76: 16 op, 23000.00 ns, 1.4375 us/op
WorkloadResult  77: 16 op, 23100.00 ns, 1.4438 us/op
WorkloadResult  78: 16 op, 25300.00 ns, 1.5813 us/op
WorkloadResult  79: 16 op, 26100.00 ns, 1.6313 us/op
WorkloadResult  80: 16 op, 24400.00 ns, 1.5250 us/op
WorkloadResult  81: 16 op, 23100.00 ns, 1.4438 us/op
WorkloadResult  82: 16 op, 23300.00 ns, 1.4563 us/op
WorkloadResult  83: 16 op, 25000.00 ns, 1.5625 us/op
WorkloadResult  84: 16 op, 27100.00 ns, 1.6938 us/op
WorkloadResult  85: 16 op, 24300.00 ns, 1.5188 us/op
WorkloadResult  86: 16 op, 23900.00 ns, 1.4938 us/op
WorkloadResult  87: 16 op, 22600.00 ns, 1.4125 us/op
WorkloadResult  88: 16 op, 23900.00 ns, 1.4938 us/op
WorkloadResult  89: 16 op, 26000.00 ns, 1.6250 us/op
WorkloadResult  90: 16 op, 24900.00 ns, 1.5563 us/op
WorkloadResult  91: 16 op, 23100.00 ns, 1.4438 us/op
WorkloadResult  92: 16 op, 25800.00 ns, 1.6125 us/op
WorkloadResult  93: 16 op, 23100.00 ns, 1.4438 us/op
WorkloadResult  94: 16 op, 23300.00 ns, 1.4563 us/op
WorkloadResult  95: 16 op, 28200.00 ns, 1.7625 us/op
// GC:  0 0 0 49728 16
// Threading:  0 0 16

// AfterAll
// Benchmark Process 34596 has exited with code 0.

Mean = 1.597 μs, StdErr = 0.014 μs (0.91%), N = 95, StdDev = 0.141 μs
Min = 1.413 μs, Q1 = 1.488 μs, Median = 1.562 μs, Q3 = 1.691 μs, Max = 2.000 μs
IQR = 0.203 μs, LowerFence = 1.183 μs, UpperFence = 1.995 μs
ConfidenceInterval = [1.548 μs; 1.646 μs] (CI 99.9%), Margin = 0.049 μs (3.07% of Mean)
Skewness = 0.96, Kurtosis = 3.04, MValue = 2.13

// ** Remained 12 (80,0%) benchmark(s) to run. Estimated finish 2026-09-11 16:14 (0h 0m from now) **
Setup power plan (GUID: 8c5e7fda-e8bf-4a96-9a85-a6e23a8c635c FriendlyName: High performance)
// **************************
// Benchmark: HierarchyBenchmarks.GetChildren: Job-IHQVRN(InvocationCount=1, UnrollFactor=1) [NodeCount=100]
// *** Execute ***
// Launch: 1 / 1
// Execute: dotnet 0dd2092b-0a91-44cc-aa82-d11618bf258f.dll --anonymousPipes 1848 2204 --benchmarkName "HierarchyBenchmarks.GetChildren(NodeCount: 100)" --job "InvocationCount=1, UnrollFactor=1" --benchmarkId 3 in D:\HierarchyKit\benchmarks\HierarchyKit.Benchmarks\bin\Release\net10.0\0dd2092b-0a91-44cc-aa82-d11618bf258f\bin\Release\net10.0
// BeforeAnythingElse

// Benchmark Process Environment Information:
// BenchmarkDotNet v0.14.0
// Runtime=.NET 10.0.12 (10.0.1226.42308), X64 RyuJIT AVX2
// GC=Non-concurrent Workstation
// HardwareIntrinsics=AVX2,AES,BMI1,BMI2,FMA,LZCNT,PCLMUL,POPCNT,AvxVnni,SERIALIZE VectorSize=256
// Job: Job-DBIEMF(InvocationCount=1, UnrollFactor=1)

OverheadJitting  1: 16 op, 174100.00 ns, 10.8813 us/op
WorkloadJitting  1: 16 op, 852500.00 ns, 53.2813 us/op

OverheadWarmup   1: 16 op, 200.00 ns, 12.5000 ns/op
OverheadWarmup   2: 16 op, 100.00 ns, 6.2500 ns/op
OverheadWarmup   3: 16 op, 0.00 ns, 0.0000 ns/op
OverheadWarmup   4: 16 op, 100.00 ns, 6.2500 ns/op
OverheadWarmup   5: 16 op, 200.00 ns, 12.5000 ns/op
OverheadWarmup   6: 16 op, 200.00 ns, 12.5000 ns/op
OverheadWarmup   7: 16 op, 200.00 ns, 12.5000 ns/op
OverheadWarmup   8: 16 op, 100.00 ns, 6.2500 ns/op

OverheadActual   1: 16 op, 100.00 ns, 6.2500 ns/op
OverheadActual   2: 16 op, 200.00 ns, 12.5000 ns/op
OverheadActual   3: 16 op, 100.00 ns, 6.2500 ns/op
OverheadActual   4: 16 op, 100.00 ns, 6.2500 ns/op
OverheadActual   5: 16 op, 200.00 ns, 12.5000 ns/op
OverheadActual   6: 16 op, 100.00 ns, 6.2500 ns/op
OverheadActual   7: 16 op, 100.00 ns, 6.2500 ns/op
OverheadActual   8: 16 op, 100.00 ns, 6.2500 ns/op
OverheadActual   9: 16 op, 100.00 ns, 6.2500 ns/op
OverheadActual  10: 16 op, 0.00 ns, 0.0000 ns/op
OverheadActual  11: 16 op, 200.00 ns, 12.5000 ns/op
OverheadActual  12: 16 op, 100.00 ns, 6.2500 ns/op
OverheadActual  13: 16 op, 100.00 ns, 6.2500 ns/op
OverheadActual  14: 16 op, 100.00 ns, 6.2500 ns/op
OverheadActual  15: 16 op, 200.00 ns, 12.5000 ns/op
OverheadActual  16: 16 op, 100.00 ns, 6.2500 ns/op
OverheadActual  17: 16 op, 100.00 ns, 6.2500 ns/op
OverheadActual  18: 16 op, 200.00 ns, 12.5000 ns/op
OverheadActual  19: 16 op, 100.00 ns, 6.2500 ns/op
OverheadActual  20: 16 op, 100.00 ns, 6.2500 ns/op

WorkloadWarmup   1: 16 op, 31600.00 ns, 1.9750 us/op
WorkloadWarmup   2: 16 op, 29200.00 ns, 1.8250 us/op
WorkloadWarmup   3: 16 op, 33100.00 ns, 2.0688 us/op
WorkloadWarmup   4: 16 op, 31100.00 ns, 1.9438 us/op
WorkloadWarmup   5: 16 op, 35700.00 ns, 2.2313 us/op
WorkloadWarmup   6: 16 op, 35500.00 ns, 2.2188 us/op

// BeforeActualRun
WorkloadActual   1: 16 op, 37000.00 ns, 2.3125 us/op
WorkloadActual   2: 16 op, 156700.00 ns, 9.7938 us/op
WorkloadActual   3: 16 op, 37200.00 ns, 2.3250 us/op
WorkloadActual   4: 16 op, 34300.00 ns, 2.1438 us/op
WorkloadActual   5: 16 op, 31600.00 ns, 1.9750 us/op
WorkloadActual   6: 16 op, 32000.00 ns, 2.0000 us/op
WorkloadActual   7: 16 op, 32400.00 ns, 2.0250 us/op
WorkloadActual   8: 16 op, 32400.00 ns, 2.0250 us/op
WorkloadActual   9: 16 op, 31900.00 ns, 1.9938 us/op
WorkloadActual  10: 16 op, 33100.00 ns, 2.0688 us/op
WorkloadActual  11: 16 op, 40800.00 ns, 2.5500 us/op
WorkloadActual  12: 16 op, 33700.00 ns, 2.1063 us/op
WorkloadActual  13: 16 op, 32500.00 ns, 2.0313 us/op
WorkloadActual  14: 16 op, 32100.00 ns, 2.0063 us/op
WorkloadActual  15: 16 op, 30900.00 ns, 1.9313 us/op
WorkloadActual  16: 16 op, 30100.00 ns, 1.8813 us/op
WorkloadActual  17: 16 op, 32000.00 ns, 2.0000 us/op
WorkloadActual  18: 16 op, 32700.00 ns, 2.0438 us/op
WorkloadActual  19: 16 op, 31700.00 ns, 1.9813 us/op
WorkloadActual  20: 16 op, 33700.00 ns, 2.1063 us/op
WorkloadActual  21: 16 op, 31100.00 ns, 1.9438 us/op
WorkloadActual  22: 16 op, 29900.00 ns, 1.8688 us/op
WorkloadActual  23: 16 op, 30700.00 ns, 1.9188 us/op
WorkloadActual  24: 16 op, 33400.00 ns, 2.0875 us/op
WorkloadActual  25: 16 op, 30300.00 ns, 1.8938 us/op
WorkloadActual  26: 16 op, 30400.00 ns, 1.9000 us/op
WorkloadActual  27: 16 op, 29100.00 ns, 1.8188 us/op
WorkloadActual  28: 16 op, 31200.00 ns, 1.9500 us/op
WorkloadActual  29: 16 op, 35800.00 ns, 2.2375 us/op
WorkloadActual  30: 16 op, 31400.00 ns, 1.9625 us/op
WorkloadActual  31: 16 op, 33300.00 ns, 2.0813 us/op
WorkloadActual  32: 16 op, 32200.00 ns, 2.0125 us/op
WorkloadActual  33: 16 op, 31000.00 ns, 1.9375 us/op
WorkloadActual  34: 16 op, 29400.00 ns, 1.8375 us/op
WorkloadActual  35: 16 op, 51800.00 ns, 3.2375 us/op
WorkloadActual  36: 16 op, 33200.00 ns, 2.0750 us/op
WorkloadActual  37: 16 op, 30000.00 ns, 1.8750 us/op
WorkloadActual  38: 16 op, 29900.00 ns, 1.8688 us/op
WorkloadActual  39: 16 op, 28700.00 ns, 1.7938 us/op
WorkloadActual  40: 16 op, 36500.00 ns, 2.2813 us/op
WorkloadActual  41: 16 op, 36800.00 ns, 2.3000 us/op
WorkloadActual  42: 16 op, 31500.00 ns, 1.9688 us/op
WorkloadActual  43: 16 op, 30400.00 ns, 1.9000 us/op
WorkloadActual  44: 16 op, 31100.00 ns, 1.9438 us/op
WorkloadActual  45: 16 op, 31700.00 ns, 1.9813 us/op
WorkloadActual  46: 16 op, 30300.00 ns, 1.8938 us/op
WorkloadActual  47: 16 op, 32600.00 ns, 2.0375 us/op
WorkloadActual  48: 16 op, 31200.00 ns, 1.9500 us/op
WorkloadActual  49: 16 op, 31000.00 ns, 1.9375 us/op
WorkloadActual  50: 16 op, 29500.00 ns, 1.8438 us/op
WorkloadActual  51: 16 op, 29900.00 ns, 1.8688 us/op
WorkloadActual  52: 16 op, 37500.00 ns, 2.3438 us/op
WorkloadActual  53: 16 op, 32800.00 ns, 2.0500 us/op
WorkloadActual  54: 16 op, 30600.00 ns, 1.9125 us/op
WorkloadActual  55: 16 op, 29700.00 ns, 1.8563 us/op
WorkloadActual  56: 16 op, 28900.00 ns, 1.8063 us/op
WorkloadActual  57: 16 op, 28800.00 ns, 1.8000 us/op
WorkloadActual  58: 16 op, 36900.00 ns, 2.3063 us/op
WorkloadActual  59: 16 op, 31000.00 ns, 1.9375 us/op
WorkloadActual  60: 16 op, 29700.00 ns, 1.8563 us/op
WorkloadActual  61: 16 op, 29100.00 ns, 1.8188 us/op
WorkloadActual  62: 16 op, 31900.00 ns, 1.9938 us/op
WorkloadActual  63: 16 op, 30600.00 ns, 1.9125 us/op
WorkloadActual  64: 16 op, 29400.00 ns, 1.8375 us/op
WorkloadActual  65: 16 op, 29400.00 ns, 1.8375 us/op
WorkloadActual  66: 16 op, 29400.00 ns, 1.8375 us/op
WorkloadActual  67: 16 op, 28400.00 ns, 1.7750 us/op
WorkloadActual  68: 16 op, 28600.00 ns, 1.7875 us/op
WorkloadActual  69: 16 op, 29100.00 ns, 1.8188 us/op
WorkloadActual  70: 16 op, 34100.00 ns, 2.1313 us/op
WorkloadActual  71: 16 op, 30400.00 ns, 1.9000 us/op
WorkloadActual  72: 16 op, 29700.00 ns, 1.8563 us/op
WorkloadActual  73: 16 op, 29400.00 ns, 1.8375 us/op
WorkloadActual  74: 16 op, 45600.00 ns, 2.8500 us/op
WorkloadActual  75: 16 op, 29300.00 ns, 1.8313 us/op
WorkloadActual  76: 16 op, 29100.00 ns, 1.8188 us/op
WorkloadActual  77: 16 op, 31700.00 ns, 1.9813 us/op
WorkloadActual  78: 16 op, 31100.00 ns, 1.9438 us/op
WorkloadActual  79: 16 op, 29400.00 ns, 1.8375 us/op
WorkloadActual  80: 16 op, 30100.00 ns, 1.8813 us/op
WorkloadActual  81: 16 op, 29600.00 ns, 1.8500 us/op
WorkloadActual  82: 16 op, 51800.00 ns, 3.2375 us/op
WorkloadActual  83: 16 op, 28800.00 ns, 1.8000 us/op
WorkloadActual  84: 16 op, 29600.00 ns, 1.8500 us/op
WorkloadActual  85: 16 op, 29400.00 ns, 1.8375 us/op
WorkloadActual  86: 16 op, 30000.00 ns, 1.8750 us/op
WorkloadActual  87: 16 op, 29000.00 ns, 1.8125 us/op
WorkloadActual  88: 16 op, 31900.00 ns, 1.9938 us/op
WorkloadActual  89: 16 op, 31800.00 ns, 1.9875 us/op
WorkloadActual  90: 16 op, 30300.00 ns, 1.8938 us/op
WorkloadActual  91: 16 op, 28300.00 ns, 1.7688 us/op
WorkloadActual  92: 16 op, 28600.00 ns, 1.7875 us/op
WorkloadActual  93: 16 op, 29100.00 ns, 1.8188 us/op
WorkloadActual  94: 16 op, 32600.00 ns, 2.0375 us/op
WorkloadActual  95: 16 op, 30800.00 ns, 1.9250 us/op
WorkloadActual  96: 16 op, 29900.00 ns, 1.8688 us/op
WorkloadActual  97: 16 op, 29200.00 ns, 1.8250 us/op
WorkloadActual  98: 16 op, 28500.00 ns, 1.7813 us/op
WorkloadActual  99: 16 op, 28500.00 ns, 1.7813 us/op
WorkloadActual  100: 16 op, 31400.00 ns, 1.9625 us/op

// AfterActualRun
WorkloadResult   1: 16 op, 34200.00 ns, 2.1375 us/op
WorkloadResult   2: 16 op, 31500.00 ns, 1.9688 us/op
WorkloadResult   3: 16 op, 31900.00 ns, 1.9938 us/op
WorkloadResult   4: 16 op, 32300.00 ns, 2.0188 us/op
WorkloadResult   5: 16 op, 32300.00 ns, 2.0188 us/op
WorkloadResult   6: 16 op, 31800.00 ns, 1.9875 us/op
WorkloadResult   7: 16 op, 33000.00 ns, 2.0625 us/op
WorkloadResult   8: 16 op, 33600.00 ns, 2.1000 us/op
WorkloadResult   9: 16 op, 32400.00 ns, 2.0250 us/op
WorkloadResult  10: 16 op, 32000.00 ns, 2.0000 us/op
WorkloadResult  11: 16 op, 30800.00 ns, 1.9250 us/op
WorkloadResult  12: 16 op, 30000.00 ns, 1.8750 us/op
WorkloadResult  13: 16 op, 31900.00 ns, 1.9938 us/op
WorkloadResult  14: 16 op, 32600.00 ns, 2.0375 us/op
WorkloadResult  15: 16 op, 31600.00 ns, 1.9750 us/op
WorkloadResult  16: 16 op, 33600.00 ns, 2.1000 us/op
WorkloadResult  17: 16 op, 31000.00 ns, 1.9375 us/op
WorkloadResult  18: 16 op, 29800.00 ns, 1.8625 us/op
WorkloadResult  19: 16 op, 30600.00 ns, 1.9125 us/op
WorkloadResult  20: 16 op, 33300.00 ns, 2.0813 us/op
WorkloadResult  21: 16 op, 30200.00 ns, 1.8875 us/op
WorkloadResult  22: 16 op, 30300.00 ns, 1.8938 us/op
WorkloadResult  23: 16 op, 29000.00 ns, 1.8125 us/op
WorkloadResult  24: 16 op, 31100.00 ns, 1.9438 us/op
WorkloadResult  25: 16 op, 35700.00 ns, 2.2313 us/op
WorkloadResult  26: 16 op, 31300.00 ns, 1.9563 us/op
WorkloadResult  27: 16 op, 33200.00 ns, 2.0750 us/op
WorkloadResult  28: 16 op, 32100.00 ns, 2.0063 us/op
WorkloadResult  29: 16 op, 30900.00 ns, 1.9313 us/op
WorkloadResult  30: 16 op, 29300.00 ns, 1.8313 us/op
WorkloadResult  31: 16 op, 33100.00 ns, 2.0688 us/op
WorkloadResult  32: 16 op, 29900.00 ns, 1.8688 us/op
WorkloadResult  33: 16 op, 29800.00 ns, 1.8625 us/op
WorkloadResult  34: 16 op, 28600.00 ns, 1.7875 us/op
WorkloadResult  35: 16 op, 36400.00 ns, 2.2750 us/op
WorkloadResult  36: 16 op, 36700.00 ns, 2.2938 us/op
WorkloadResult  37: 16 op, 31400.00 ns, 1.9625 us/op
WorkloadResult  38: 16 op, 30300.00 ns, 1.8938 us/op
WorkloadResult  39: 16 op, 31000.00 ns, 1.9375 us/op
WorkloadResult  40: 16 op, 31600.00 ns, 1.9750 us/op
WorkloadResult  41: 16 op, 30200.00 ns, 1.8875 us/op
WorkloadResult  42: 16 op, 32500.00 ns, 2.0313 us/op
WorkloadResult  43: 16 op, 31100.00 ns, 1.9438 us/op
WorkloadResult  44: 16 op, 30900.00 ns, 1.9313 us/op
WorkloadResult  45: 16 op, 29400.00 ns, 1.8375 us/op
WorkloadResult  46: 16 op, 29800.00 ns, 1.8625 us/op
WorkloadResult  47: 16 op, 32700.00 ns, 2.0438 us/op
WorkloadResult  48: 16 op, 30500.00 ns, 1.9063 us/op
WorkloadResult  49: 16 op, 29600.00 ns, 1.8500 us/op
WorkloadResult  50: 16 op, 28800.00 ns, 1.8000 us/op
WorkloadResult  51: 16 op, 28700.00 ns, 1.7938 us/op
WorkloadResult  52: 16 op, 30900.00 ns, 1.9313 us/op
WorkloadResult  53: 16 op, 29600.00 ns, 1.8500 us/op
WorkloadResult  54: 16 op, 29000.00 ns, 1.8125 us/op
WorkloadResult  55: 16 op, 31800.00 ns, 1.9875 us/op
WorkloadResult  56: 16 op, 30500.00 ns, 1.9063 us/op
WorkloadResult  57: 16 op, 29300.00 ns, 1.8313 us/op
WorkloadResult  58: 16 op, 29300.00 ns, 1.8313 us/op
WorkloadResult  59: 16 op, 29300.00 ns, 1.8313 us/op
WorkloadResult  60: 16 op, 28300.00 ns, 1.7688 us/op
WorkloadResult  61: 16 op, 28500.00 ns, 1.7813 us/op
WorkloadResult  62: 16 op, 29000.00 ns, 1.8125 us/op
WorkloadResult  63: 16 op, 34000.00 ns, 2.1250 us/op
WorkloadResult  64: 16 op, 30300.00 ns, 1.8938 us/op
WorkloadResult  65: 16 op, 29600.00 ns, 1.8500 us/op
WorkloadResult  66: 16 op, 29300.00 ns, 1.8313 us/op
WorkloadResult  67: 16 op, 29200.00 ns, 1.8250 us/op
WorkloadResult  68: 16 op, 29000.00 ns, 1.8125 us/op
WorkloadResult  69: 16 op, 31600.00 ns, 1.9750 us/op
WorkloadResult  70: 16 op, 31000.00 ns, 1.9375 us/op
WorkloadResult  71: 16 op, 29300.00 ns, 1.8313 us/op
WorkloadResult  72: 16 op, 30000.00 ns, 1.8750 us/op
WorkloadResult  73: 16 op, 29500.00 ns, 1.8438 us/op
WorkloadResult  74: 16 op, 28700.00 ns, 1.7938 us/op
WorkloadResult  75: 16 op, 29500.00 ns, 1.8438 us/op
WorkloadResult  76: 16 op, 29300.00 ns, 1.8313 us/op
WorkloadResult  77: 16 op, 29900.00 ns, 1.8688 us/op
WorkloadResult  78: 16 op, 28900.00 ns, 1.8063 us/op
WorkloadResult  79: 16 op, 31800.00 ns, 1.9875 us/op
WorkloadResult  80: 16 op, 31700.00 ns, 1.9813 us/op
WorkloadResult  81: 16 op, 30200.00 ns, 1.8875 us/op
WorkloadResult  82: 16 op, 28200.00 ns, 1.7625 us/op
WorkloadResult  83: 16 op, 28500.00 ns, 1.7813 us/op
WorkloadResult  84: 16 op, 29000.00 ns, 1.8125 us/op
WorkloadResult  85: 16 op, 32500.00 ns, 2.0313 us/op
WorkloadResult  86: 16 op, 30700.00 ns, 1.9188 us/op
WorkloadResult  87: 16 op, 29800.00 ns, 1.8625 us/op
WorkloadResult  88: 16 op, 29100.00 ns, 1.8188 us/op
WorkloadResult  89: 16 op, 28400.00 ns, 1.7750 us/op
WorkloadResult  90: 16 op, 28400.00 ns, 1.7750 us/op
WorkloadResult  91: 16 op, 31300.00 ns, 1.9563 us/op
// GC:  0 0 0 21360 16
// Threading:  0 0 16

// AfterAll
// Benchmark Process 25684 has exited with code 0.

Mean = 1.923 μs, StdErr = 0.012 μs (0.62%), N = 91, StdDev = 0.113 μs
Min = 1.762 μs, Q1 = 1.831 μs, Median = 1.906 μs, Q3 = 1.988 μs, Max = 2.294 μs
IQR = 0.156 μs, LowerFence = 1.597 μs, UpperFence = 2.222 μs
ConfidenceInterval = [1.883 μs; 1.964 μs] (CI 99.9%), Margin = 0.040 μs (2.10% of Mean)
Skewness = 0.97, Kurtosis = 3.89, MValue = 2

// ** Remained 11 (73,3%) benchmark(s) to run. Estimated finish 2026-09-11 16:14 (0h 0m from now) **
Setup power plan (GUID: 8c5e7fda-e8bf-4a96-9a85-a6e23a8c635c FriendlyName: High performance)
// **************************
// Benchmark: HierarchyBenchmarks.Descendants: Job-IHQVRN(InvocationCount=1, UnrollFactor=1) [NodeCount=100]
// *** Execute ***
// Launch: 1 / 1
// Execute: dotnet 0dd2092b-0a91-44cc-aa82-d11618bf258f.dll --anonymousPipes 1856 2160 --benchmarkName "HierarchyBenchmarks.Descendants(NodeCount: 100)" --job "InvocationCount=1, UnrollFactor=1" --benchmarkId 4 in D:\HierarchyKit\benchmarks\HierarchyKit.Benchmarks\bin\Release\net10.0\0dd2092b-0a91-44cc-aa82-d11618bf258f\bin\Release\net10.0
// BeforeAnythingElse

// Benchmark Process Environment Information:
// BenchmarkDotNet v0.14.0
// Runtime=.NET 10.0.12 (10.0.1226.42308), X64 RyuJIT AVX2
// GC=Non-concurrent Workstation
// HardwareIntrinsics=AVX2,AES,BMI1,BMI2,FMA,LZCNT,PCLMUL,POPCNT,AvxVnni,SERIALIZE VectorSize=256
// Job: Job-POQYGW(InvocationCount=1, UnrollFactor=1)

OverheadJitting  1: 16 op, 180900.00 ns, 11.3063 us/op
WorkloadJitting  1: 16 op, 2869100.00 ns, 179.3188 us/op

OverheadWarmup   1: 16 op, 300.00 ns, 18.7500 ns/op
OverheadWarmup   2: 16 op, 200.00 ns, 12.5000 ns/op
OverheadWarmup   3: 16 op, 200.00 ns, 12.5000 ns/op
OverheadWarmup   4: 16 op, 0.00 ns, 0.0000 ns/op
OverheadWarmup   5: 16 op, 100.00 ns, 6.2500 ns/op
OverheadWarmup   6: 16 op, 0.00 ns, 0.0000 ns/op

OverheadActual   1: 16 op, 200.00 ns, 12.5000 ns/op
OverheadActual   2: 16 op, 200.00 ns, 12.5000 ns/op
OverheadActual   3: 16 op, 200.00 ns, 12.5000 ns/op
OverheadActual   4: 16 op, 100.00 ns, 6.2500 ns/op
OverheadActual   5: 16 op, 100.00 ns, 6.2500 ns/op
OverheadActual   6: 16 op, 200.00 ns, 12.5000 ns/op
OverheadActual   7: 16 op, 100.00 ns, 6.2500 ns/op
OverheadActual   8: 16 op, 100.00 ns, 6.2500 ns/op
OverheadActual   9: 16 op, 100.00 ns, 6.2500 ns/op
OverheadActual  10: 16 op, 100.00 ns, 6.2500 ns/op
OverheadActual  11: 16 op, 100.00 ns, 6.2500 ns/op
OverheadActual  12: 16 op, 100.00 ns, 6.2500 ns/op
OverheadActual  13: 16 op, 0.00 ns, 0.0000 ns/op
OverheadActual  14: 16 op, 0.00 ns, 0.0000 ns/op
OverheadActual  15: 16 op, 0.00 ns, 0.0000 ns/op
OverheadActual  16: 16 op, 100.00 ns, 6.2500 ns/op
OverheadActual  17: 16 op, 100.00 ns, 6.2500 ns/op
OverheadActual  18: 16 op, 100.00 ns, 6.2500 ns/op
OverheadActual  19: 16 op, 100.00 ns, 6.2500 ns/op
OverheadActual  20: 16 op, 100.00 ns, 6.2500 ns/op

WorkloadWarmup   1: 16 op, 161000.00 ns, 10.0625 us/op
WorkloadWarmup   2: 16 op, 156500.00 ns, 9.7813 us/op
WorkloadWarmup   3: 16 op, 158000.00 ns, 9.8750 us/op
WorkloadWarmup   4: 16 op, 151800.00 ns, 9.4875 us/op
WorkloadWarmup   5: 16 op, 225400.00 ns, 14.0875 us/op
WorkloadWarmup   6: 16 op, 197900.00 ns, 12.3688 us/op

// BeforeActualRun
WorkloadActual   1: 16 op, 205900.00 ns, 12.8688 us/op
WorkloadActual   2: 16 op, 213800.00 ns, 13.3625 us/op
WorkloadActual   3: 16 op, 208000.00 ns, 13.0000 us/op
WorkloadActual   4: 16 op, 187800.00 ns, 11.7375 us/op
WorkloadActual   5: 16 op, 179600.00 ns, 11.2250 us/op
WorkloadActual   6: 16 op, 181400.00 ns, 11.3375 us/op
WorkloadActual   7: 16 op, 186800.00 ns, 11.6750 us/op
WorkloadActual   8: 16 op, 180300.00 ns, 11.2688 us/op
WorkloadActual   9: 16 op, 183600.00 ns, 11.4750 us/op
WorkloadActual  10: 16 op, 179000.00 ns, 11.1875 us/op
WorkloadActual  11: 16 op, 190200.00 ns, 11.8875 us/op
WorkloadActual  12: 16 op, 182100.00 ns, 11.3813 us/op
WorkloadActual  13: 16 op, 179200.00 ns, 11.2000 us/op
WorkloadActual  14: 16 op, 236600.00 ns, 14.7875 us/op
WorkloadActual  15: 16 op, 165100.00 ns, 10.3188 us/op
WorkloadActual  16: 16 op, 174200.00 ns, 10.8875 us/op
WorkloadActual  17: 16 op, 177100.00 ns, 11.0688 us/op
WorkloadActual  18: 16 op, 166400.00 ns, 10.4000 us/op
WorkloadActual  19: 16 op, 167700.00 ns, 10.4813 us/op
WorkloadActual  20: 16 op, 164300.00 ns, 10.2688 us/op
WorkloadActual  21: 16 op, 268500.00 ns, 16.7813 us/op
WorkloadActual  22: 16 op, 171400.00 ns, 10.7125 us/op
WorkloadActual  23: 16 op, 164100.00 ns, 10.2563 us/op
WorkloadActual  24: 16 op, 164200.00 ns, 10.2625 us/op
WorkloadActual  25: 16 op, 167700.00 ns, 10.4813 us/op
WorkloadActual  26: 16 op, 167100.00 ns, 10.4438 us/op
WorkloadActual  27: 16 op, 169800.00 ns, 10.6125 us/op
WorkloadActual  28: 16 op, 165700.00 ns, 10.3563 us/op
WorkloadActual  29: 16 op, 164900.00 ns, 10.3063 us/op
WorkloadActual  30: 16 op, 163600.00 ns, 10.2250 us/op
WorkloadActual  31: 16 op, 164900.00 ns, 10.3063 us/op
WorkloadActual  32: 16 op, 173500.00 ns, 10.8438 us/op
WorkloadActual  33: 16 op, 167200.00 ns, 10.4500 us/op
WorkloadActual  34: 16 op, 166100.00 ns, 10.3813 us/op
WorkloadActual  35: 16 op, 159100.00 ns, 9.9438 us/op
WorkloadActual  36: 16 op, 157800.00 ns, 9.8625 us/op
WorkloadActual  37: 16 op, 163600.00 ns, 10.2250 us/op
WorkloadActual  38: 16 op, 159100.00 ns, 9.9438 us/op
WorkloadActual  39: 16 op, 159200.00 ns, 9.9500 us/op
WorkloadActual  40: 16 op, 158200.00 ns, 9.8875 us/op
WorkloadActual  41: 16 op, 159000.00 ns, 9.9375 us/op
WorkloadActual  42: 16 op, 163200.00 ns, 10.2000 us/op
WorkloadActual  43: 16 op, 157500.00 ns, 9.8438 us/op
WorkloadActual  44: 16 op, 161500.00 ns, 10.0938 us/op
WorkloadActual  45: 16 op, 156400.00 ns, 9.7750 us/op
WorkloadActual  46: 16 op, 157900.00 ns, 9.8688 us/op
WorkloadActual  47: 16 op, 346600.00 ns, 21.6625 us/op
WorkloadActual  48: 16 op, 189400.00 ns, 11.8375 us/op
WorkloadActual  49: 16 op, 159900.00 ns, 9.9938 us/op
WorkloadActual  50: 16 op, 156700.00 ns, 9.7938 us/op
WorkloadActual  51: 16 op, 159200.00 ns, 9.9500 us/op
WorkloadActual  52: 16 op, 168700.00 ns, 10.5438 us/op
WorkloadActual  53: 16 op, 165900.00 ns, 10.3688 us/op
WorkloadActual  54: 16 op, 160600.00 ns, 10.0375 us/op
WorkloadActual  55: 16 op, 162500.00 ns, 10.1563 us/op
WorkloadActual  56: 16 op, 157900.00 ns, 9.8688 us/op
WorkloadActual  57: 16 op, 157800.00 ns, 9.8625 us/op
WorkloadActual  58: 16 op, 159300.00 ns, 9.9563 us/op
WorkloadActual  59: 16 op, 164700.00 ns, 10.2938 us/op
WorkloadActual  60: 16 op, 159100.00 ns, 9.9438 us/op
WorkloadActual  61: 16 op, 162900.00 ns, 10.1813 us/op
WorkloadActual  62: 16 op, 154500.00 ns, 9.6563 us/op
WorkloadActual  63: 16 op, 164600.00 ns, 10.2875 us/op
WorkloadActual  64: 16 op, 159100.00 ns, 9.9438 us/op
WorkloadActual  65: 16 op, 159000.00 ns, 9.9375 us/op
WorkloadActual  66: 16 op, 158200.00 ns, 9.8875 us/op
WorkloadActual  67: 16 op, 157300.00 ns, 9.8313 us/op
WorkloadActual  68: 16 op, 163000.00 ns, 10.1875 us/op
WorkloadActual  69: 16 op, 161000.00 ns, 10.0625 us/op
WorkloadActual  70: 16 op, 160700.00 ns, 10.0438 us/op
WorkloadActual  71: 16 op, 158500.00 ns, 9.9063 us/op
WorkloadActual  72: 16 op, 158000.00 ns, 9.8750 us/op
WorkloadActual  73: 16 op, 346900.00 ns, 21.6813 us/op
WorkloadActual  74: 16 op, 173300.00 ns, 10.8313 us/op
WorkloadActual  75: 16 op, 162700.00 ns, 10.1688 us/op
WorkloadActual  76: 16 op, 160600.00 ns, 10.0375 us/op
WorkloadActual  77: 16 op, 155600.00 ns, 9.7250 us/op
WorkloadActual  78: 16 op, 256600.00 ns, 16.0375 us/op
WorkloadActual  79: 16 op, 268400.00 ns, 16.7750 us/op
WorkloadActual  80: 16 op, 156300.00 ns, 9.7688 us/op
WorkloadActual  81: 16 op, 156600.00 ns, 9.7875 us/op
WorkloadActual  82: 16 op, 154000.00 ns, 9.6250 us/op
WorkloadActual  83: 16 op, 155500.00 ns, 9.7188 us/op
WorkloadActual  84: 16 op, 157800.00 ns, 9.8625 us/op
WorkloadActual  85: 16 op, 202800.00 ns, 12.6750 us/op
WorkloadActual  86: 16 op, 154600.00 ns, 9.6625 us/op
WorkloadActual  87: 16 op, 153000.00 ns, 9.5625 us/op
WorkloadActual  88: 16 op, 154000.00 ns, 9.6250 us/op
WorkloadActual  89: 16 op, 164600.00 ns, 10.2875 us/op
WorkloadActual  90: 16 op, 157800.00 ns, 9.8625 us/op
WorkloadActual  91: 16 op, 204800.00 ns, 12.8000 us/op
WorkloadActual  92: 16 op, 156600.00 ns, 9.7875 us/op
WorkloadActual  93: 16 op, 155600.00 ns, 9.7250 us/op
WorkloadActual  94: 16 op, 160800.00 ns, 10.0500 us/op
WorkloadActual  95: 16 op, 187500.00 ns, 11.7188 us/op
WorkloadActual  96: 16 op, 154800.00 ns, 9.6750 us/op
WorkloadActual  97: 16 op, 155000.00 ns, 9.6875 us/op
WorkloadActual  98: 16 op, 154600.00 ns, 9.6625 us/op
WorkloadActual  99: 16 op, 341100.00 ns, 21.3188 us/op
WorkloadActual  100: 16 op, 162600.00 ns, 10.1625 us/op

// AfterActualRun
WorkloadResult   1: 16 op, 187700.00 ns, 11.7313 us/op
WorkloadResult   2: 16 op, 179500.00 ns, 11.2188 us/op
WorkloadResult   3: 16 op, 181300.00 ns, 11.3313 us/op
WorkloadResult   4: 16 op, 186700.00 ns, 11.6688 us/op
WorkloadResult   5: 16 op, 180200.00 ns, 11.2625 us/op
WorkloadResult   6: 16 op, 183500.00 ns, 11.4688 us/op
WorkloadResult   7: 16 op, 178900.00 ns, 11.1813 us/op
WorkloadResult   8: 16 op, 190100.00 ns, 11.8813 us/op
WorkloadResult   9: 16 op, 182000.00 ns, 11.3750 us/op
WorkloadResult  10: 16 op, 179100.00 ns, 11.1938 us/op
WorkloadResult  11: 16 op, 165000.00 ns, 10.3125 us/op
WorkloadResult  12: 16 op, 174100.00 ns, 10.8813 us/op
WorkloadResult  13: 16 op, 177000.00 ns, 11.0625 us/op
WorkloadResult  14: 16 op, 166300.00 ns, 10.3938 us/op
WorkloadResult  15: 16 op, 167600.00 ns, 10.4750 us/op
WorkloadResult  16: 16 op, 164200.00 ns, 10.2625 us/op
WorkloadResult  17: 16 op, 171300.00 ns, 10.7063 us/op
WorkloadResult  18: 16 op, 164000.00 ns, 10.2500 us/op
WorkloadResult  19: 16 op, 164100.00 ns, 10.2563 us/op
WorkloadResult  20: 16 op, 167600.00 ns, 10.4750 us/op
WorkloadResult  21: 16 op, 167000.00 ns, 10.4375 us/op
WorkloadResult  22: 16 op, 169700.00 ns, 10.6063 us/op
WorkloadResult  23: 16 op, 165600.00 ns, 10.3500 us/op
WorkloadResult  24: 16 op, 164800.00 ns, 10.3000 us/op
WorkloadResult  25: 16 op, 163500.00 ns, 10.2188 us/op
WorkloadResult  26: 16 op, 164800.00 ns, 10.3000 us/op
WorkloadResult  27: 16 op, 173400.00 ns, 10.8375 us/op
WorkloadResult  28: 16 op, 167100.00 ns, 10.4438 us/op
WorkloadResult  29: 16 op, 166000.00 ns, 10.3750 us/op
WorkloadResult  30: 16 op, 159000.00 ns, 9.9375 us/op
WorkloadResult  31: 16 op, 157700.00 ns, 9.8563 us/op
WorkloadResult  32: 16 op, 163500.00 ns, 10.2188 us/op
WorkloadResult  33: 16 op, 159000.00 ns, 9.9375 us/op
WorkloadResult  34: 16 op, 159100.00 ns, 9.9438 us/op
WorkloadResult  35: 16 op, 158100.00 ns, 9.8813 us/op
WorkloadResult  36: 16 op, 158900.00 ns, 9.9313 us/op
WorkloadResult  37: 16 op, 163100.00 ns, 10.1938 us/op
WorkloadResult  38: 16 op, 157400.00 ns, 9.8375 us/op
WorkloadResult  39: 16 op, 161400.00 ns, 10.0875 us/op
WorkloadResult  40: 16 op, 156300.00 ns, 9.7688 us/op
WorkloadResult  41: 16 op, 157800.00 ns, 9.8625 us/op
WorkloadResult  42: 16 op, 189300.00 ns, 11.8313 us/op
WorkloadResult  43: 16 op, 159800.00 ns, 9.9875 us/op
WorkloadResult  44: 16 op, 156600.00 ns, 9.7875 us/op
WorkloadResult  45: 16 op, 159100.00 ns, 9.9438 us/op
WorkloadResult  46: 16 op, 168600.00 ns, 10.5375 us/op
WorkloadResult  47: 16 op, 165800.00 ns, 10.3625 us/op
WorkloadResult  48: 16 op, 160500.00 ns, 10.0313 us/op
WorkloadResult  49: 16 op, 162400.00 ns, 10.1500 us/op
WorkloadResult  50: 16 op, 157800.00 ns, 9.8625 us/op
WorkloadResult  51: 16 op, 157700.00 ns, 9.8563 us/op
WorkloadResult  52: 16 op, 159200.00 ns, 9.9500 us/op
WorkloadResult  53: 16 op, 164600.00 ns, 10.2875 us/op
WorkloadResult  54: 16 op, 159000.00 ns, 9.9375 us/op
WorkloadResult  55: 16 op, 162800.00 ns, 10.1750 us/op
WorkloadResult  56: 16 op, 154400.00 ns, 9.6500 us/op
WorkloadResult  57: 16 op, 164500.00 ns, 10.2813 us/op
WorkloadResult  58: 16 op, 159000.00 ns, 9.9375 us/op
WorkloadResult  59: 16 op, 158900.00 ns, 9.9313 us/op
WorkloadResult  60: 16 op, 158100.00 ns, 9.8813 us/op
WorkloadResult  61: 16 op, 157200.00 ns, 9.8250 us/op
WorkloadResult  62: 16 op, 162900.00 ns, 10.1813 us/op
WorkloadResult  63: 16 op, 160900.00 ns, 10.0563 us/op
WorkloadResult  64: 16 op, 160600.00 ns, 10.0375 us/op
WorkloadResult  65: 16 op, 158400.00 ns, 9.9000 us/op
WorkloadResult  66: 16 op, 157900.00 ns, 9.8688 us/op
WorkloadResult  67: 16 op, 173200.00 ns, 10.8250 us/op
WorkloadResult  68: 16 op, 162600.00 ns, 10.1625 us/op
WorkloadResult  69: 16 op, 160500.00 ns, 10.0313 us/op
WorkloadResult  70: 16 op, 155500.00 ns, 9.7188 us/op
WorkloadResult  71: 16 op, 156200.00 ns, 9.7625 us/op
WorkloadResult  72: 16 op, 156500.00 ns, 9.7813 us/op
WorkloadResult  73: 16 op, 153900.00 ns, 9.6188 us/op
WorkloadResult  74: 16 op, 155400.00 ns, 9.7125 us/op
WorkloadResult  75: 16 op, 157700.00 ns, 9.8563 us/op
WorkloadResult  76: 16 op, 154500.00 ns, 9.6563 us/op
WorkloadResult  77: 16 op, 152900.00 ns, 9.5563 us/op
WorkloadResult  78: 16 op, 153900.00 ns, 9.6188 us/op
WorkloadResult  79: 16 op, 164500.00 ns, 10.2813 us/op
WorkloadResult  80: 16 op, 157700.00 ns, 9.8563 us/op
WorkloadResult  81: 16 op, 156500.00 ns, 9.7813 us/op
WorkloadResult  82: 16 op, 155500.00 ns, 9.7188 us/op
WorkloadResult  83: 16 op, 160700.00 ns, 10.0438 us/op
WorkloadResult  84: 16 op, 187400.00 ns, 11.7125 us/op
WorkloadResult  85: 16 op, 154700.00 ns, 9.6688 us/op
WorkloadResult  86: 16 op, 154900.00 ns, 9.6813 us/op
WorkloadResult  87: 16 op, 154500.00 ns, 9.6563 us/op
WorkloadResult  88: 16 op, 162500.00 ns, 10.1563 us/op
// GC:  0 0 0 53808 16
// Threading:  0 0 16

// AfterAll
// Benchmark Process 1844 has exited with code 0.

Mean = 10.271 μs, StdErr = 0.062 μs (0.60%), N = 88, StdDev = 0.583 μs
Min = 9.556 μs, Q1 = 9.861 μs, Median = 10.119 μs, Q3 = 10.439 μs, Max = 11.881 μs
IQR = 0.578 μs, LowerFence = 8.994 μs, UpperFence = 11.306 μs
ConfidenceInterval = [10.059 μs; 10.482 μs] (CI 99.9%), Margin = 0.212 μs (2.06% of Mean)
Skewness = 1.22, Kurtosis = 3.6, MValue = 2.07

// ** Remained 10 (66,7%) benchmark(s) to run. Estimated finish 2026-09-11 16:14 (0h 0m from now) **
Setup power plan (GUID: 8c5e7fda-e8bf-4a96-9a85-a6e23a8c635c FriendlyName: High performance)
// **************************
// Benchmark: HierarchyBenchmarks.Add: Job-IHQVRN(InvocationCount=1, UnrollFactor=1) [NodeCount=1000]
// *** Execute ***
// Launch: 1 / 1
// Execute: dotnet 0dd2092b-0a91-44cc-aa82-d11618bf258f.dll --anonymousPipes 2184 2020 --benchmarkName "HierarchyBenchmarks.Add(NodeCount: 1000)" --job "InvocationCount=1, UnrollFactor=1" --benchmarkId 5 in D:\HierarchyKit\benchmarks\HierarchyKit.Benchmarks\bin\Release\net10.0\0dd2092b-0a91-44cc-aa82-d11618bf258f\bin\Release\net10.0
// BeforeAnythingElse

// Benchmark Process Environment Information:
// BenchmarkDotNet v0.14.0
// Runtime=.NET 10.0.12 (10.0.1226.42308), X64 RyuJIT AVX2
// GC=Non-concurrent Workstation
// HardwareIntrinsics=AVX2,AES,BMI1,BMI2,FMA,LZCNT,PCLMUL,POPCNT,AvxVnni,SERIALIZE VectorSize=256
// Job: Job-BXZIFE(InvocationCount=1, UnrollFactor=1)

OverheadJitting  1: 16 op, 179700.00 ns, 11.2313 us/op
WorkloadJitting  1: 16 op, 378400.00 ns, 23.6500 us/op

OverheadWarmup   1: 16 op, 200.00 ns, 12.5000 ns/op
OverheadWarmup   2: 16 op, 100.00 ns, 6.2500 ns/op
OverheadWarmup   3: 16 op, 100.00 ns, 6.2500 ns/op
OverheadWarmup   4: 16 op, 100.00 ns, 6.2500 ns/op
OverheadWarmup   5: 16 op, 200.00 ns, 12.5000 ns/op
OverheadWarmup   6: 16 op, 100.00 ns, 6.2500 ns/op

OverheadActual   1: 16 op, 200.00 ns, 12.5000 ns/op
OverheadActual   2: 16 op, 200.00 ns, 12.5000 ns/op
OverheadActual   3: 16 op, 200.00 ns, 12.5000 ns/op
OverheadActual   4: 16 op, 400.00 ns, 25.0000 ns/op
OverheadActual   5: 16 op, 200.00 ns, 12.5000 ns/op
OverheadActual   6: 16 op, 100.00 ns, 6.2500 ns/op
OverheadActual   7: 16 op, 100.00 ns, 6.2500 ns/op
OverheadActual   8: 16 op, 100.00 ns, 6.2500 ns/op
OverheadActual   9: 16 op, 0.00 ns, 0.0000 ns/op
OverheadActual  10: 16 op, 200.00 ns, 12.5000 ns/op
OverheadActual  11: 16 op, 100.00 ns, 6.2500 ns/op
OverheadActual  12: 16 op, 200.00 ns, 12.5000 ns/op
OverheadActual  13: 16 op, 200.00 ns, 12.5000 ns/op
OverheadActual  14: 16 op, 100.00 ns, 6.2500 ns/op
OverheadActual  15: 16 op, 100.00 ns, 6.2500 ns/op
OverheadActual  16: 16 op, 100.00 ns, 6.2500 ns/op
OverheadActual  17: 16 op, 100.00 ns, 6.2500 ns/op
OverheadActual  18: 16 op, 100.00 ns, 6.2500 ns/op
OverheadActual  19: 16 op, 100.00 ns, 6.2500 ns/op
OverheadActual  20: 16 op, 300.00 ns, 18.7500 ns/op

WorkloadWarmup   1: 16 op, 39100.00 ns, 2.4438 us/op
WorkloadWarmup   2: 16 op, 44900.00 ns, 2.8063 us/op
WorkloadWarmup   3: 16 op, 59200.00 ns, 3.7000 us/op
WorkloadWarmup   4: 16 op, 39900.00 ns, 2.4938 us/op
WorkloadWarmup   5: 16 op, 48500.00 ns, 3.0313 us/op
WorkloadWarmup   6: 16 op, 49200.00 ns, 3.0750 us/op
WorkloadWarmup   7: 16 op, 39000.00 ns, 2.4375 us/op

// BeforeActualRun
WorkloadActual   1: 16 op, 38900.00 ns, 2.4313 us/op
WorkloadActual   2: 16 op, 60800.00 ns, 3.8000 us/op
WorkloadActual   3: 16 op, 47900.00 ns, 2.9938 us/op
WorkloadActual   4: 16 op, 50000.00 ns, 3.1250 us/op
WorkloadActual   5: 16 op, 53000.00 ns, 3.3125 us/op
WorkloadActual   6: 16 op, 72300.00 ns, 4.5188 us/op
WorkloadActual   7: 16 op, 99600.00 ns, 6.2250 us/op
WorkloadActual   8: 16 op, 40700.00 ns, 2.5438 us/op
WorkloadActual   9: 16 op, 57000.00 ns, 3.5625 us/op
WorkloadActual  10: 16 op, 44400.00 ns, 2.7750 us/op
WorkloadActual  11: 16 op, 40200.00 ns, 2.5125 us/op
WorkloadActual  12: 16 op, 34600.00 ns, 2.1625 us/op
WorkloadActual  13: 16 op, 51900.00 ns, 3.2438 us/op
WorkloadActual  14: 16 op, 40900.00 ns, 2.5563 us/op
WorkloadActual  15: 16 op, 45200.00 ns, 2.8250 us/op
WorkloadActual  16: 16 op, 44400.00 ns, 2.7750 us/op
WorkloadActual  17: 16 op, 75000.00 ns, 4.6875 us/op
WorkloadActual  18: 16 op, 74400.00 ns, 4.6500 us/op
WorkloadActual  19: 16 op, 36700.00 ns, 2.2938 us/op
WorkloadActual  20: 16 op, 38700.00 ns, 2.4188 us/op
WorkloadActual  21: 16 op, 41400.00 ns, 2.5875 us/op
WorkloadActual  22: 16 op, 43800.00 ns, 2.7375 us/op
WorkloadActual  23: 16 op, 31400.00 ns, 1.9625 us/op
WorkloadActual  24: 16 op, 32100.00 ns, 2.0063 us/op
WorkloadActual  25: 16 op, 32900.00 ns, 2.0563 us/op
WorkloadActual  26: 16 op, 33800.00 ns, 2.1125 us/op
WorkloadActual  27: 16 op, 38100.00 ns, 2.3813 us/op
WorkloadActual  28: 16 op, 41800.00 ns, 2.6125 us/op
WorkloadActual  29: 16 op, 32300.00 ns, 2.0188 us/op
WorkloadActual  30: 16 op, 32300.00 ns, 2.0188 us/op
WorkloadActual  31: 16 op, 38800.00 ns, 2.4250 us/op
WorkloadActual  32: 16 op, 42700.00 ns, 2.6688 us/op
WorkloadActual  33: 16 op, 37300.00 ns, 2.3313 us/op
WorkloadActual  34: 16 op, 37500.00 ns, 2.3438 us/op
WorkloadActual  35: 16 op, 37700.00 ns, 2.3563 us/op
WorkloadActual  36: 16 op, 41300.00 ns, 2.5813 us/op
WorkloadActual  37: 16 op, 31200.00 ns, 1.9500 us/op
WorkloadActual  38: 16 op, 31500.00 ns, 1.9688 us/op
WorkloadActual  39: 16 op, 49700.00 ns, 3.1063 us/op
WorkloadActual  40: 16 op, 50000.00 ns, 3.1250 us/op
WorkloadActual  41: 16 op, 39700.00 ns, 2.4813 us/op
WorkloadActual  42: 16 op, 32000.00 ns, 2.0000 us/op
WorkloadActual  43: 16 op, 38900.00 ns, 2.4313 us/op
WorkloadActual  44: 16 op, 62300.00 ns, 3.8938 us/op
WorkloadActual  45: 16 op, 31300.00 ns, 1.9563 us/op
WorkloadActual  46: 16 op, 58900.00 ns, 3.6813 us/op
WorkloadActual  47: 16 op, 57000.00 ns, 3.5625 us/op
WorkloadActual  48: 16 op, 55300.00 ns, 3.4563 us/op
WorkloadActual  49: 16 op, 54000.00 ns, 3.3750 us/op
WorkloadActual  50: 16 op, 40800.00 ns, 2.5500 us/op
WorkloadActual  51: 16 op, 44600.00 ns, 2.7875 us/op
WorkloadActual  52: 16 op, 41900.00 ns, 2.6188 us/op
WorkloadActual  53: 16 op, 46100.00 ns, 2.8813 us/op
WorkloadActual  54: 16 op, 47300.00 ns, 2.9563 us/op
WorkloadActual  55: 16 op, 56200.00 ns, 3.5125 us/op
WorkloadActual  56: 16 op, 37700.00 ns, 2.3563 us/op
WorkloadActual  57: 16 op, 41700.00 ns, 2.6063 us/op
WorkloadActual  58: 16 op, 31800.00 ns, 1.9875 us/op
WorkloadActual  59: 16 op, 39000.00 ns, 2.4375 us/op
WorkloadActual  60: 16 op, 46800.00 ns, 2.9250 us/op
WorkloadActual  61: 16 op, 33000.00 ns, 2.0625 us/op
WorkloadActual  62: 16 op, 38700.00 ns, 2.4188 us/op
WorkloadActual  63: 16 op, 39100.00 ns, 2.4438 us/op
WorkloadActual  64: 16 op, 162400.00 ns, 10.1500 us/op
WorkloadActual  65: 16 op, 31400.00 ns, 1.9625 us/op
WorkloadActual  66: 16 op, 38000.00 ns, 2.3750 us/op
WorkloadActual  67: 16 op, 52300.00 ns, 3.2688 us/op
WorkloadActual  68: 16 op, 41100.00 ns, 2.5688 us/op
WorkloadActual  69: 16 op, 31700.00 ns, 1.9813 us/op
WorkloadActual  70: 16 op, 38800.00 ns, 2.4250 us/op
WorkloadActual  71: 16 op, 41200.00 ns, 2.5750 us/op
WorkloadActual  72: 16 op, 67800.00 ns, 4.2375 us/op
WorkloadActual  73: 16 op, 31500.00 ns, 1.9688 us/op
WorkloadActual  74: 16 op, 34400.00 ns, 2.1500 us/op
WorkloadActual  75: 16 op, 41600.00 ns, 2.6000 us/op
WorkloadActual  76: 16 op, 53000.00 ns, 3.3125 us/op
WorkloadActual  77: 16 op, 31300.00 ns, 1.9563 us/op
WorkloadActual  78: 16 op, 37900.00 ns, 2.3688 us/op
WorkloadActual  79: 16 op, 39400.00 ns, 2.4625 us/op
WorkloadActual  80: 16 op, 35900.00 ns, 2.2438 us/op
WorkloadActual  81: 16 op, 36100.00 ns, 2.2563 us/op
WorkloadActual  82: 16 op, 32100.00 ns, 2.0063 us/op
WorkloadActual  83: 16 op, 40000.00 ns, 2.5000 us/op
WorkloadActual  84: 16 op, 40400.00 ns, 2.5250 us/op
WorkloadActual  85: 16 op, 40300.00 ns, 2.5188 us/op
WorkloadActual  86: 16 op, 45600.00 ns, 2.8500 us/op
WorkloadActual  87: 16 op, 49300.00 ns, 3.0813 us/op
WorkloadActual  88: 16 op, 48400.00 ns, 3.0250 us/op
WorkloadActual  89: 16 op, 38600.00 ns, 2.4125 us/op
WorkloadActual  90: 16 op, 46000.00 ns, 2.8750 us/op
WorkloadActual  91: 16 op, 40600.00 ns, 2.5375 us/op
WorkloadActual  92: 16 op, 31500.00 ns, 1.9688 us/op
WorkloadActual  93: 16 op, 35900.00 ns, 2.2438 us/op
WorkloadActual  94: 16 op, 45000.00 ns, 2.8125 us/op
WorkloadActual  95: 16 op, 47700.00 ns, 2.9813 us/op
WorkloadActual  96: 16 op, 30900.00 ns, 1.9313 us/op
WorkloadActual  97: 16 op, 38200.00 ns, 2.3875 us/op
WorkloadActual  98: 16 op, 40300.00 ns, 2.5188 us/op
WorkloadActual  99: 16 op, 46100.00 ns, 2.8813 us/op
WorkloadActual  100: 16 op, 39300.00 ns, 2.4563 us/op

// AfterActualRun
WorkloadResult   1: 16 op, 38800.00 ns, 2.4250 us/op
WorkloadResult   2: 16 op, 60700.00 ns, 3.7938 us/op
WorkloadResult   3: 16 op, 47800.00 ns, 2.9875 us/op
WorkloadResult   4: 16 op, 49900.00 ns, 3.1188 us/op
WorkloadResult   5: 16 op, 52900.00 ns, 3.3063 us/op
WorkloadResult   6: 16 op, 40600.00 ns, 2.5375 us/op
WorkloadResult   7: 16 op, 56900.00 ns, 3.5563 us/op
WorkloadResult   8: 16 op, 44300.00 ns, 2.7688 us/op
WorkloadResult   9: 16 op, 40100.00 ns, 2.5063 us/op
WorkloadResult  10: 16 op, 34500.00 ns, 2.1563 us/op
WorkloadResult  11: 16 op, 51800.00 ns, 3.2375 us/op
WorkloadResult  12: 16 op, 40800.00 ns, 2.5500 us/op
WorkloadResult  13: 16 op, 45100.00 ns, 2.8188 us/op
WorkloadResult  14: 16 op, 44300.00 ns, 2.7688 us/op
WorkloadResult  15: 16 op, 36600.00 ns, 2.2875 us/op
WorkloadResult  16: 16 op, 38600.00 ns, 2.4125 us/op
WorkloadResult  17: 16 op, 41300.00 ns, 2.5813 us/op
WorkloadResult  18: 16 op, 43700.00 ns, 2.7313 us/op
WorkloadResult  19: 16 op, 31300.00 ns, 1.9563 us/op
WorkloadResult  20: 16 op, 32000.00 ns, 2.0000 us/op
WorkloadResult  21: 16 op, 32800.00 ns, 2.0500 us/op
WorkloadResult  22: 16 op, 33700.00 ns, 2.1063 us/op
WorkloadResult  23: 16 op, 38000.00 ns, 2.3750 us/op
WorkloadResult  24: 16 op, 41700.00 ns, 2.6063 us/op
WorkloadResult  25: 16 op, 32200.00 ns, 2.0125 us/op
WorkloadResult  26: 16 op, 32200.00 ns, 2.0125 us/op
WorkloadResult  27: 16 op, 38700.00 ns, 2.4188 us/op
WorkloadResult  28: 16 op, 42600.00 ns, 2.6625 us/op
WorkloadResult  29: 16 op, 37200.00 ns, 2.3250 us/op
WorkloadResult  30: 16 op, 37400.00 ns, 2.3375 us/op
WorkloadResult  31: 16 op, 37600.00 ns, 2.3500 us/op
WorkloadResult  32: 16 op, 41200.00 ns, 2.5750 us/op
WorkloadResult  33: 16 op, 31100.00 ns, 1.9438 us/op
WorkloadResult  34: 16 op, 31400.00 ns, 1.9625 us/op
WorkloadResult  35: 16 op, 49600.00 ns, 3.1000 us/op
WorkloadResult  36: 16 op, 49900.00 ns, 3.1188 us/op
WorkloadResult  37: 16 op, 39600.00 ns, 2.4750 us/op
WorkloadResult  38: 16 op, 31900.00 ns, 1.9938 us/op
WorkloadResult  39: 16 op, 38800.00 ns, 2.4250 us/op
WorkloadResult  40: 16 op, 62200.00 ns, 3.8875 us/op
WorkloadResult  41: 16 op, 31200.00 ns, 1.9500 us/op
WorkloadResult  42: 16 op, 58800.00 ns, 3.6750 us/op
WorkloadResult  43: 16 op, 56900.00 ns, 3.5563 us/op
WorkloadResult  44: 16 op, 55200.00 ns, 3.4500 us/op
WorkloadResult  45: 16 op, 53900.00 ns, 3.3688 us/op
WorkloadResult  46: 16 op, 40700.00 ns, 2.5438 us/op
WorkloadResult  47: 16 op, 44500.00 ns, 2.7813 us/op
WorkloadResult  48: 16 op, 41800.00 ns, 2.6125 us/op
WorkloadResult  49: 16 op, 46000.00 ns, 2.8750 us/op
WorkloadResult  50: 16 op, 47200.00 ns, 2.9500 us/op
WorkloadResult  51: 16 op, 56100.00 ns, 3.5063 us/op
WorkloadResult  52: 16 op, 37600.00 ns, 2.3500 us/op
WorkloadResult  53: 16 op, 41600.00 ns, 2.6000 us/op
WorkloadResult  54: 16 op, 31700.00 ns, 1.9813 us/op
WorkloadResult  55: 16 op, 38900.00 ns, 2.4313 us/op
WorkloadResult  56: 16 op, 46700.00 ns, 2.9188 us/op
WorkloadResult  57: 16 op, 32900.00 ns, 2.0563 us/op
WorkloadResult  58: 16 op, 38600.00 ns, 2.4125 us/op
WorkloadResult  59: 16 op, 39000.00 ns, 2.4375 us/op
WorkloadResult  60: 16 op, 31300.00 ns, 1.9563 us/op
WorkloadResult  61: 16 op, 37900.00 ns, 2.3688 us/op
WorkloadResult  62: 16 op, 52200.00 ns, 3.2625 us/op
WorkloadResult  63: 16 op, 41000.00 ns, 2.5625 us/op
WorkloadResult  64: 16 op, 31600.00 ns, 1.9750 us/op
WorkloadResult  65: 16 op, 38700.00 ns, 2.4188 us/op
WorkloadResult  66: 16 op, 41100.00 ns, 2.5688 us/op
WorkloadResult  67: 16 op, 31400.00 ns, 1.9625 us/op
WorkloadResult  68: 16 op, 34300.00 ns, 2.1438 us/op
WorkloadResult  69: 16 op, 41500.00 ns, 2.5938 us/op
WorkloadResult  70: 16 op, 52900.00 ns, 3.3063 us/op
WorkloadResult  71: 16 op, 31200.00 ns, 1.9500 us/op
WorkloadResult  72: 16 op, 37800.00 ns, 2.3625 us/op
WorkloadResult  73: 16 op, 39300.00 ns, 2.4563 us/op
WorkloadResult  74: 16 op, 35800.00 ns, 2.2375 us/op
WorkloadResult  75: 16 op, 36000.00 ns, 2.2500 us/op
WorkloadResult  76: 16 op, 32000.00 ns, 2.0000 us/op
WorkloadResult  77: 16 op, 39900.00 ns, 2.4938 us/op
WorkloadResult  78: 16 op, 40300.00 ns, 2.5188 us/op
WorkloadResult  79: 16 op, 40200.00 ns, 2.5125 us/op
WorkloadResult  80: 16 op, 45500.00 ns, 2.8438 us/op
WorkloadResult  81: 16 op, 49200.00 ns, 3.0750 us/op
WorkloadResult  82: 16 op, 48300.00 ns, 3.0188 us/op
WorkloadResult  83: 16 op, 38500.00 ns, 2.4063 us/op
WorkloadResult  84: 16 op, 45900.00 ns, 2.8688 us/op
WorkloadResult  85: 16 op, 40500.00 ns, 2.5313 us/op
WorkloadResult  86: 16 op, 31400.00 ns, 1.9625 us/op
WorkloadResult  87: 16 op, 35800.00 ns, 2.2375 us/op
WorkloadResult  88: 16 op, 44900.00 ns, 2.8063 us/op
WorkloadResult  89: 16 op, 47600.00 ns, 2.9750 us/op
WorkloadResult  90: 16 op, 30800.00 ns, 1.9250 us/op
WorkloadResult  91: 16 op, 38100.00 ns, 2.3813 us/op
WorkloadResult  92: 16 op, 40200.00 ns, 2.5125 us/op
WorkloadResult  93: 16 op, 46000.00 ns, 2.8750 us/op
WorkloadResult  94: 16 op, 39200.00 ns, 2.4500 us/op
// GC:  0 0 0 425968 16
// Threading:  0 0 16

// AfterAll
// Benchmark Process 10480 has exited with code 0.

Mean = 2.579 μs, StdErr = 0.049 μs (1.91%), N = 94, StdDev = 0.477 μs
Min = 1.925 μs, Q1 = 2.259 μs, Median = 2.509 μs, Q3 = 2.862 μs, Max = 3.888 μs
IQR = 0.603 μs, LowerFence = 1.355 μs, UpperFence = 3.767 μs
ConfidenceInterval = [2.412 μs; 2.746 μs] (CI 99.9%), Margin = 0.167 μs (6.48% of Mean)
Skewness = 0.7, Kurtosis = 2.89, MValue = 3.53

// ** Remained 9 (60,0%) benchmark(s) to run. Estimated finish 2026-09-11 16:14 (0h 0m from now) **
Setup power plan (GUID: 8c5e7fda-e8bf-4a96-9a85-a6e23a8c635c FriendlyName: High performance)
// **************************
// Benchmark: HierarchyBenchmarks.Move: Job-IHQVRN(InvocationCount=1, UnrollFactor=1) [NodeCount=1000]
// *** Execute ***
// Launch: 1 / 1
// Execute: dotnet 0dd2092b-0a91-44cc-aa82-d11618bf258f.dll --anonymousPipes 2056 2204 --benchmarkName "HierarchyBenchmarks.Move(NodeCount: 1000)" --job "InvocationCount=1, UnrollFactor=1" --benchmarkId 6 in D:\HierarchyKit\benchmarks\HierarchyKit.Benchmarks\bin\Release\net10.0\0dd2092b-0a91-44cc-aa82-d11618bf258f\bin\Release\net10.0
// BeforeAnythingElse

// Benchmark Process Environment Information:
// BenchmarkDotNet v0.14.0
// Runtime=.NET 10.0.12 (10.0.1226.42308), X64 RyuJIT AVX2
// GC=Non-concurrent Workstation
// HardwareIntrinsics=AVX2,AES,BMI1,BMI2,FMA,LZCNT,PCLMUL,POPCNT,AvxVnni,SERIALIZE VectorSize=256
// Job: Job-NXPWTP(InvocationCount=1, UnrollFactor=1)

OverheadJitting  1: 16 op, 184900.00 ns, 11.5563 us/op
WorkloadJitting  1: 16 op, 1065700.00 ns, 66.6063 us/op

OverheadWarmup   1: 16 op, 300.00 ns, 18.7500 ns/op
OverheadWarmup   2: 16 op, 200.00 ns, 12.5000 ns/op
OverheadWarmup   3: 16 op, 200.00 ns, 12.5000 ns/op
OverheadWarmup   4: 16 op, 200.00 ns, 12.5000 ns/op
OverheadWarmup   5: 16 op, 400.00 ns, 25.0000 ns/op
OverheadWarmup   6: 16 op, 100.00 ns, 6.2500 ns/op

OverheadActual   1: 16 op, 200.00 ns, 12.5000 ns/op
OverheadActual   2: 16 op, 200.00 ns, 12.5000 ns/op
OverheadActual   3: 16 op, 200.00 ns, 12.5000 ns/op
OverheadActual   4: 16 op, 100.00 ns, 6.2500 ns/op
OverheadActual   5: 16 op, 200.00 ns, 12.5000 ns/op
OverheadActual   6: 16 op, 200.00 ns, 12.5000 ns/op
OverheadActual   7: 16 op, 200.00 ns, 12.5000 ns/op
OverheadActual   8: 16 op, 200.00 ns, 12.5000 ns/op
OverheadActual   9: 16 op, 200.00 ns, 12.5000 ns/op
OverheadActual  10: 16 op, 100.00 ns, 6.2500 ns/op
OverheadActual  11: 16 op, 100.00 ns, 6.2500 ns/op
OverheadActual  12: 16 op, 0.00 ns, 0.0000 ns/op
OverheadActual  13: 16 op, 100.00 ns, 6.2500 ns/op
OverheadActual  14: 16 op, 100.00 ns, 6.2500 ns/op
OverheadActual  15: 16 op, 200.00 ns, 12.5000 ns/op
OverheadActual  16: 16 op, 200.00 ns, 12.5000 ns/op
OverheadActual  17: 16 op, 0.00 ns, 0.0000 ns/op
OverheadActual  18: 16 op, 100.00 ns, 6.2500 ns/op
OverheadActual  19: 16 op, 100.00 ns, 6.2500 ns/op
OverheadActual  20: 16 op, 0.00 ns, 0.0000 ns/op

WorkloadWarmup   1: 16 op, 231300.00 ns, 14.4563 us/op
WorkloadWarmup   2: 16 op, 213300.00 ns, 13.3313 us/op
WorkloadWarmup   3: 16 op, 237200.00 ns, 14.8250 us/op
WorkloadWarmup   4: 16 op, 203000.00 ns, 12.6875 us/op
WorkloadWarmup   5: 16 op, 196100.00 ns, 12.2563 us/op
WorkloadWarmup   6: 16 op, 202800.00 ns, 12.6750 us/op
WorkloadWarmup   7: 16 op, 199400.00 ns, 12.4625 us/op

// BeforeActualRun
WorkloadActual   1: 16 op, 189600.00 ns, 11.8500 us/op
WorkloadActual   2: 16 op, 213500.00 ns, 13.3438 us/op
WorkloadActual   3: 16 op, 213700.00 ns, 13.3563 us/op
WorkloadActual   4: 16 op, 205500.00 ns, 12.8438 us/op
WorkloadActual   5: 16 op, 228100.00 ns, 14.2563 us/op
WorkloadActual   6: 16 op, 224000.00 ns, 14.0000 us/op
WorkloadActual   7: 16 op, 217500.00 ns, 13.5938 us/op
WorkloadActual   8: 16 op, 242700.00 ns, 15.1688 us/op
WorkloadActual   9: 16 op, 220400.00 ns, 13.7750 us/op
WorkloadActual  10: 16 op, 224800.00 ns, 14.0500 us/op
WorkloadActual  11: 16 op, 221600.00 ns, 13.8500 us/op
WorkloadActual  12: 16 op, 219100.00 ns, 13.6938 us/op
WorkloadActual  13: 16 op, 211800.00 ns, 13.2375 us/op
WorkloadActual  14: 16 op, 190300.00 ns, 11.8938 us/op
WorkloadActual  15: 16 op, 220300.00 ns, 13.7688 us/op
WorkloadActual  16: 16 op, 222300.00 ns, 13.8938 us/op
WorkloadActual  17: 16 op, 209200.00 ns, 13.0750 us/op
WorkloadActual  18: 16 op, 326800.00 ns, 20.4250 us/op
WorkloadActual  19: 16 op, 326100.00 ns, 20.3813 us/op
WorkloadActual  20: 16 op, 197800.00 ns, 12.3625 us/op
WorkloadActual  21: 16 op, 194200.00 ns, 12.1375 us/op
WorkloadActual  22: 16 op, 185100.00 ns, 11.5688 us/op
WorkloadActual  23: 16 op, 193400.00 ns, 12.0875 us/op
WorkloadActual  24: 16 op, 198400.00 ns, 12.4000 us/op
WorkloadActual  25: 16 op, 183400.00 ns, 11.4625 us/op
WorkloadActual  26: 16 op, 192800.00 ns, 12.0500 us/op
WorkloadActual  27: 16 op, 186900.00 ns, 11.6813 us/op
WorkloadActual  28: 16 op, 193900.00 ns, 12.1188 us/op
WorkloadActual  29: 16 op, 190000.00 ns, 11.8750 us/op
WorkloadActual  30: 16 op, 197100.00 ns, 12.3188 us/op
WorkloadActual  31: 16 op, 196300.00 ns, 12.2688 us/op
WorkloadActual  32: 16 op, 393900.00 ns, 24.6188 us/op
WorkloadActual  33: 16 op, 181800.00 ns, 11.3625 us/op
WorkloadActual  34: 16 op, 200700.00 ns, 12.5438 us/op
WorkloadActual  35: 16 op, 199000.00 ns, 12.4375 us/op
WorkloadActual  36: 16 op, 191200.00 ns, 11.9500 us/op
WorkloadActual  37: 16 op, 218100.00 ns, 13.6313 us/op
WorkloadActual  38: 16 op, 199400.00 ns, 12.4625 us/op
WorkloadActual  39: 16 op, 201600.00 ns, 12.6000 us/op
WorkloadActual  40: 16 op, 219400.00 ns, 13.7125 us/op
WorkloadActual  41: 16 op, 218300.00 ns, 13.6438 us/op
WorkloadActual  42: 16 op, 200800.00 ns, 12.5500 us/op
WorkloadActual  43: 16 op, 201300.00 ns, 12.5813 us/op
WorkloadActual  44: 16 op, 193900.00 ns, 12.1188 us/op
WorkloadActual  45: 16 op, 218300.00 ns, 13.6438 us/op
WorkloadActual  46: 16 op, 201000.00 ns, 12.5625 us/op
WorkloadActual  47: 16 op, 195100.00 ns, 12.1938 us/op
WorkloadActual  48: 16 op, 221300.00 ns, 13.8313 us/op
WorkloadActual  49: 16 op, 199200.00 ns, 12.4500 us/op
WorkloadActual  50: 16 op, 208900.00 ns, 13.0563 us/op
WorkloadActual  51: 16 op, 189000.00 ns, 11.8125 us/op
WorkloadActual  52: 16 op, 199800.00 ns, 12.4875 us/op
WorkloadActual  53: 16 op, 197100.00 ns, 12.3188 us/op
WorkloadActual  54: 16 op, 194600.00 ns, 12.1625 us/op
WorkloadActual  55: 16 op, 187100.00 ns, 11.6938 us/op
WorkloadActual  56: 16 op, 189200.00 ns, 11.8250 us/op
WorkloadActual  57: 16 op, 206100.00 ns, 12.8813 us/op
WorkloadActual  58: 16 op, 211200.00 ns, 13.2000 us/op
WorkloadActual  59: 16 op, 187200.00 ns, 11.7000 us/op
WorkloadActual  60: 16 op, 190800.00 ns, 11.9250 us/op
WorkloadActual  61: 16 op, 204800.00 ns, 12.8000 us/op
WorkloadActual  62: 16 op, 213500.00 ns, 13.3438 us/op
WorkloadActual  63: 16 op, 204600.00 ns, 12.7875 us/op
WorkloadActual  64: 16 op, 201500.00 ns, 12.5938 us/op
WorkloadActual  65: 16 op, 188700.00 ns, 11.7938 us/op
WorkloadActual  66: 16 op, 188800.00 ns, 11.8000 us/op
WorkloadActual  67: 16 op, 198500.00 ns, 12.4063 us/op
WorkloadActual  68: 16 op, 215100.00 ns, 13.4438 us/op
WorkloadActual  69: 16 op, 197300.00 ns, 12.3313 us/op
WorkloadActual  70: 16 op, 213700.00 ns, 13.3563 us/op
WorkloadActual  71: 16 op, 193300.00 ns, 12.0813 us/op
WorkloadActual  72: 16 op, 317100.00 ns, 19.8188 us/op
WorkloadActual  73: 16 op, 204300.00 ns, 12.7688 us/op
WorkloadActual  74: 16 op, 188100.00 ns, 11.7563 us/op
WorkloadActual  75: 16 op, 194700.00 ns, 12.1688 us/op
WorkloadActual  76: 16 op, 220600.00 ns, 13.7875 us/op
WorkloadActual  77: 16 op, 215600.00 ns, 13.4750 us/op
WorkloadActual  78: 16 op, 201600.00 ns, 12.6000 us/op
WorkloadActual  79: 16 op, 207000.00 ns, 12.9375 us/op
WorkloadActual  80: 16 op, 196000.00 ns, 12.2500 us/op
WorkloadActual  81: 16 op, 189100.00 ns, 11.8188 us/op
WorkloadActual  82: 16 op, 203300.00 ns, 12.7063 us/op
WorkloadActual  83: 16 op, 208000.00 ns, 13.0000 us/op
WorkloadActual  84: 16 op, 201500.00 ns, 12.5938 us/op
WorkloadActual  85: 16 op, 215800.00 ns, 13.4875 us/op
WorkloadActual  86: 16 op, 210800.00 ns, 13.1750 us/op
WorkloadActual  87: 16 op, 194700.00 ns, 12.1688 us/op
WorkloadActual  88: 16 op, 191900.00 ns, 11.9938 us/op
WorkloadActual  89: 16 op, 207000.00 ns, 12.9375 us/op
WorkloadActual  90: 16 op, 198000.00 ns, 12.3750 us/op
WorkloadActual  91: 16 op, 216500.00 ns, 13.5313 us/op
WorkloadActual  92: 16 op, 204000.00 ns, 12.7500 us/op
WorkloadActual  93: 16 op, 184200.00 ns, 11.5125 us/op
WorkloadActual  94: 16 op, 206200.00 ns, 12.8875 us/op
WorkloadActual  95: 16 op, 230500.00 ns, 14.4063 us/op
WorkloadActual  96: 16 op, 208800.00 ns, 13.0500 us/op
WorkloadActual  97: 16 op, 356400.00 ns, 22.2750 us/op
WorkloadActual  98: 16 op, 209600.00 ns, 13.1000 us/op
WorkloadActual  99: 16 op, 215400.00 ns, 13.4625 us/op
WorkloadActual  100: 16 op, 188500.00 ns, 11.7813 us/op

// AfterActualRun
WorkloadResult   1: 16 op, 189450.00 ns, 11.8406 us/op
WorkloadResult   2: 16 op, 213350.00 ns, 13.3344 us/op
WorkloadResult   3: 16 op, 213550.00 ns, 13.3469 us/op
WorkloadResult   4: 16 op, 205350.00 ns, 12.8344 us/op
WorkloadResult   5: 16 op, 227950.00 ns, 14.2469 us/op
WorkloadResult   6: 16 op, 223850.00 ns, 13.9906 us/op
WorkloadResult   7: 16 op, 217350.00 ns, 13.5844 us/op
WorkloadResult   8: 16 op, 242550.00 ns, 15.1594 us/op
WorkloadResult   9: 16 op, 220250.00 ns, 13.7656 us/op
WorkloadResult  10: 16 op, 224650.00 ns, 14.0406 us/op
WorkloadResult  11: 16 op, 221450.00 ns, 13.8406 us/op
WorkloadResult  12: 16 op, 218950.00 ns, 13.6844 us/op
WorkloadResult  13: 16 op, 211650.00 ns, 13.2281 us/op
WorkloadResult  14: 16 op, 190150.00 ns, 11.8844 us/op
WorkloadResult  15: 16 op, 220150.00 ns, 13.7594 us/op
WorkloadResult  16: 16 op, 222150.00 ns, 13.8844 us/op
WorkloadResult  17: 16 op, 209050.00 ns, 13.0656 us/op
WorkloadResult  18: 16 op, 197650.00 ns, 12.3531 us/op
WorkloadResult  19: 16 op, 194050.00 ns, 12.1281 us/op
WorkloadResult  20: 16 op, 184950.00 ns, 11.5594 us/op
WorkloadResult  21: 16 op, 193250.00 ns, 12.0781 us/op
WorkloadResult  22: 16 op, 198250.00 ns, 12.3906 us/op
WorkloadResult  23: 16 op, 183250.00 ns, 11.4531 us/op
WorkloadResult  24: 16 op, 192650.00 ns, 12.0406 us/op
WorkloadResult  25: 16 op, 186750.00 ns, 11.6719 us/op
WorkloadResult  26: 16 op, 193750.00 ns, 12.1094 us/op
WorkloadResult  27: 16 op, 189850.00 ns, 11.8656 us/op
WorkloadResult  28: 16 op, 196950.00 ns, 12.3094 us/op
WorkloadResult  29: 16 op, 196150.00 ns, 12.2594 us/op
WorkloadResult  30: 16 op, 181650.00 ns, 11.3531 us/op
WorkloadResult  31: 16 op, 200550.00 ns, 12.5344 us/op
WorkloadResult  32: 16 op, 198850.00 ns, 12.4281 us/op
WorkloadResult  33: 16 op, 191050.00 ns, 11.9406 us/op
WorkloadResult  34: 16 op, 217950.00 ns, 13.6219 us/op
WorkloadResult  35: 16 op, 199250.00 ns, 12.4531 us/op
WorkloadResult  36: 16 op, 201450.00 ns, 12.5906 us/op
WorkloadResult  37: 16 op, 219250.00 ns, 13.7031 us/op
WorkloadResult  38: 16 op, 218150.00 ns, 13.6344 us/op
WorkloadResult  39: 16 op, 200650.00 ns, 12.5406 us/op
WorkloadResult  40: 16 op, 201150.00 ns, 12.5719 us/op
WorkloadResult  41: 16 op, 193750.00 ns, 12.1094 us/op
WorkloadResult  42: 16 op, 218150.00 ns, 13.6344 us/op
WorkloadResult  43: 16 op, 200850.00 ns, 12.5531 us/op
WorkloadResult  44: 16 op, 194950.00 ns, 12.1844 us/op
WorkloadResult  45: 16 op, 221150.00 ns, 13.8219 us/op
WorkloadResult  46: 16 op, 199050.00 ns, 12.4406 us/op
WorkloadResult  47: 16 op, 208750.00 ns, 13.0469 us/op
WorkloadResult  48: 16 op, 188850.00 ns, 11.8031 us/op
WorkloadResult  49: 16 op, 199650.00 ns, 12.4781 us/op
WorkloadResult  50: 16 op, 196950.00 ns, 12.3094 us/op
WorkloadResult  51: 16 op, 194450.00 ns, 12.1531 us/op
WorkloadResult  52: 16 op, 186950.00 ns, 11.6844 us/op
WorkloadResult  53: 16 op, 189050.00 ns, 11.8156 us/op
WorkloadResult  54: 16 op, 205950.00 ns, 12.8719 us/op
WorkloadResult  55: 16 op, 211050.00 ns, 13.1906 us/op
WorkloadResult  56: 16 op, 187050.00 ns, 11.6906 us/op
WorkloadResult  57: 16 op, 190650.00 ns, 11.9156 us/op
WorkloadResult  58: 16 op, 204650.00 ns, 12.7906 us/op
WorkloadResult  59: 16 op, 213350.00 ns, 13.3344 us/op
WorkloadResult  60: 16 op, 204450.00 ns, 12.7781 us/op
WorkloadResult  61: 16 op, 201350.00 ns, 12.5844 us/op
WorkloadResult  62: 16 op, 188550.00 ns, 11.7844 us/op
WorkloadResult  63: 16 op, 188650.00 ns, 11.7906 us/op
WorkloadResult  64: 16 op, 198350.00 ns, 12.3969 us/op
WorkloadResult  65: 16 op, 214950.00 ns, 13.4344 us/op
WorkloadResult  66: 16 op, 197150.00 ns, 12.3219 us/op
WorkloadResult  67: 16 op, 213550.00 ns, 13.3469 us/op
WorkloadResult  68: 16 op, 193150.00 ns, 12.0719 us/op
WorkloadResult  69: 16 op, 204150.00 ns, 12.7594 us/op
WorkloadResult  70: 16 op, 187950.00 ns, 11.7469 us/op
WorkloadResult  71: 16 op, 194550.00 ns, 12.1594 us/op
WorkloadResult  72: 16 op, 220450.00 ns, 13.7781 us/op
WorkloadResult  73: 16 op, 215450.00 ns, 13.4656 us/op
WorkloadResult  74: 16 op, 201450.00 ns, 12.5906 us/op
WorkloadResult  75: 16 op, 206850.00 ns, 12.9281 us/op
WorkloadResult  76: 16 op, 195850.00 ns, 12.2406 us/op
WorkloadResult  77: 16 op, 188950.00 ns, 11.8094 us/op
WorkloadResult  78: 16 op, 203150.00 ns, 12.6969 us/op
WorkloadResult  79: 16 op, 207850.00 ns, 12.9906 us/op
WorkloadResult  80: 16 op, 201350.00 ns, 12.5844 us/op
WorkloadResult  81: 16 op, 215650.00 ns, 13.4781 us/op
WorkloadResult  82: 16 op, 210650.00 ns, 13.1656 us/op
WorkloadResult  83: 16 op, 194550.00 ns, 12.1594 us/op
WorkloadResult  84: 16 op, 191750.00 ns, 11.9844 us/op
WorkloadResult  85: 16 op, 206850.00 ns, 12.9281 us/op
WorkloadResult  86: 16 op, 197850.00 ns, 12.3656 us/op
WorkloadResult  87: 16 op, 216350.00 ns, 13.5219 us/op
WorkloadResult  88: 16 op, 203850.00 ns, 12.7406 us/op
WorkloadResult  89: 16 op, 184050.00 ns, 11.5031 us/op
WorkloadResult  90: 16 op, 206050.00 ns, 12.8781 us/op
WorkloadResult  91: 16 op, 230350.00 ns, 14.3969 us/op
WorkloadResult  92: 16 op, 208650.00 ns, 13.0406 us/op
WorkloadResult  93: 16 op, 209450.00 ns, 13.0906 us/op
WorkloadResult  94: 16 op, 215250.00 ns, 13.4531 us/op
WorkloadResult  95: 16 op, 188350.00 ns, 11.7719 us/op
// GC:  0 0 0 425584 16
// Threading:  0 0 16

// AfterAll
// Benchmark Process 25808 has exited with code 0.

Mean = 12.712 μs, StdErr = 0.080 μs (0.63%), N = 95, StdDev = 0.782 μs
Min = 11.353 μs, Q1 = 12.109 μs, Median = 12.584 μs, Q3 = 13.341 μs, Max = 15.159 μs
IQR = 1.231 μs, LowerFence = 10.262 μs, UpperFence = 15.188 μs
ConfidenceInterval = [12.439 μs; 12.985 μs] (CI 99.9%), Margin = 0.273 μs (2.15% of Mean)
Skewness = 0.47, Kurtosis = 2.63, MValue = 2.24

// ** Remained 8 (53,3%) benchmark(s) to run. Estimated finish 2026-09-11 16:14 (0h 0m from now) **
Setup power plan (GUID: 8c5e7fda-e8bf-4a96-9a85-a6e23a8c635c FriendlyName: High performance)
// **************************
// Benchmark: HierarchyBenchmarks.Remove: Job-IHQVRN(InvocationCount=1, UnrollFactor=1) [NodeCount=1000]
// *** Execute ***
// Launch: 1 / 1
// Execute: dotnet 0dd2092b-0a91-44cc-aa82-d11618bf258f.dll --anonymousPipes 2056 2204 --benchmarkName "HierarchyBenchmarks.Remove(NodeCount: 1000)" --job "InvocationCount=1, UnrollFactor=1" --benchmarkId 7 in D:\HierarchyKit\benchmarks\HierarchyKit.Benchmarks\bin\Release\net10.0\0dd2092b-0a91-44cc-aa82-d11618bf258f\bin\Release\net10.0
// BeforeAnythingElse

// Benchmark Process Environment Information:
// BenchmarkDotNet v0.14.0
// Runtime=.NET 10.0.12 (10.0.1226.42308), X64 RyuJIT AVX2
// GC=Non-concurrent Workstation
// HardwareIntrinsics=AVX2,AES,BMI1,BMI2,FMA,LZCNT,PCLMUL,POPCNT,AvxVnni,SERIALIZE VectorSize=256
// Job: Job-FSPQFJ(InvocationCount=1, UnrollFactor=1)

OverheadJitting  1: 16 op, 197000.00 ns, 12.3125 us/op
WorkloadJitting  1: 16 op, 1769300.00 ns, 110.5813 us/op

OverheadWarmup   1: 16 op, 300.00 ns, 18.7500 ns/op
OverheadWarmup   2: 16 op, 300.00 ns, 18.7500 ns/op
OverheadWarmup   3: 16 op, 300.00 ns, 18.7500 ns/op
OverheadWarmup   4: 16 op, 200.00 ns, 12.5000 ns/op
OverheadWarmup   5: 16 op, 200.00 ns, 12.5000 ns/op

OverheadActual   1: 16 op, 200.00 ns, 12.5000 ns/op
OverheadActual   2: 16 op, 100.00 ns, 6.2500 ns/op
OverheadActual   3: 16 op, 200.00 ns, 12.5000 ns/op
OverheadActual   4: 16 op, 200.00 ns, 12.5000 ns/op
OverheadActual   5: 16 op, 100.00 ns, 6.2500 ns/op
OverheadActual   6: 16 op, 200.00 ns, 12.5000 ns/op
OverheadActual   7: 16 op, 200.00 ns, 12.5000 ns/op
OverheadActual   8: 16 op, 100.00 ns, 6.2500 ns/op
OverheadActual   9: 16 op, 100.00 ns, 6.2500 ns/op
OverheadActual  10: 16 op, 100.00 ns, 6.2500 ns/op
OverheadActual  11: 16 op, 100.00 ns, 6.2500 ns/op
OverheadActual  12: 16 op, 100.00 ns, 6.2500 ns/op
OverheadActual  13: 16 op, 100.00 ns, 6.2500 ns/op
OverheadActual  14: 16 op, 100.00 ns, 6.2500 ns/op
OverheadActual  15: 16 op, 200.00 ns, 12.5000 ns/op
OverheadActual  16: 16 op, 100.00 ns, 6.2500 ns/op
OverheadActual  17: 16 op, 100.00 ns, 6.2500 ns/op
OverheadActual  18: 16 op, 100.00 ns, 6.2500 ns/op
OverheadActual  19: 16 op, 200.00 ns, 12.5000 ns/op
OverheadActual  20: 16 op, 100.00 ns, 6.2500 ns/op

WorkloadWarmup   1: 16 op, 220800.00 ns, 13.8000 us/op
WorkloadWarmup   2: 16 op, 214700.00 ns, 13.4188 us/op
WorkloadWarmup   3: 16 op, 200900.00 ns, 12.5563 us/op
WorkloadWarmup   4: 16 op, 192900.00 ns, 12.0563 us/op
WorkloadWarmup   5: 16 op, 204300.00 ns, 12.7688 us/op
WorkloadWarmup   6: 16 op, 191400.00 ns, 11.9625 us/op
WorkloadWarmup   7: 16 op, 192800.00 ns, 12.0500 us/op
WorkloadWarmup   8: 16 op, 203800.00 ns, 12.7375 us/op
WorkloadWarmup   9: 16 op, 231100.00 ns, 14.4438 us/op
WorkloadWarmup  10: 16 op, 225900.00 ns, 14.1188 us/op

// BeforeActualRun
WorkloadActual   1: 16 op, 249600.00 ns, 15.6000 us/op
WorkloadActual   2: 16 op, 256600.00 ns, 16.0375 us/op
WorkloadActual   3: 16 op, 264200.00 ns, 16.5125 us/op
WorkloadActual   4: 16 op, 237600.00 ns, 14.8500 us/op
WorkloadActual   5: 16 op, 291400.00 ns, 18.2125 us/op
WorkloadActual   6: 16 op, 236800.00 ns, 14.8000 us/op
WorkloadActual   7: 16 op, 188200.00 ns, 11.7625 us/op
WorkloadActual   8: 16 op, 324100.00 ns, 20.2563 us/op
WorkloadActual   9: 16 op, 190300.00 ns, 11.8938 us/op
WorkloadActual  10: 16 op, 317500.00 ns, 19.8438 us/op
WorkloadActual  11: 16 op, 187800.00 ns, 11.7375 us/op
WorkloadActual  12: 16 op, 196000.00 ns, 12.2500 us/op
WorkloadActual  13: 16 op, 219000.00 ns, 13.6875 us/op
WorkloadActual  14: 16 op, 201900.00 ns, 12.6188 us/op
WorkloadActual  15: 16 op, 340700.00 ns, 21.2938 us/op
WorkloadActual  16: 16 op, 311000.00 ns, 19.4375 us/op
WorkloadActual  17: 16 op, 187900.00 ns, 11.7438 us/op
WorkloadActual  18: 16 op, 210800.00 ns, 13.1750 us/op
WorkloadActual  19: 16 op, 191700.00 ns, 11.9813 us/op
WorkloadActual  20: 16 op, 188700.00 ns, 11.7938 us/op
WorkloadActual  21: 16 op, 218600.00 ns, 13.6625 us/op
WorkloadActual  22: 16 op, 204700.00 ns, 12.7938 us/op
WorkloadActual  23: 16 op, 215000.00 ns, 13.4375 us/op
WorkloadActual  24: 16 op, 196000.00 ns, 12.2500 us/op
WorkloadActual  25: 16 op, 214400.00 ns, 13.4000 us/op
WorkloadActual  26: 16 op, 186000.00 ns, 11.6250 us/op
WorkloadActual  27: 16 op, 212600.00 ns, 13.2875 us/op
WorkloadActual  28: 16 op, 219500.00 ns, 13.7188 us/op
WorkloadActual  29: 16 op, 198700.00 ns, 12.4188 us/op
WorkloadActual  30: 16 op, 197600.00 ns, 12.3500 us/op
WorkloadActual  31: 16 op, 212800.00 ns, 13.3000 us/op
WorkloadActual  32: 16 op, 205600.00 ns, 12.8500 us/op
WorkloadActual  33: 16 op, 184100.00 ns, 11.5063 us/op
WorkloadActual  34: 16 op, 199500.00 ns, 12.4688 us/op
WorkloadActual  35: 16 op, 186100.00 ns, 11.6313 us/op
WorkloadActual  36: 16 op, 183600.00 ns, 11.4750 us/op
WorkloadActual  37: 16 op, 274100.00 ns, 17.1313 us/op
WorkloadActual  38: 16 op, 214800.00 ns, 13.4250 us/op
WorkloadActual  39: 16 op, 183900.00 ns, 11.4938 us/op
WorkloadActual  40: 16 op, 203000.00 ns, 12.6875 us/op
WorkloadActual  41: 16 op, 199900.00 ns, 12.4938 us/op
WorkloadActual  42: 16 op, 221100.00 ns, 13.8188 us/op
WorkloadActual  43: 16 op, 191000.00 ns, 11.9375 us/op
WorkloadActual  44: 16 op, 191300.00 ns, 11.9563 us/op
WorkloadActual  45: 16 op, 183800.00 ns, 11.4875 us/op
WorkloadActual  46: 16 op, 186900.00 ns, 11.6813 us/op
WorkloadActual  47: 16 op, 198500.00 ns, 12.4063 us/op
WorkloadActual  48: 16 op, 212300.00 ns, 13.2688 us/op
WorkloadActual  49: 16 op, 184100.00 ns, 11.5063 us/op
WorkloadActual  50: 16 op, 188700.00 ns, 11.7938 us/op
WorkloadActual  51: 16 op, 198600.00 ns, 12.4125 us/op
WorkloadActual  52: 16 op, 187900.00 ns, 11.7438 us/op
WorkloadActual  53: 16 op, 191400.00 ns, 11.9625 us/op
WorkloadActual  54: 16 op, 196400.00 ns, 12.2750 us/op
WorkloadActual  55: 16 op, 187900.00 ns, 11.7438 us/op
WorkloadActual  56: 16 op, 184700.00 ns, 11.5438 us/op
WorkloadActual  57: 16 op, 199200.00 ns, 12.4500 us/op
WorkloadActual  58: 16 op, 189800.00 ns, 11.8625 us/op
WorkloadActual  59: 16 op, 206800.00 ns, 12.9250 us/op
WorkloadActual  60: 16 op, 183700.00 ns, 11.4813 us/op
WorkloadActual  61: 16 op, 186300.00 ns, 11.6438 us/op
WorkloadActual  62: 16 op, 217600.00 ns, 13.6000 us/op
WorkloadActual  63: 16 op, 190000.00 ns, 11.8750 us/op
WorkloadActual  64: 16 op, 190100.00 ns, 11.8813 us/op
WorkloadActual  65: 16 op, 332600.00 ns, 20.7875 us/op
WorkloadActual  66: 16 op, 207000.00 ns, 12.9375 us/op
WorkloadActual  67: 16 op, 185500.00 ns, 11.5938 us/op
WorkloadActual  68: 16 op, 184000.00 ns, 11.5000 us/op
WorkloadActual  69: 16 op, 205700.00 ns, 12.8563 us/op
WorkloadActual  70: 16 op, 206600.00 ns, 12.9125 us/op
WorkloadActual  71: 16 op, 205500.00 ns, 12.8438 us/op
WorkloadActual  72: 16 op, 209700.00 ns, 13.1063 us/op
WorkloadActual  73: 16 op, 215000.00 ns, 13.4375 us/op
WorkloadActual  74: 16 op, 203200.00 ns, 12.7000 us/op
WorkloadActual  75: 16 op, 183400.00 ns, 11.4625 us/op
WorkloadActual  76: 16 op, 201300.00 ns, 12.5813 us/op
WorkloadActual  77: 16 op, 189400.00 ns, 11.8375 us/op
WorkloadActual  78: 16 op, 212000.00 ns, 13.2500 us/op
WorkloadActual  79: 16 op, 185300.00 ns, 11.5813 us/op
WorkloadActual  80: 16 op, 204400.00 ns, 12.7750 us/op
WorkloadActual  81: 16 op, 330700.00 ns, 20.6688 us/op
WorkloadActual  82: 16 op, 207400.00 ns, 12.9625 us/op
WorkloadActual  83: 16 op, 195900.00 ns, 12.2438 us/op
WorkloadActual  84: 16 op, 208100.00 ns, 13.0063 us/op
WorkloadActual  85: 16 op, 232700.00 ns, 14.5438 us/op
WorkloadActual  86: 16 op, 212400.00 ns, 13.2750 us/op
WorkloadActual  87: 16 op, 197600.00 ns, 12.3500 us/op
WorkloadActual  88: 16 op, 190700.00 ns, 11.9188 us/op
WorkloadActual  89: 16 op, 184300.00 ns, 11.5188 us/op
WorkloadActual  90: 16 op, 200700.00 ns, 12.5438 us/op
WorkloadActual  91: 16 op, 224300.00 ns, 14.0188 us/op
WorkloadActual  92: 16 op, 181600.00 ns, 11.3500 us/op
WorkloadActual  93: 16 op, 180300.00 ns, 11.2688 us/op
WorkloadActual  94: 16 op, 212100.00 ns, 13.2563 us/op
WorkloadActual  95: 16 op, 185700.00 ns, 11.6063 us/op
WorkloadActual  96: 16 op, 187500.00 ns, 11.7188 us/op
WorkloadActual  97: 16 op, 179100.00 ns, 11.1938 us/op
WorkloadActual  98: 16 op, 184700.00 ns, 11.5438 us/op
WorkloadActual  99: 16 op, 192100.00 ns, 12.0063 us/op
WorkloadActual  100: 16 op, 226800.00 ns, 14.1750 us/op

// AfterActualRun
WorkloadResult   1: 16 op, 249500.00 ns, 15.5938 us/op
WorkloadResult   2: 16 op, 237500.00 ns, 14.8438 us/op
WorkloadResult   3: 16 op, 236700.00 ns, 14.7938 us/op
WorkloadResult   4: 16 op, 188100.00 ns, 11.7563 us/op
WorkloadResult   5: 16 op, 190200.00 ns, 11.8875 us/op
WorkloadResult   6: 16 op, 187700.00 ns, 11.7313 us/op
WorkloadResult   7: 16 op, 195900.00 ns, 12.2438 us/op
WorkloadResult   8: 16 op, 218900.00 ns, 13.6813 us/op
WorkloadResult   9: 16 op, 201800.00 ns, 12.6125 us/op
WorkloadResult  10: 16 op, 187800.00 ns, 11.7375 us/op
WorkloadResult  11: 16 op, 210700.00 ns, 13.1688 us/op
WorkloadResult  12: 16 op, 191600.00 ns, 11.9750 us/op
WorkloadResult  13: 16 op, 188600.00 ns, 11.7875 us/op
WorkloadResult  14: 16 op, 218500.00 ns, 13.6563 us/op
WorkloadResult  15: 16 op, 204600.00 ns, 12.7875 us/op
WorkloadResult  16: 16 op, 214900.00 ns, 13.4313 us/op
WorkloadResult  17: 16 op, 195900.00 ns, 12.2438 us/op
WorkloadResult  18: 16 op, 214300.00 ns, 13.3938 us/op
WorkloadResult  19: 16 op, 185900.00 ns, 11.6188 us/op
WorkloadResult  20: 16 op, 212500.00 ns, 13.2813 us/op
WorkloadResult  21: 16 op, 219400.00 ns, 13.7125 us/op
WorkloadResult  22: 16 op, 198600.00 ns, 12.4125 us/op
WorkloadResult  23: 16 op, 197500.00 ns, 12.3438 us/op
WorkloadResult  24: 16 op, 212700.00 ns, 13.2938 us/op
WorkloadResult  25: 16 op, 205500.00 ns, 12.8438 us/op
WorkloadResult  26: 16 op, 184000.00 ns, 11.5000 us/op
WorkloadResult  27: 16 op, 199400.00 ns, 12.4625 us/op
WorkloadResult  28: 16 op, 186000.00 ns, 11.6250 us/op
WorkloadResult  29: 16 op, 183500.00 ns, 11.4688 us/op
WorkloadResult  30: 16 op, 214700.00 ns, 13.4188 us/op
WorkloadResult  31: 16 op, 183800.00 ns, 11.4875 us/op
WorkloadResult  32: 16 op, 202900.00 ns, 12.6813 us/op
WorkloadResult  33: 16 op, 199800.00 ns, 12.4875 us/op
WorkloadResult  34: 16 op, 221000.00 ns, 13.8125 us/op
WorkloadResult  35: 16 op, 190900.00 ns, 11.9313 us/op
WorkloadResult  36: 16 op, 191200.00 ns, 11.9500 us/op
WorkloadResult  37: 16 op, 183700.00 ns, 11.4813 us/op
WorkloadResult  38: 16 op, 186800.00 ns, 11.6750 us/op
WorkloadResult  39: 16 op, 198400.00 ns, 12.4000 us/op
WorkloadResult  40: 16 op, 212200.00 ns, 13.2625 us/op
WorkloadResult  41: 16 op, 184000.00 ns, 11.5000 us/op
WorkloadResult  42: 16 op, 188600.00 ns, 11.7875 us/op
WorkloadResult  43: 16 op, 198500.00 ns, 12.4063 us/op
WorkloadResult  44: 16 op, 187800.00 ns, 11.7375 us/op
WorkloadResult  45: 16 op, 191300.00 ns, 11.9563 us/op
WorkloadResult  46: 16 op, 196300.00 ns, 12.2688 us/op
WorkloadResult  47: 16 op, 187800.00 ns, 11.7375 us/op
WorkloadResult  48: 16 op, 184600.00 ns, 11.5375 us/op
WorkloadResult  49: 16 op, 199100.00 ns, 12.4438 us/op
WorkloadResult  50: 16 op, 189700.00 ns, 11.8563 us/op
WorkloadResult  51: 16 op, 206700.00 ns, 12.9188 us/op
WorkloadResult  52: 16 op, 183600.00 ns, 11.4750 us/op
WorkloadResult  53: 16 op, 186200.00 ns, 11.6375 us/op
WorkloadResult  54: 16 op, 217500.00 ns, 13.5938 us/op
WorkloadResult  55: 16 op, 189900.00 ns, 11.8688 us/op
WorkloadResult  56: 16 op, 190000.00 ns, 11.8750 us/op
WorkloadResult  57: 16 op, 206900.00 ns, 12.9313 us/op
WorkloadResult  58: 16 op, 185400.00 ns, 11.5875 us/op
WorkloadResult  59: 16 op, 183900.00 ns, 11.4938 us/op
WorkloadResult  60: 16 op, 205600.00 ns, 12.8500 us/op
WorkloadResult  61: 16 op, 206500.00 ns, 12.9063 us/op
WorkloadResult  62: 16 op, 205400.00 ns, 12.8375 us/op
WorkloadResult  63: 16 op, 209600.00 ns, 13.1000 us/op
WorkloadResult  64: 16 op, 214900.00 ns, 13.4313 us/op
WorkloadResult  65: 16 op, 203100.00 ns, 12.6938 us/op
WorkloadResult  66: 16 op, 183300.00 ns, 11.4563 us/op
WorkloadResult  67: 16 op, 201200.00 ns, 12.5750 us/op
WorkloadResult  68: 16 op, 189300.00 ns, 11.8313 us/op
WorkloadResult  69: 16 op, 211900.00 ns, 13.2438 us/op
WorkloadResult  70: 16 op, 185200.00 ns, 11.5750 us/op
WorkloadResult  71: 16 op, 204300.00 ns, 12.7688 us/op
WorkloadResult  72: 16 op, 207300.00 ns, 12.9563 us/op
WorkloadResult  73: 16 op, 195800.00 ns, 12.2375 us/op
WorkloadResult  74: 16 op, 208000.00 ns, 13.0000 us/op
WorkloadResult  75: 16 op, 232600.00 ns, 14.5375 us/op
WorkloadResult  76: 16 op, 212300.00 ns, 13.2688 us/op
WorkloadResult  77: 16 op, 197500.00 ns, 12.3438 us/op
WorkloadResult  78: 16 op, 190600.00 ns, 11.9125 us/op
WorkloadResult  79: 16 op, 184200.00 ns, 11.5125 us/op
WorkloadResult  80: 16 op, 200600.00 ns, 12.5375 us/op
WorkloadResult  81: 16 op, 224200.00 ns, 14.0125 us/op
WorkloadResult  82: 16 op, 181500.00 ns, 11.3438 us/op
WorkloadResult  83: 16 op, 180200.00 ns, 11.2625 us/op
WorkloadResult  84: 16 op, 212000.00 ns, 13.2500 us/op
WorkloadResult  85: 16 op, 185600.00 ns, 11.6000 us/op
WorkloadResult  86: 16 op, 187400.00 ns, 11.7125 us/op
WorkloadResult  87: 16 op, 179000.00 ns, 11.1875 us/op
WorkloadResult  88: 16 op, 184600.00 ns, 11.5375 us/op
WorkloadResult  89: 16 op, 192000.00 ns, 12.0000 us/op
WorkloadResult  90: 16 op, 226700.00 ns, 14.1688 us/op
// GC:  0 0 0 426096 16
// Threading:  0 0 16

// AfterAll
// Benchmark Process 4480 has exited with code 0.

Mean = 12.475 μs, StdErr = 0.097 μs (0.78%), N = 90, StdDev = 0.923 μs
Min = 11.188 μs, Q1 = 11.733 μs, Median = 12.344 μs, Q3 = 13.075 μs, Max = 15.594 μs
IQR = 1.342 μs, LowerFence = 9.720 μs, UpperFence = 15.088 μs
ConfidenceInterval = [12.144 μs; 12.806 μs] (CI 99.9%), Margin = 0.331 μs (2.65% of Mean)
Skewness = 0.92, Kurtosis = 3.5, MValue = 2.8

// ** Remained 7 (46,7%) benchmark(s) to run. Estimated finish 2026-09-11 16:14 (0h 0m from now) **
Setup power plan (GUID: 8c5e7fda-e8bf-4a96-9a85-a6e23a8c635c FriendlyName: High performance)
// **************************
// Benchmark: HierarchyBenchmarks.GetChildren: Job-IHQVRN(InvocationCount=1, UnrollFactor=1) [NodeCount=1000]
// *** Execute ***
// Launch: 1 / 1
// Execute: dotnet 0dd2092b-0a91-44cc-aa82-d11618bf258f.dll --anonymousPipes 2104 1652 --benchmarkName "HierarchyBenchmarks.GetChildren(NodeCount: 1000)" --job "InvocationCount=1, UnrollFactor=1" --benchmarkId 8 in D:\HierarchyKit\benchmarks\HierarchyKit.Benchmarks\bin\Release\net10.0\0dd2092b-0a91-44cc-aa82-d11618bf258f\bin\Release\net10.0
// BeforeAnythingElse

// Benchmark Process Environment Information:
// BenchmarkDotNet v0.14.0
// Runtime=.NET 10.0.12 (10.0.1226.42308), X64 RyuJIT AVX2
// GC=Non-concurrent Workstation
// HardwareIntrinsics=AVX2,AES,BMI1,BMI2,FMA,LZCNT,PCLMUL,POPCNT,AvxVnni,SERIALIZE VectorSize=256
// Job: Job-XPPPIP(InvocationCount=1, UnrollFactor=1)

OverheadJitting  1: 16 op, 248000.00 ns, 15.5000 us/op
WorkloadJitting  1: 16 op, 1353400.00 ns, 84.5875 us/op

OverheadWarmup   1: 16 op, 1800.00 ns, 112.5000 ns/op
OverheadWarmup   2: 16 op, 100.00 ns, 6.2500 ns/op
OverheadWarmup   3: 16 op, 100.00 ns, 6.2500 ns/op
OverheadWarmup   4: 16 op, 100.00 ns, 6.2500 ns/op
OverheadWarmup   5: 16 op, 200.00 ns, 12.5000 ns/op
OverheadWarmup   6: 16 op, 200.00 ns, 12.5000 ns/op

OverheadActual   1: 16 op, 200.00 ns, 12.5000 ns/op
OverheadActual   2: 16 op, 200.00 ns, 12.5000 ns/op
OverheadActual   3: 16 op, 200.00 ns, 12.5000 ns/op
OverheadActual   4: 16 op, 200.00 ns, 12.5000 ns/op
OverheadActual   5: 16 op, 200.00 ns, 12.5000 ns/op
OverheadActual   6: 16 op, 200.00 ns, 12.5000 ns/op
OverheadActual   7: 16 op, 100.00 ns, 6.2500 ns/op
OverheadActual   8: 16 op, 200.00 ns, 12.5000 ns/op
OverheadActual   9: 16 op, 200.00 ns, 12.5000 ns/op
OverheadActual  10: 16 op, 100.00 ns, 6.2500 ns/op
OverheadActual  11: 16 op, 200.00 ns, 12.5000 ns/op
OverheadActual  12: 16 op, 200.00 ns, 12.5000 ns/op
OverheadActual  13: 16 op, 200.00 ns, 12.5000 ns/op
OverheadActual  14: 16 op, 200.00 ns, 12.5000 ns/op
OverheadActual  15: 16 op, 100.00 ns, 6.2500 ns/op
OverheadActual  16: 16 op, 200.00 ns, 12.5000 ns/op
OverheadActual  17: 16 op, 100.00 ns, 6.2500 ns/op
OverheadActual  18: 16 op, 100.00 ns, 6.2500 ns/op
OverheadActual  19: 16 op, 100.00 ns, 6.2500 ns/op
OverheadActual  20: 16 op, 200.00 ns, 12.5000 ns/op

WorkloadWarmup   1: 16 op, 320800.00 ns, 20.0500 us/op
WorkloadWarmup   2: 16 op, 304500.00 ns, 19.0313 us/op
WorkloadWarmup   3: 16 op, 288500.00 ns, 18.0313 us/op
WorkloadWarmup   4: 16 op, 280200.00 ns, 17.5125 us/op
WorkloadWarmup   5: 16 op, 324000.00 ns, 20.2500 us/op
WorkloadWarmup   6: 16 op, 311000.00 ns, 19.4375 us/op
WorkloadWarmup   7: 16 op, 285700.00 ns, 17.8563 us/op
WorkloadWarmup   8: 16 op, 315600.00 ns, 19.7250 us/op
WorkloadWarmup   9: 16 op, 702900.00 ns, 43.9313 us/op
WorkloadWarmup  10: 16 op, 711700.00 ns, 44.4813 us/op
WorkloadWarmup  11: 16 op, 560400.00 ns, 35.0250 us/op

// BeforeActualRun
WorkloadActual   1: 16 op, 590200.00 ns, 36.8875 us/op
WorkloadActual   2: 16 op, 577100.00 ns, 36.0688 us/op
WorkloadActual   3: 16 op, 619600.00 ns, 38.7250 us/op
WorkloadActual   4: 16 op, 616000.00 ns, 38.5000 us/op
WorkloadActual   5: 16 op, 638500.00 ns, 39.9063 us/op
WorkloadActual   6: 16 op, 572700.00 ns, 35.7938 us/op
WorkloadActual   7: 16 op, 613600.00 ns, 38.3500 us/op
WorkloadActual   8: 16 op, 580400.00 ns, 36.2750 us/op
WorkloadActual   9: 16 op, 284300.00 ns, 17.7688 us/op
WorkloadActual  10: 16 op, 265700.00 ns, 16.6063 us/op
WorkloadActual  11: 16 op, 313100.00 ns, 19.5688 us/op
WorkloadActual  12: 16 op, 280300.00 ns, 17.5188 us/op
WorkloadActual  13: 16 op, 231400.00 ns, 14.4625 us/op
WorkloadActual  14: 16 op, 220100.00 ns, 13.7563 us/op
WorkloadActual  15: 16 op, 220100.00 ns, 13.7563 us/op
WorkloadActual  16: 16 op, 236600.00 ns, 14.7875 us/op
WorkloadActual  17: 16 op, 223200.00 ns, 13.9500 us/op
WorkloadActual  18: 16 op, 224400.00 ns, 14.0250 us/op
WorkloadActual  19: 16 op, 232000.00 ns, 14.5000 us/op
WorkloadActual  20: 16 op, 230800.00 ns, 14.4250 us/op
WorkloadActual  21: 16 op, 232300.00 ns, 14.5188 us/op
WorkloadActual  22: 16 op, 246000.00 ns, 15.3750 us/op
WorkloadActual  23: 16 op, 227200.00 ns, 14.2000 us/op
WorkloadActual  24: 16 op, 222600.00 ns, 13.9125 us/op
WorkloadActual  25: 16 op, 254100.00 ns, 15.8813 us/op
WorkloadActual  26: 16 op, 242100.00 ns, 15.1313 us/op
WorkloadActual  27: 16 op, 224500.00 ns, 14.0313 us/op
WorkloadActual  28: 16 op, 227600.00 ns, 14.2250 us/op
WorkloadActual  29: 16 op, 220100.00 ns, 13.7563 us/op
WorkloadActual  30: 16 op, 225900.00 ns, 14.1188 us/op
WorkloadActual  31: 16 op, 220500.00 ns, 13.7813 us/op
WorkloadActual  32: 16 op, 215800.00 ns, 13.4875 us/op
WorkloadActual  33: 16 op, 227200.00 ns, 14.2000 us/op
WorkloadActual  34: 16 op, 224700.00 ns, 14.0438 us/op
WorkloadActual  35: 16 op, 231000.00 ns, 14.4375 us/op
WorkloadActual  36: 16 op, 225900.00 ns, 14.1188 us/op
WorkloadActual  37: 16 op, 232100.00 ns, 14.5063 us/op
WorkloadActual  38: 16 op, 227200.00 ns, 14.2000 us/op
WorkloadActual  39: 16 op, 237000.00 ns, 14.8125 us/op
WorkloadActual  40: 16 op, 226800.00 ns, 14.1750 us/op
WorkloadActual  41: 16 op, 217900.00 ns, 13.6188 us/op
WorkloadActual  42: 16 op, 224900.00 ns, 14.0563 us/op
WorkloadActual  43: 16 op, 214200.00 ns, 13.3875 us/op
WorkloadActual  44: 16 op, 227100.00 ns, 14.1938 us/op
WorkloadActual  45: 16 op, 221900.00 ns, 13.8688 us/op
WorkloadActual  46: 16 op, 227000.00 ns, 14.1875 us/op
WorkloadActual  47: 16 op, 220600.00 ns, 13.7875 us/op
WorkloadActual  48: 16 op, 222800.00 ns, 13.9250 us/op
WorkloadActual  49: 16 op, 231900.00 ns, 14.4938 us/op
WorkloadActual  50: 16 op, 228900.00 ns, 14.3063 us/op
WorkloadActual  51: 16 op, 223400.00 ns, 13.9625 us/op
WorkloadActual  52: 16 op, 225000.00 ns, 14.0625 us/op
WorkloadActual  53: 16 op, 234500.00 ns, 14.6563 us/op
WorkloadActual  54: 16 op, 227000.00 ns, 14.1875 us/op
WorkloadActual  55: 16 op, 220700.00 ns, 13.7938 us/op
WorkloadActual  56: 16 op, 223100.00 ns, 13.9438 us/op
WorkloadActual  57: 16 op, 238000.00 ns, 14.8750 us/op
WorkloadActual  58: 16 op, 241600.00 ns, 15.1000 us/op
WorkloadActual  59: 16 op, 228800.00 ns, 14.3000 us/op
WorkloadActual  60: 16 op, 238600.00 ns, 14.9125 us/op
WorkloadActual  61: 16 op, 236200.00 ns, 14.7625 us/op
WorkloadActual  62: 16 op, 248100.00 ns, 15.5063 us/op
WorkloadActual  63: 16 op, 238900.00 ns, 14.9313 us/op
WorkloadActual  64: 16 op, 235200.00 ns, 14.7000 us/op
WorkloadActual  65: 16 op, 221700.00 ns, 13.8563 us/op

// AfterActualRun
WorkloadResult   1: 16 op, 265500.00 ns, 16.5938 us/op
WorkloadResult   2: 16 op, 231200.00 ns, 14.4500 us/op
WorkloadResult   3: 16 op, 219900.00 ns, 13.7438 us/op
WorkloadResult   4: 16 op, 219900.00 ns, 13.7438 us/op
WorkloadResult   5: 16 op, 236400.00 ns, 14.7750 us/op
WorkloadResult   6: 16 op, 223000.00 ns, 13.9375 us/op
WorkloadResult   7: 16 op, 224200.00 ns, 14.0125 us/op
WorkloadResult   8: 16 op, 231800.00 ns, 14.4875 us/op
WorkloadResult   9: 16 op, 230600.00 ns, 14.4125 us/op
WorkloadResult  10: 16 op, 232100.00 ns, 14.5063 us/op
WorkloadResult  11: 16 op, 245800.00 ns, 15.3625 us/op
WorkloadResult  12: 16 op, 227000.00 ns, 14.1875 us/op
WorkloadResult  13: 16 op, 222400.00 ns, 13.9000 us/op
WorkloadResult  14: 16 op, 253900.00 ns, 15.8688 us/op
WorkloadResult  15: 16 op, 241900.00 ns, 15.1188 us/op
WorkloadResult  16: 16 op, 224300.00 ns, 14.0188 us/op
WorkloadResult  17: 16 op, 227400.00 ns, 14.2125 us/op
WorkloadResult  18: 16 op, 219900.00 ns, 13.7438 us/op
WorkloadResult  19: 16 op, 225700.00 ns, 14.1063 us/op
WorkloadResult  20: 16 op, 220300.00 ns, 13.7688 us/op
WorkloadResult  21: 16 op, 215600.00 ns, 13.4750 us/op
WorkloadResult  22: 16 op, 227000.00 ns, 14.1875 us/op
WorkloadResult  23: 16 op, 224500.00 ns, 14.0313 us/op
WorkloadResult  24: 16 op, 230800.00 ns, 14.4250 us/op
WorkloadResult  25: 16 op, 225700.00 ns, 14.1063 us/op
WorkloadResult  26: 16 op, 231900.00 ns, 14.4938 us/op
WorkloadResult  27: 16 op, 227000.00 ns, 14.1875 us/op
WorkloadResult  28: 16 op, 236800.00 ns, 14.8000 us/op
WorkloadResult  29: 16 op, 226600.00 ns, 14.1625 us/op
WorkloadResult  30: 16 op, 217700.00 ns, 13.6063 us/op
WorkloadResult  31: 16 op, 224700.00 ns, 14.0438 us/op
WorkloadResult  32: 16 op, 214000.00 ns, 13.3750 us/op
WorkloadResult  33: 16 op, 226900.00 ns, 14.1813 us/op
WorkloadResult  34: 16 op, 221700.00 ns, 13.8563 us/op
WorkloadResult  35: 16 op, 226800.00 ns, 14.1750 us/op
WorkloadResult  36: 16 op, 220400.00 ns, 13.7750 us/op
WorkloadResult  37: 16 op, 222600.00 ns, 13.9125 us/op
WorkloadResult  38: 16 op, 231700.00 ns, 14.4813 us/op
WorkloadResult  39: 16 op, 228700.00 ns, 14.2938 us/op
WorkloadResult  40: 16 op, 223200.00 ns, 13.9500 us/op
WorkloadResult  41: 16 op, 224800.00 ns, 14.0500 us/op
WorkloadResult  42: 16 op, 234300.00 ns, 14.6438 us/op
WorkloadResult  43: 16 op, 226800.00 ns, 14.1750 us/op
WorkloadResult  44: 16 op, 220500.00 ns, 13.7813 us/op
WorkloadResult  45: 16 op, 222900.00 ns, 13.9313 us/op
WorkloadResult  46: 16 op, 237800.00 ns, 14.8625 us/op
WorkloadResult  47: 16 op, 241400.00 ns, 15.0875 us/op
WorkloadResult  48: 16 op, 228600.00 ns, 14.2875 us/op
WorkloadResult  49: 16 op, 238400.00 ns, 14.9000 us/op
WorkloadResult  50: 16 op, 236000.00 ns, 14.7500 us/op
WorkloadResult  51: 16 op, 247900.00 ns, 15.4938 us/op
WorkloadResult  52: 16 op, 238700.00 ns, 14.9188 us/op
WorkloadResult  53: 16 op, 235000.00 ns, 14.6875 us/op
WorkloadResult  54: 16 op, 221500.00 ns, 13.8438 us/op
// GC:  0 0 0 194160 16
// Threading:  0 0 16

// AfterAll
// Benchmark Process 23700 has exited with code 0.

Mean = 14.331 μs, StdErr = 0.082 μs (0.57%), N = 54, StdDev = 0.601 μs
Min = 13.375 μs, Q1 = 13.933 μs, Median = 14.184 μs, Q3 = 14.609 μs, Max = 16.594 μs
IQR = 0.677 μs, LowerFence = 12.918 μs, UpperFence = 15.624 μs
ConfidenceInterval = [14.046 μs; 14.616 μs] (CI 99.9%), Margin = 0.285 μs (1.99% of Mean)
Skewness = 1.36, Kurtosis = 5.47, MValue = 2

// ** Remained 6 (40,0%) benchmark(s) to run. Estimated finish 2026-09-11 16:14 (0h 0m from now) **
Setup power plan (GUID: 8c5e7fda-e8bf-4a96-9a85-a6e23a8c635c FriendlyName: High performance)
// **************************
// Benchmark: HierarchyBenchmarks.Descendants: Job-IHQVRN(InvocationCount=1, UnrollFactor=1) [NodeCount=1000]
// *** Execute ***
// Launch: 1 / 1
// Execute: dotnet 0dd2092b-0a91-44cc-aa82-d11618bf258f.dll --anonymousPipes 2232 2220 --benchmarkName "HierarchyBenchmarks.Descendants(NodeCount: 1000)" --job "InvocationCount=1, UnrollFactor=1" --benchmarkId 9 in D:\HierarchyKit\benchmarks\HierarchyKit.Benchmarks\bin\Release\net10.0\0dd2092b-0a91-44cc-aa82-d11618bf258f\bin\Release\net10.0
// BeforeAnythingElse

// Benchmark Process Environment Information:
// BenchmarkDotNet v0.14.0
// Runtime=.NET 10.0.12 (10.0.1226.42308), X64 RyuJIT AVX2
// GC=Non-concurrent Workstation
// HardwareIntrinsics=AVX2,AES,BMI1,BMI2,FMA,LZCNT,PCLMUL,POPCNT,AvxVnni,SERIALIZE VectorSize=256
// Job: Job-SKNBFL(InvocationCount=1, UnrollFactor=1)

OverheadJitting  1: 16 op, 182700.00 ns, 11.4188 us/op
WorkloadJitting  1: 16 op, 4821900.00 ns, 301.3688 us/op

OverheadWarmup   1: 16 op, 300.00 ns, 18.7500 ns/op
OverheadWarmup   2: 16 op, 300.00 ns, 18.7500 ns/op
OverheadWarmup   3: 16 op, 100.00 ns, 6.2500 ns/op
OverheadWarmup   4: 16 op, 400.00 ns, 25.0000 ns/op
OverheadWarmup   5: 16 op, 200.00 ns, 12.5000 ns/op

OverheadActual   1: 16 op, 400.00 ns, 25.0000 ns/op
OverheadActual   2: 16 op, 200.00 ns, 12.5000 ns/op
OverheadActual   3: 16 op, 200.00 ns, 12.5000 ns/op
OverheadActual   4: 16 op, 0.00 ns, 0.0000 ns/op
OverheadActual   5: 16 op, 200.00 ns, 12.5000 ns/op
OverheadActual   6: 16 op, 200.00 ns, 12.5000 ns/op
OverheadActual   7: 16 op, 200.00 ns, 12.5000 ns/op
OverheadActual   8: 16 op, 200.00 ns, 12.5000 ns/op
OverheadActual   9: 16 op, 100.00 ns, 6.2500 ns/op
OverheadActual  10: 16 op, 100.00 ns, 6.2500 ns/op
OverheadActual  11: 16 op, 0.00 ns, 0.0000 ns/op
OverheadActual  12: 16 op, 200.00 ns, 12.5000 ns/op
OverheadActual  13: 16 op, 200.00 ns, 12.5000 ns/op
OverheadActual  14: 16 op, 200.00 ns, 12.5000 ns/op
OverheadActual  15: 16 op, 100.00 ns, 6.2500 ns/op
OverheadActual  16: 16 op, 100.00 ns, 6.2500 ns/op
OverheadActual  17: 16 op, 0.00 ns, 0.0000 ns/op
OverheadActual  18: 16 op, 200.00 ns, 12.5000 ns/op
OverheadActual  19: 16 op, 200.00 ns, 12.5000 ns/op
OverheadActual  20: 16 op, 100.00 ns, 6.2500 ns/op

WorkloadWarmup   1: 16 op, 2049400.00 ns, 128.0875 us/op
WorkloadWarmup   2: 16 op, 1927500.00 ns, 120.4688 us/op
WorkloadWarmup   3: 16 op, 1560900.00 ns, 97.5563 us/op
WorkloadWarmup   4: 16 op, 1517700.00 ns, 94.8563 us/op
WorkloadWarmup   5: 16 op, 1784900.00 ns, 111.5563 us/op
WorkloadWarmup   6: 16 op, 1557500.00 ns, 97.3438 us/op
WorkloadWarmup   7: 16 op, 1535000.00 ns, 95.9375 us/op
WorkloadWarmup   8: 16 op, 1947800.00 ns, 121.7375 us/op
WorkloadWarmup   9: 16 op, 1945100.00 ns, 121.5688 us/op

// BeforeActualRun
WorkloadActual   1: 16 op, 1748600.00 ns, 109.2875 us/op
WorkloadActual   2: 16 op, 1790500.00 ns, 111.9063 us/op
WorkloadActual   3: 16 op, 2088600.00 ns, 130.5375 us/op
WorkloadActual   4: 16 op, 1869100.00 ns, 116.8188 us/op
WorkloadActual   5: 16 op, 2114800.00 ns, 132.1750 us/op
WorkloadActual   6: 16 op, 1746600.00 ns, 109.1625 us/op
WorkloadActual   7: 16 op, 2049300.00 ns, 128.0813 us/op
WorkloadActual   8: 16 op, 1983200.00 ns, 123.9500 us/op
WorkloadActual   9: 16 op, 1914600.00 ns, 119.6625 us/op
WorkloadActual  10: 16 op, 1924300.00 ns, 120.2688 us/op
WorkloadActual  11: 16 op, 1893000.00 ns, 118.3125 us/op
WorkloadActual  12: 16 op, 1904400.00 ns, 119.0250 us/op
WorkloadActual  13: 16 op, 1891200.00 ns, 118.2000 us/op
WorkloadActual  14: 16 op, 1888400.00 ns, 118.0250 us/op
WorkloadActual  15: 16 op, 2529300.00 ns, 158.0813 us/op
WorkloadActual  16: 16 op, 2501100.00 ns, 156.3188 us/op
WorkloadActual  17: 16 op, 2200000.00 ns, 137.5000 us/op
WorkloadActual  18: 16 op, 197600.00 ns, 12.3500 us/op
WorkloadActual  19: 16 op, 182800.00 ns, 11.4250 us/op
WorkloadActual  20: 16 op, 187500.00 ns, 11.7188 us/op
WorkloadActual  21: 16 op, 189300.00 ns, 11.8313 us/op
WorkloadActual  22: 16 op, 192900.00 ns, 12.0563 us/op
WorkloadActual  23: 16 op, 198900.00 ns, 12.4313 us/op
WorkloadActual  24: 16 op, 191800.00 ns, 11.9875 us/op
WorkloadActual  25: 16 op, 206100.00 ns, 12.8813 us/op
WorkloadActual  26: 16 op, 203600.00 ns, 12.7250 us/op
WorkloadActual  27: 16 op, 198300.00 ns, 12.3938 us/op
WorkloadActual  28: 16 op, 197000.00 ns, 12.3125 us/op
WorkloadActual  29: 16 op, 215600.00 ns, 13.4750 us/op
WorkloadActual  30: 16 op, 211100.00 ns, 13.1938 us/op
WorkloadActual  31: 16 op, 209000.00 ns, 13.0625 us/op
WorkloadActual  32: 16 op, 207200.00 ns, 12.9500 us/op
WorkloadActual  33: 16 op, 248800.00 ns, 15.5500 us/op
WorkloadActual  34: 16 op, 203800.00 ns, 12.7375 us/op
WorkloadActual  35: 16 op, 201800.00 ns, 12.6125 us/op
WorkloadActual  36: 16 op, 203000.00 ns, 12.6875 us/op
WorkloadActual  37: 16 op, 209200.00 ns, 13.0750 us/op
WorkloadActual  38: 16 op, 185200.00 ns, 11.5750 us/op
WorkloadActual  39: 16 op, 187100.00 ns, 11.6938 us/op
WorkloadActual  40: 16 op, 182400.00 ns, 11.4000 us/op
WorkloadActual  41: 16 op, 201800.00 ns, 12.6125 us/op
WorkloadActual  42: 16 op, 234900.00 ns, 14.6813 us/op
WorkloadActual  43: 16 op, 190800.00 ns, 11.9250 us/op
WorkloadActual  44: 16 op, 190100.00 ns, 11.8813 us/op
WorkloadActual  45: 16 op, 184700.00 ns, 11.5438 us/op
WorkloadActual  46: 16 op, 201300.00 ns, 12.5813 us/op
WorkloadActual  47: 16 op, 218400.00 ns, 13.6500 us/op
WorkloadActual  48: 16 op, 208400.00 ns, 13.0250 us/op
WorkloadActual  49: 16 op, 192600.00 ns, 12.0375 us/op
WorkloadActual  50: 16 op, 207000.00 ns, 12.9375 us/op
WorkloadActual  51: 16 op, 201100.00 ns, 12.5688 us/op
WorkloadActual  52: 16 op, 187500.00 ns, 11.7188 us/op
WorkloadActual  53: 16 op, 184000.00 ns, 11.5000 us/op
WorkloadActual  54: 16 op, 185200.00 ns, 11.5750 us/op
WorkloadActual  55: 16 op, 189400.00 ns, 11.8375 us/op
WorkloadActual  56: 16 op, 194100.00 ns, 12.1313 us/op
WorkloadActual  57: 16 op, 181600.00 ns, 11.3500 us/op
WorkloadActual  58: 16 op, 190900.00 ns, 11.9313 us/op
WorkloadActual  59: 16 op, 203700.00 ns, 12.7313 us/op
WorkloadActual  60: 16 op, 188300.00 ns, 11.7688 us/op
WorkloadActual  61: 16 op, 185600.00 ns, 11.6000 us/op
WorkloadActual  62: 16 op, 185500.00 ns, 11.5938 us/op
WorkloadActual  63: 16 op, 185000.00 ns, 11.5625 us/op
WorkloadActual  64: 16 op, 182300.00 ns, 11.3938 us/op
WorkloadActual  65: 16 op, 193000.00 ns, 12.0625 us/op
WorkloadActual  66: 16 op, 188100.00 ns, 11.7563 us/op
WorkloadActual  67: 16 op, 191400.00 ns, 11.9625 us/op
WorkloadActual  68: 16 op, 184000.00 ns, 11.5000 us/op
WorkloadActual  69: 16 op, 192300.00 ns, 12.0188 us/op
WorkloadActual  70: 16 op, 182900.00 ns, 11.4313 us/op
WorkloadActual  71: 16 op, 178900.00 ns, 11.1813 us/op
WorkloadActual  72: 16 op, 192100.00 ns, 12.0063 us/op
WorkloadActual  73: 16 op, 203300.00 ns, 12.7063 us/op
WorkloadActual  74: 16 op, 194000.00 ns, 12.1250 us/op
WorkloadActual  75: 16 op, 187600.00 ns, 11.7250 us/op
WorkloadActual  76: 16 op, 179800.00 ns, 11.2375 us/op
WorkloadActual  77: 16 op, 191600.00 ns, 11.9750 us/op
WorkloadActual  78: 16 op, 207100.00 ns, 12.9438 us/op
WorkloadActual  79: 16 op, 192400.00 ns, 12.0250 us/op
WorkloadActual  80: 16 op, 193900.00 ns, 12.1188 us/op
WorkloadActual  81: 16 op, 200000.00 ns, 12.5000 us/op
WorkloadActual  82: 16 op, 338200.00 ns, 21.1375 us/op
WorkloadActual  83: 16 op, 199600.00 ns, 12.4750 us/op
WorkloadActual  84: 16 op, 194700.00 ns, 12.1688 us/op
WorkloadActual  85: 16 op, 226500.00 ns, 14.1563 us/op
WorkloadActual  86: 16 op, 186800.00 ns, 11.6750 us/op
WorkloadActual  87: 16 op, 189200.00 ns, 11.8250 us/op
WorkloadActual  88: 16 op, 189200.00 ns, 11.8250 us/op
WorkloadActual  89: 16 op, 208200.00 ns, 13.0125 us/op
WorkloadActual  90: 16 op, 190100.00 ns, 11.8813 us/op
WorkloadActual  91: 16 op, 190800.00 ns, 11.9250 us/op
WorkloadActual  92: 16 op, 187300.00 ns, 11.7063 us/op
WorkloadActual  93: 16 op, 196400.00 ns, 12.2750 us/op
WorkloadActual  94: 16 op, 186700.00 ns, 11.6688 us/op
WorkloadActual  95: 16 op, 184400.00 ns, 11.5250 us/op
WorkloadActual  96: 16 op, 188000.00 ns, 11.7500 us/op
WorkloadActual  97: 16 op, 188900.00 ns, 11.8063 us/op
WorkloadActual  98: 16 op, 188500.00 ns, 11.7813 us/op
WorkloadActual  99: 16 op, 181100.00 ns, 11.3188 us/op
WorkloadActual  100: 16 op, 185400.00 ns, 11.5875 us/op

// AfterActualRun
WorkloadResult   1: 16 op, 197400.00 ns, 12.3375 us/op
WorkloadResult   2: 16 op, 182600.00 ns, 11.4125 us/op
WorkloadResult   3: 16 op, 187300.00 ns, 11.7063 us/op
WorkloadResult   4: 16 op, 189100.00 ns, 11.8188 us/op
WorkloadResult   5: 16 op, 192700.00 ns, 12.0438 us/op
WorkloadResult   6: 16 op, 198700.00 ns, 12.4188 us/op
WorkloadResult   7: 16 op, 191600.00 ns, 11.9750 us/op
WorkloadResult   8: 16 op, 205900.00 ns, 12.8688 us/op
WorkloadResult   9: 16 op, 203400.00 ns, 12.7125 us/op
WorkloadResult  10: 16 op, 198100.00 ns, 12.3813 us/op
WorkloadResult  11: 16 op, 196800.00 ns, 12.3000 us/op
WorkloadResult  12: 16 op, 215400.00 ns, 13.4625 us/op
WorkloadResult  13: 16 op, 210900.00 ns, 13.1813 us/op
WorkloadResult  14: 16 op, 208800.00 ns, 13.0500 us/op
WorkloadResult  15: 16 op, 207000.00 ns, 12.9375 us/op
WorkloadResult  16: 16 op, 203600.00 ns, 12.7250 us/op
WorkloadResult  17: 16 op, 201600.00 ns, 12.6000 us/op
WorkloadResult  18: 16 op, 202800.00 ns, 12.6750 us/op
WorkloadResult  19: 16 op, 209000.00 ns, 13.0625 us/op
WorkloadResult  20: 16 op, 185000.00 ns, 11.5625 us/op
WorkloadResult  21: 16 op, 186900.00 ns, 11.6813 us/op
WorkloadResult  22: 16 op, 182200.00 ns, 11.3875 us/op
WorkloadResult  23: 16 op, 201600.00 ns, 12.6000 us/op
WorkloadResult  24: 16 op, 234700.00 ns, 14.6688 us/op
WorkloadResult  25: 16 op, 190600.00 ns, 11.9125 us/op
WorkloadResult  26: 16 op, 189900.00 ns, 11.8688 us/op
WorkloadResult  27: 16 op, 184500.00 ns, 11.5313 us/op
WorkloadResult  28: 16 op, 201100.00 ns, 12.5688 us/op
WorkloadResult  29: 16 op, 218200.00 ns, 13.6375 us/op
WorkloadResult  30: 16 op, 208200.00 ns, 13.0125 us/op
WorkloadResult  31: 16 op, 192400.00 ns, 12.0250 us/op
WorkloadResult  32: 16 op, 206800.00 ns, 12.9250 us/op
WorkloadResult  33: 16 op, 200900.00 ns, 12.5563 us/op
WorkloadResult  34: 16 op, 187300.00 ns, 11.7063 us/op
WorkloadResult  35: 16 op, 183800.00 ns, 11.4875 us/op
WorkloadResult  36: 16 op, 185000.00 ns, 11.5625 us/op
WorkloadResult  37: 16 op, 189200.00 ns, 11.8250 us/op
WorkloadResult  38: 16 op, 193900.00 ns, 12.1188 us/op
WorkloadResult  39: 16 op, 181400.00 ns, 11.3375 us/op
WorkloadResult  40: 16 op, 190700.00 ns, 11.9188 us/op
WorkloadResult  41: 16 op, 203500.00 ns, 12.7188 us/op
WorkloadResult  42: 16 op, 188100.00 ns, 11.7563 us/op
WorkloadResult  43: 16 op, 185400.00 ns, 11.5875 us/op
WorkloadResult  44: 16 op, 185300.00 ns, 11.5813 us/op
WorkloadResult  45: 16 op, 184800.00 ns, 11.5500 us/op
WorkloadResult  46: 16 op, 182100.00 ns, 11.3813 us/op
WorkloadResult  47: 16 op, 192800.00 ns, 12.0500 us/op
WorkloadResult  48: 16 op, 187900.00 ns, 11.7438 us/op
WorkloadResult  49: 16 op, 191200.00 ns, 11.9500 us/op
WorkloadResult  50: 16 op, 183800.00 ns, 11.4875 us/op
WorkloadResult  51: 16 op, 192100.00 ns, 12.0063 us/op
WorkloadResult  52: 16 op, 182700.00 ns, 11.4188 us/op
WorkloadResult  53: 16 op, 178700.00 ns, 11.1688 us/op
WorkloadResult  54: 16 op, 191900.00 ns, 11.9938 us/op
WorkloadResult  55: 16 op, 203100.00 ns, 12.6938 us/op
WorkloadResult  56: 16 op, 193800.00 ns, 12.1125 us/op
WorkloadResult  57: 16 op, 187400.00 ns, 11.7125 us/op
WorkloadResult  58: 16 op, 179600.00 ns, 11.2250 us/op
WorkloadResult  59: 16 op, 191400.00 ns, 11.9625 us/op
WorkloadResult  60: 16 op, 206900.00 ns, 12.9313 us/op
WorkloadResult  61: 16 op, 192200.00 ns, 12.0125 us/op
WorkloadResult  62: 16 op, 193700.00 ns, 12.1063 us/op
WorkloadResult  63: 16 op, 199800.00 ns, 12.4875 us/op
WorkloadResult  64: 16 op, 199400.00 ns, 12.4625 us/op
WorkloadResult  65: 16 op, 194500.00 ns, 12.1563 us/op
WorkloadResult  66: 16 op, 226300.00 ns, 14.1438 us/op
WorkloadResult  67: 16 op, 186600.00 ns, 11.6625 us/op
WorkloadResult  68: 16 op, 189000.00 ns, 11.8125 us/op
WorkloadResult  69: 16 op, 189000.00 ns, 11.8125 us/op
WorkloadResult  70: 16 op, 208000.00 ns, 13.0000 us/op
WorkloadResult  71: 16 op, 189900.00 ns, 11.8688 us/op
WorkloadResult  72: 16 op, 190600.00 ns, 11.9125 us/op
WorkloadResult  73: 16 op, 187100.00 ns, 11.6938 us/op
WorkloadResult  74: 16 op, 196200.00 ns, 12.2625 us/op
WorkloadResult  75: 16 op, 186500.00 ns, 11.6563 us/op
WorkloadResult  76: 16 op, 184200.00 ns, 11.5125 us/op
WorkloadResult  77: 16 op, 187800.00 ns, 11.7375 us/op
WorkloadResult  78: 16 op, 188700.00 ns, 11.7938 us/op
WorkloadResult  79: 16 op, 188300.00 ns, 11.7688 us/op
WorkloadResult  80: 16 op, 180900.00 ns, 11.3063 us/op
WorkloadResult  81: 16 op, 185200.00 ns, 11.5750 us/op
// GC:  0 0 0 399584 16
// Threading:  0 0 16

// AfterAll
// Benchmark Process 16096 has exited with code 0.

Mean = 12.140 μs, StdErr = 0.074 μs (0.61%), N = 81, StdDev = 0.669 μs
Min = 11.169 μs, Q1 = 11.681 μs, Median = 11.963 μs, Q3 = 12.569 μs, Max = 14.669 μs
IQR = 0.887 μs, LowerFence = 10.350 μs, UpperFence = 13.900 μs
ConfidenceInterval = [11.886 μs; 12.394 μs] (CI 99.9%), Margin = 0.254 μs (2.09% of Mean)
Skewness = 1.21, Kurtosis = 4.7, MValue = 2.64

// ** Remained 5 (33,3%) benchmark(s) to run. Estimated finish 2026-09-11 16:14 (0h 0m from now) **
Setup power plan (GUID: 8c5e7fda-e8bf-4a96-9a85-a6e23a8c635c FriendlyName: High performance)
// **************************
// Benchmark: HierarchyBenchmarks.Add: Job-IHQVRN(InvocationCount=1, UnrollFactor=1) [NodeCount=5000]
// *** Execute ***
// Launch: 1 / 1
// Execute: dotnet 0dd2092b-0a91-44cc-aa82-d11618bf258f.dll --anonymousPipes 1656 2204 --benchmarkName "HierarchyBenchmarks.Add(NodeCount: 5000)" --job "InvocationCount=1, UnrollFactor=1" --benchmarkId 10 in D:\HierarchyKit\benchmarks\HierarchyKit.Benchmarks\bin\Release\net10.0\0dd2092b-0a91-44cc-aa82-d11618bf258f\bin\Release\net10.0
// BeforeAnythingElse

// Benchmark Process Environment Information:
// BenchmarkDotNet v0.14.0
// Runtime=.NET 10.0.12 (10.0.1226.42308), X64 RyuJIT AVX2
// GC=Non-concurrent Workstation
// HardwareIntrinsics=AVX2,AES,BMI1,BMI2,FMA,LZCNT,PCLMUL,POPCNT,AvxVnni,SERIALIZE VectorSize=256
// Job: Job-PVTLBB(InvocationCount=1, UnrollFactor=1)

OverheadJitting  1: 16 op, 181400.00 ns, 11.3375 us/op
WorkloadJitting  1: 16 op, 821800.00 ns, 51.3625 us/op

OverheadWarmup   1: 16 op, 500.00 ns, 31.2500 ns/op
OverheadWarmup   2: 16 op, 200.00 ns, 12.5000 ns/op
OverheadWarmup   3: 16 op, 500.00 ns, 31.2500 ns/op
OverheadWarmup   4: 16 op, 200.00 ns, 12.5000 ns/op
OverheadWarmup   5: 16 op, 400.00 ns, 25.0000 ns/op
OverheadWarmup   6: 16 op, 200.00 ns, 12.5000 ns/op

OverheadActual   1: 16 op, 500.00 ns, 31.2500 ns/op
OverheadActual   2: 16 op, 200.00 ns, 12.5000 ns/op
OverheadActual   3: 16 op, 400.00 ns, 25.0000 ns/op
OverheadActual   4: 16 op, 400.00 ns, 25.0000 ns/op
OverheadActual   5: 16 op, 200.00 ns, 12.5000 ns/op
OverheadActual   6: 16 op, 200.00 ns, 12.5000 ns/op
OverheadActual   7: 16 op, 300.00 ns, 18.7500 ns/op
OverheadActual   8: 16 op, 200.00 ns, 12.5000 ns/op
OverheadActual   9: 16 op, 400.00 ns, 25.0000 ns/op
OverheadActual  10: 16 op, 200.00 ns, 12.5000 ns/op
OverheadActual  11: 16 op, 400.00 ns, 25.0000 ns/op
OverheadActual  12: 16 op, 200.00 ns, 12.5000 ns/op
OverheadActual  13: 16 op, 300.00 ns, 18.7500 ns/op
OverheadActual  14: 16 op, 200.00 ns, 12.5000 ns/op
OverheadActual  15: 16 op, 200.00 ns, 12.5000 ns/op
OverheadActual  16: 16 op, 300.00 ns, 18.7500 ns/op
OverheadActual  17: 16 op, 200.00 ns, 12.5000 ns/op
OverheadActual  18: 16 op, 300.00 ns, 18.7500 ns/op
OverheadActual  19: 16 op, 300.00 ns, 18.7500 ns/op
OverheadActual  20: 16 op, 300.00 ns, 18.7500 ns/op

WorkloadWarmup   1: 16 op, 269700.00 ns, 16.8563 us/op
WorkloadWarmup   2: 16 op, 218400.00 ns, 13.6500 us/op
WorkloadWarmup   3: 16 op, 233900.00 ns, 14.6188 us/op
WorkloadWarmup   4: 16 op, 396100.00 ns, 24.7563 us/op
WorkloadWarmup   5: 16 op, 373900.00 ns, 23.3688 us/op
WorkloadWarmup   6: 16 op, 364000.00 ns, 22.7500 us/op
WorkloadWarmup   7: 16 op, 409800.00 ns, 25.6125 us/op
WorkloadWarmup   8: 16 op, 404400.00 ns, 25.2750 us/op

// BeforeActualRun
WorkloadActual   1: 16 op, 356500.00 ns, 22.2813 us/op
WorkloadActual   2: 16 op, 364000.00 ns, 22.7500 us/op
WorkloadActual   3: 16 op, 768200.00 ns, 48.0125 us/op
WorkloadActual   4: 16 op, 394500.00 ns, 24.6563 us/op
WorkloadActual   5: 16 op, 385000.00 ns, 24.0625 us/op
WorkloadActual   6: 16 op, 361200.00 ns, 22.5750 us/op
WorkloadActual   7: 16 op, 382700.00 ns, 23.9188 us/op
WorkloadActual   8: 16 op, 398500.00 ns, 24.9063 us/op
WorkloadActual   9: 16 op, 220200.00 ns, 13.7625 us/op
WorkloadActual  10: 16 op, 397200.00 ns, 24.8250 us/op
WorkloadActual  11: 16 op, 370500.00 ns, 23.1563 us/op
WorkloadActual  12: 16 op, 381800.00 ns, 23.8625 us/op
WorkloadActual  13: 16 op, 455600.00 ns, 28.4750 us/op
WorkloadActual  14: 16 op, 367300.00 ns, 22.9563 us/op
WorkloadActual  15: 16 op, 383600.00 ns, 23.9750 us/op
WorkloadActual  16: 16 op, 380900.00 ns, 23.8063 us/op
WorkloadActual  17: 16 op, 420500.00 ns, 26.2813 us/op
WorkloadActual  18: 16 op, 429100.00 ns, 26.8188 us/op
WorkloadActual  19: 16 op, 378900.00 ns, 23.6813 us/op
WorkloadActual  20: 16 op, 457600.00 ns, 28.6000 us/op
WorkloadActual  21: 16 op, 365900.00 ns, 22.8688 us/op
WorkloadActual  22: 16 op, 409000.00 ns, 25.5625 us/op
WorkloadActual  23: 16 op, 408900.00 ns, 25.5563 us/op
WorkloadActual  24: 16 op, 382400.00 ns, 23.9000 us/op
WorkloadActual  25: 16 op, 356600.00 ns, 22.2875 us/op
WorkloadActual  26: 16 op, 412000.00 ns, 25.7500 us/op
WorkloadActual  27: 16 op, 415300.00 ns, 25.9563 us/op
WorkloadActual  28: 16 op, 359200.00 ns, 22.4500 us/op
WorkloadActual  29: 16 op, 379200.00 ns, 23.7000 us/op
WorkloadActual  30: 16 op, 391800.00 ns, 24.4875 us/op
WorkloadActual  31: 16 op, 397700.00 ns, 24.8563 us/op
WorkloadActual  32: 16 op, 410500.00 ns, 25.6563 us/op
WorkloadActual  33: 16 op, 297000.00 ns, 18.5625 us/op
WorkloadActual  34: 16 op, 577000.00 ns, 36.0625 us/op
WorkloadActual  35: 16 op, 410600.00 ns, 25.6625 us/op
WorkloadActual  36: 16 op, 385200.00 ns, 24.0750 us/op
WorkloadActual  37: 16 op, 423900.00 ns, 26.4938 us/op
WorkloadActual  38: 16 op, 365500.00 ns, 22.8438 us/op
WorkloadActual  39: 16 op, 390600.00 ns, 24.4125 us/op
WorkloadActual  40: 16 op, 372600.00 ns, 23.2875 us/op
WorkloadActual  41: 16 op, 604900.00 ns, 37.8063 us/op
WorkloadActual  42: 16 op, 363300.00 ns, 22.7063 us/op
WorkloadActual  43: 16 op, 397200.00 ns, 24.8250 us/op
WorkloadActual  44: 16 op, 399000.00 ns, 24.9375 us/op
WorkloadActual  45: 16 op, 378600.00 ns, 23.6625 us/op
WorkloadActual  46: 16 op, 363700.00 ns, 22.7313 us/op
WorkloadActual  47: 16 op, 355700.00 ns, 22.2313 us/op
WorkloadActual  48: 16 op, 382300.00 ns, 23.8938 us/op
WorkloadActual  49: 16 op, 354900.00 ns, 22.1813 us/op
WorkloadActual  50: 16 op, 378900.00 ns, 23.6813 us/op
WorkloadActual  51: 16 op, 356200.00 ns, 22.2625 us/op
WorkloadActual  52: 16 op, 352200.00 ns, 22.0125 us/op
WorkloadActual  53: 16 op, 244000.00 ns, 15.2500 us/op
WorkloadActual  54: 16 op, 372600.00 ns, 23.2875 us/op
WorkloadActual  55: 16 op, 552400.00 ns, 34.5250 us/op
WorkloadActual  56: 16 op, 368300.00 ns, 23.0188 us/op
WorkloadActual  57: 16 op, 355100.00 ns, 22.1938 us/op
WorkloadActual  58: 16 op, 394300.00 ns, 24.6438 us/op
WorkloadActual  59: 16 op, 489900.00 ns, 30.6188 us/op
WorkloadActual  60: 16 op, 359300.00 ns, 22.4563 us/op
WorkloadActual  61: 16 op, 383700.00 ns, 23.9813 us/op
WorkloadActual  62: 16 op, 384000.00 ns, 24.0000 us/op
WorkloadActual  63: 16 op, 234600.00 ns, 14.6625 us/op
WorkloadActual  64: 16 op, 354700.00 ns, 22.1688 us/op
WorkloadActual  65: 16 op, 365900.00 ns, 22.8688 us/op
WorkloadActual  66: 16 op, 400600.00 ns, 25.0375 us/op
WorkloadActual  67: 16 op, 394700.00 ns, 24.6688 us/op
WorkloadActual  68: 16 op, 430900.00 ns, 26.9313 us/op
WorkloadActual  69: 16 op, 370500.00 ns, 23.1563 us/op
WorkloadActual  70: 16 op, 391100.00 ns, 24.4438 us/op
WorkloadActual  71: 16 op, 389000.00 ns, 24.3125 us/op
WorkloadActual  72: 16 op, 457300.00 ns, 28.5813 us/op
WorkloadActual  73: 16 op, 376100.00 ns, 23.5063 us/op
WorkloadActual  74: 16 op, 349500.00 ns, 21.8438 us/op
WorkloadActual  75: 16 op, 360500.00 ns, 22.5313 us/op
WorkloadActual  76: 16 op, 394300.00 ns, 24.6438 us/op
WorkloadActual  77: 16 op, 364700.00 ns, 22.7938 us/op
WorkloadActual  78: 16 op, 375700.00 ns, 23.4813 us/op
WorkloadActual  79: 16 op, 357400.00 ns, 22.3375 us/op
WorkloadActual  80: 16 op, 448100.00 ns, 28.0063 us/op
WorkloadActual  81: 16 op, 391700.00 ns, 24.4813 us/op
WorkloadActual  82: 16 op, 237400.00 ns, 14.8375 us/op
WorkloadActual  83: 16 op, 355300.00 ns, 22.2063 us/op
WorkloadActual  84: 16 op, 377600.00 ns, 23.6000 us/op
WorkloadActual  85: 16 op, 241400.00 ns, 15.0875 us/op
WorkloadActual  86: 16 op, 366600.00 ns, 22.9125 us/op
WorkloadActual  87: 16 op, 352500.00 ns, 22.0313 us/op
WorkloadActual  88: 16 op, 372900.00 ns, 23.3063 us/op
WorkloadActual  89: 16 op, 356500.00 ns, 22.2813 us/op
WorkloadActual  90: 16 op, 363700.00 ns, 22.7313 us/op
WorkloadActual  91: 16 op, 407800.00 ns, 25.4875 us/op
WorkloadActual  92: 16 op, 361900.00 ns, 22.6188 us/op
WorkloadActual  93: 16 op, 365600.00 ns, 22.8500 us/op
WorkloadActual  94: 16 op, 354100.00 ns, 22.1313 us/op
WorkloadActual  95: 16 op, 947900.00 ns, 59.2438 us/op
WorkloadActual  96: 16 op, 393700.00 ns, 24.6063 us/op
WorkloadActual  97: 16 op, 425800.00 ns, 26.6125 us/op
WorkloadActual  98: 16 op, 375600.00 ns, 23.4750 us/op
WorkloadActual  99: 16 op, 232500.00 ns, 14.5313 us/op
WorkloadActual  100: 16 op, 381600.00 ns, 23.8500 us/op

// AfterActualRun
WorkloadResult   1: 16 op, 356200.00 ns, 22.2625 us/op
WorkloadResult   2: 16 op, 363700.00 ns, 22.7313 us/op
WorkloadResult   3: 16 op, 394200.00 ns, 24.6375 us/op
WorkloadResult   4: 16 op, 384700.00 ns, 24.0438 us/op
WorkloadResult   5: 16 op, 360900.00 ns, 22.5563 us/op
WorkloadResult   6: 16 op, 382400.00 ns, 23.9000 us/op
WorkloadResult   7: 16 op, 398200.00 ns, 24.8875 us/op
WorkloadResult   8: 16 op, 219900.00 ns, 13.7438 us/op
WorkloadResult   9: 16 op, 396900.00 ns, 24.8063 us/op
WorkloadResult  10: 16 op, 370200.00 ns, 23.1375 us/op
WorkloadResult  11: 16 op, 381500.00 ns, 23.8438 us/op
WorkloadResult  12: 16 op, 367000.00 ns, 22.9375 us/op
WorkloadResult  13: 16 op, 383300.00 ns, 23.9563 us/op
WorkloadResult  14: 16 op, 380600.00 ns, 23.7875 us/op
WorkloadResult  15: 16 op, 420200.00 ns, 26.2625 us/op
WorkloadResult  16: 16 op, 428800.00 ns, 26.8000 us/op
WorkloadResult  17: 16 op, 378600.00 ns, 23.6625 us/op
WorkloadResult  18: 16 op, 365600.00 ns, 22.8500 us/op
WorkloadResult  19: 16 op, 408700.00 ns, 25.5438 us/op
WorkloadResult  20: 16 op, 408600.00 ns, 25.5375 us/op
WorkloadResult  21: 16 op, 382100.00 ns, 23.8813 us/op
WorkloadResult  22: 16 op, 356300.00 ns, 22.2688 us/op
WorkloadResult  23: 16 op, 411700.00 ns, 25.7313 us/op
WorkloadResult  24: 16 op, 415000.00 ns, 25.9375 us/op
WorkloadResult  25: 16 op, 358900.00 ns, 22.4313 us/op
WorkloadResult  26: 16 op, 378900.00 ns, 23.6813 us/op
WorkloadResult  27: 16 op, 391500.00 ns, 24.4688 us/op
WorkloadResult  28: 16 op, 397400.00 ns, 24.8375 us/op
WorkloadResult  29: 16 op, 410200.00 ns, 25.6375 us/op
WorkloadResult  30: 16 op, 296700.00 ns, 18.5438 us/op
WorkloadResult  31: 16 op, 410300.00 ns, 25.6438 us/op
WorkloadResult  32: 16 op, 384900.00 ns, 24.0563 us/op
WorkloadResult  33: 16 op, 423600.00 ns, 26.4750 us/op
WorkloadResult  34: 16 op, 365200.00 ns, 22.8250 us/op
WorkloadResult  35: 16 op, 390300.00 ns, 24.3938 us/op
WorkloadResult  36: 16 op, 372300.00 ns, 23.2688 us/op
WorkloadResult  37: 16 op, 363000.00 ns, 22.6875 us/op
WorkloadResult  38: 16 op, 396900.00 ns, 24.8063 us/op
WorkloadResult  39: 16 op, 398700.00 ns, 24.9188 us/op
WorkloadResult  40: 16 op, 378300.00 ns, 23.6438 us/op
WorkloadResult  41: 16 op, 363400.00 ns, 22.7125 us/op
WorkloadResult  42: 16 op, 355400.00 ns, 22.2125 us/op
WorkloadResult  43: 16 op, 382000.00 ns, 23.8750 us/op
WorkloadResult  44: 16 op, 354600.00 ns, 22.1625 us/op
WorkloadResult  45: 16 op, 378600.00 ns, 23.6625 us/op
WorkloadResult  46: 16 op, 355900.00 ns, 22.2438 us/op
WorkloadResult  47: 16 op, 351900.00 ns, 21.9938 us/op
WorkloadResult  48: 16 op, 243700.00 ns, 15.2313 us/op
WorkloadResult  49: 16 op, 372300.00 ns, 23.2688 us/op
WorkloadResult  50: 16 op, 368000.00 ns, 23.0000 us/op
WorkloadResult  51: 16 op, 354800.00 ns, 22.1750 us/op
WorkloadResult  52: 16 op, 394000.00 ns, 24.6250 us/op
WorkloadResult  53: 16 op, 359000.00 ns, 22.4375 us/op
WorkloadResult  54: 16 op, 383400.00 ns, 23.9625 us/op
WorkloadResult  55: 16 op, 383700.00 ns, 23.9813 us/op
WorkloadResult  56: 16 op, 234300.00 ns, 14.6438 us/op
WorkloadResult  57: 16 op, 354400.00 ns, 22.1500 us/op
WorkloadResult  58: 16 op, 365600.00 ns, 22.8500 us/op
WorkloadResult  59: 16 op, 400300.00 ns, 25.0188 us/op
WorkloadResult  60: 16 op, 394400.00 ns, 24.6500 us/op
WorkloadResult  61: 16 op, 430600.00 ns, 26.9125 us/op
WorkloadResult  62: 16 op, 370200.00 ns, 23.1375 us/op
WorkloadResult  63: 16 op, 390800.00 ns, 24.4250 us/op
WorkloadResult  64: 16 op, 388700.00 ns, 24.2938 us/op
WorkloadResult  65: 16 op, 375800.00 ns, 23.4875 us/op
WorkloadResult  66: 16 op, 349200.00 ns, 21.8250 us/op
WorkloadResult  67: 16 op, 360200.00 ns, 22.5125 us/op
WorkloadResult  68: 16 op, 394000.00 ns, 24.6250 us/op
WorkloadResult  69: 16 op, 364400.00 ns, 22.7750 us/op
WorkloadResult  70: 16 op, 375400.00 ns, 23.4625 us/op
WorkloadResult  71: 16 op, 357100.00 ns, 22.3188 us/op
WorkloadResult  72: 16 op, 447800.00 ns, 27.9875 us/op
WorkloadResult  73: 16 op, 391400.00 ns, 24.4625 us/op
WorkloadResult  74: 16 op, 237100.00 ns, 14.8188 us/op
WorkloadResult  75: 16 op, 355000.00 ns, 22.1875 us/op
WorkloadResult  76: 16 op, 377300.00 ns, 23.5813 us/op
WorkloadResult  77: 16 op, 241100.00 ns, 15.0688 us/op
WorkloadResult  78: 16 op, 366300.00 ns, 22.8938 us/op
WorkloadResult  79: 16 op, 352200.00 ns, 22.0125 us/op
WorkloadResult  80: 16 op, 372600.00 ns, 23.2875 us/op
WorkloadResult  81: 16 op, 356200.00 ns, 22.2625 us/op
WorkloadResult  82: 16 op, 363400.00 ns, 22.7125 us/op
WorkloadResult  83: 16 op, 407500.00 ns, 25.4688 us/op
WorkloadResult  84: 16 op, 361600.00 ns, 22.6000 us/op
WorkloadResult  85: 16 op, 365300.00 ns, 22.8313 us/op
WorkloadResult  86: 16 op, 353800.00 ns, 22.1125 us/op
WorkloadResult  87: 16 op, 393400.00 ns, 24.5875 us/op
WorkloadResult  88: 16 op, 425500.00 ns, 26.5938 us/op
WorkloadResult  89: 16 op, 375300.00 ns, 23.4563 us/op
WorkloadResult  90: 16 op, 232200.00 ns, 14.5125 us/op
WorkloadResult  91: 16 op, 381300.00 ns, 23.8313 us/op
// GC:  0 0 0 2197776 16
// Threading:  0 0 16

// AfterAll
// Benchmark Process 11716 has exited with code 0.

Mean = 23.142 μs, StdErr = 0.280 μs (1.21%), N = 91, StdDev = 2.674 μs
Min = 13.744 μs, Q1 = 22.475 μs, Median = 23.488 μs, Q3 = 24.606 μs, Max = 27.988 μs
IQR = 2.131 μs, LowerFence = 19.278 μs, UpperFence = 27.803 μs
ConfidenceInterval = [22.188 μs; 24.096 μs] (CI 99.9%), Margin = 0.954 μs (4.12% of Mean)
Skewness = -1.89, Kurtosis = 7.23, MValue = 2

// ** Remained 4 (26,7%) benchmark(s) to run. Estimated finish 2026-09-11 16:16 (0h 0m from now) **
Setup power plan (GUID: 8c5e7fda-e8bf-4a96-9a85-a6e23a8c635c FriendlyName: High performance)
// **************************
// Benchmark: HierarchyBenchmarks.Move: Job-IHQVRN(InvocationCount=1, UnrollFactor=1) [NodeCount=5000]
// *** Execute ***
// Launch: 1 / 1
// Execute: dotnet 0dd2092b-0a91-44cc-aa82-d11618bf258f.dll --anonymousPipes 1384 1684 --benchmarkName "HierarchyBenchmarks.Move(NodeCount: 5000)" --job "InvocationCount=1, UnrollFactor=1" --benchmarkId 11 in D:\HierarchyKit\benchmarks\HierarchyKit.Benchmarks\bin\Release\net10.0\0dd2092b-0a91-44cc-aa82-d11618bf258f\bin\Release\net10.0
// BeforeAnythingElse

// Benchmark Process Environment Information:
// BenchmarkDotNet v0.14.0
// Runtime=.NET 10.0.12 (10.0.1226.42308), X64 RyuJIT AVX2
// GC=Non-concurrent Workstation
// HardwareIntrinsics=AVX2,AES,BMI1,BMI2,FMA,LZCNT,PCLMUL,POPCNT,AvxVnni,SERIALIZE VectorSize=256
// Job: Job-SQCSKH(InvocationCount=1, UnrollFactor=1)

OverheadJitting  1: 16 op, 176700.00 ns, 11.0438 us/op
WorkloadJitting  1: 16 op, 1513800.00 ns, 94.6125 us/op

OverheadWarmup   1: 16 op, 500.00 ns, 31.2500 ns/op
OverheadWarmup   2: 16 op, 300.00 ns, 18.7500 ns/op
OverheadWarmup   3: 16 op, 300.00 ns, 18.7500 ns/op
OverheadWarmup   4: 16 op, 300.00 ns, 18.7500 ns/op
OverheadWarmup   5: 16 op, 500.00 ns, 31.2500 ns/op
OverheadWarmup   6: 16 op, 200.00 ns, 12.5000 ns/op

OverheadActual   1: 16 op, 500.00 ns, 31.2500 ns/op
OverheadActual   2: 16 op, 400.00 ns, 25.0000 ns/op
OverheadActual   3: 16 op, 500.00 ns, 31.2500 ns/op
OverheadActual   4: 16 op, 200.00 ns, 12.5000 ns/op
OverheadActual   5: 16 op, 500.00 ns, 31.2500 ns/op
OverheadActual   6: 16 op, 200.00 ns, 12.5000 ns/op
OverheadActual   7: 16 op, 300.00 ns, 18.7500 ns/op
OverheadActual   8: 16 op, 200.00 ns, 12.5000 ns/op
OverheadActual   9: 16 op, 100.00 ns, 6.2500 ns/op
OverheadActual  10: 16 op, 200.00 ns, 12.5000 ns/op
OverheadActual  11: 16 op, 0.00 ns, 0.0000 ns/op
OverheadActual  12: 16 op, 400.00 ns, 25.0000 ns/op
OverheadActual  13: 16 op, 200.00 ns, 12.5000 ns/op
OverheadActual  14: 16 op, 200.00 ns, 12.5000 ns/op
OverheadActual  15: 16 op, 400.00 ns, 25.0000 ns/op
OverheadActual  16: 16 op, 200.00 ns, 12.5000 ns/op
OverheadActual  17: 16 op, 400.00 ns, 25.0000 ns/op
OverheadActual  18: 16 op, 200.00 ns, 12.5000 ns/op
OverheadActual  19: 16 op, 400.00 ns, 25.0000 ns/op
OverheadActual  20: 16 op, 300.00 ns, 18.7500 ns/op

WorkloadWarmup   1: 16 op, 449200.00 ns, 28.0750 us/op
WorkloadWarmup   2: 16 op, 449600.00 ns, 28.1000 us/op
WorkloadWarmup   3: 16 op, 424700.00 ns, 26.5438 us/op
WorkloadWarmup   4: 16 op, 451800.00 ns, 28.2375 us/op
WorkloadWarmup   5: 16 op, 666400.00 ns, 41.6500 us/op
WorkloadWarmup   6: 16 op, 678000.00 ns, 42.3750 us/op
WorkloadWarmup   7: 16 op, 634200.00 ns, 39.6375 us/op

// BeforeActualRun
WorkloadActual   1: 16 op, 666400.00 ns, 41.6500 us/op
WorkloadActual   2: 16 op, 663000.00 ns, 41.4375 us/op
WorkloadActual   3: 16 op, 1014100.00 ns, 63.3813 us/op
WorkloadActual   4: 16 op, 641800.00 ns, 40.1125 us/op
WorkloadActual   5: 16 op, 672900.00 ns, 42.0563 us/op
WorkloadActual   6: 16 op, 640800.00 ns, 40.0500 us/op
WorkloadActual   7: 16 op, 633900.00 ns, 39.6188 us/op
WorkloadActual   8: 16 op, 633800.00 ns, 39.6125 us/op
WorkloadActual   9: 16 op, 637100.00 ns, 39.8188 us/op
WorkloadActual  10: 16 op, 646600.00 ns, 40.4125 us/op
WorkloadActual  11: 16 op, 652900.00 ns, 40.8063 us/op
WorkloadActual  12: 16 op, 632100.00 ns, 39.5063 us/op
WorkloadActual  13: 16 op, 1055300.00 ns, 65.9563 us/op
WorkloadActual  14: 16 op, 761100.00 ns, 47.5688 us/op
WorkloadActual  15: 16 op, 716400.00 ns, 44.7750 us/op
WorkloadActual  16: 16 op, 638000.00 ns, 39.8750 us/op
WorkloadActual  17: 16 op, 652100.00 ns, 40.7563 us/op
WorkloadActual  18: 16 op, 635700.00 ns, 39.7313 us/op
WorkloadActual  19: 16 op, 635600.00 ns, 39.7250 us/op
WorkloadActual  20: 16 op, 642200.00 ns, 40.1375 us/op
WorkloadActual  21: 16 op, 634200.00 ns, 39.6375 us/op

// AfterActualRun
WorkloadResult   1: 16 op, 666150.00 ns, 41.6344 us/op
WorkloadResult   2: 16 op, 662750.00 ns, 41.4219 us/op
WorkloadResult   3: 16 op, 641550.00 ns, 40.0969 us/op
WorkloadResult   4: 16 op, 672650.00 ns, 42.0406 us/op
WorkloadResult   5: 16 op, 640550.00 ns, 40.0344 us/op
WorkloadResult   6: 16 op, 633650.00 ns, 39.6031 us/op
WorkloadResult   7: 16 op, 633550.00 ns, 39.5969 us/op
WorkloadResult   8: 16 op, 636850.00 ns, 39.8031 us/op
WorkloadResult   9: 16 op, 646350.00 ns, 40.3969 us/op
WorkloadResult  10: 16 op, 652650.00 ns, 40.7906 us/op
WorkloadResult  11: 16 op, 631850.00 ns, 39.4906 us/op
WorkloadResult  12: 16 op, 637750.00 ns, 39.8594 us/op
WorkloadResult  13: 16 op, 651850.00 ns, 40.7406 us/op
WorkloadResult  14: 16 op, 635450.00 ns, 39.7156 us/op
WorkloadResult  15: 16 op, 635350.00 ns, 39.7094 us/op
WorkloadResult  16: 16 op, 641950.00 ns, 40.1219 us/op
WorkloadResult  17: 16 op, 633950.00 ns, 39.6219 us/op
// GC:  0 0 0 2197392 16
// Threading:  0 0 16

// AfterAll
// Benchmark Process 7548 has exited with code 0.

Mean = 40.275 μs, StdErr = 0.191 μs (0.47%), N = 17, StdDev = 0.786 μs
Min = 39.491 μs, Q1 = 39.709 μs, Median = 40.034 μs, Q3 = 40.741 μs, Max = 42.041 μs
IQR = 1.031 μs, LowerFence = 38.163 μs, UpperFence = 42.288 μs
ConfidenceInterval = [39.510 μs; 41.040 μs] (CI 99.9%), Margin = 0.765 μs (1.90% of Mean)
Skewness = 0.95, Kurtosis = 2.51, MValue = 2

// ** Remained 3 (20,0%) benchmark(s) to run. Estimated finish 2026-09-11 16:17 (0h 0m from now) **
Setup power plan (GUID: 8c5e7fda-e8bf-4a96-9a85-a6e23a8c635c FriendlyName: High performance)
// **************************
// Benchmark: HierarchyBenchmarks.Remove: Job-IHQVRN(InvocationCount=1, UnrollFactor=1) [NodeCount=5000]
// *** Execute ***
// Launch: 1 / 1
// Execute: dotnet 0dd2092b-0a91-44cc-aa82-d11618bf258f.dll --anonymousPipes 1700 2028 --benchmarkName "HierarchyBenchmarks.Remove(NodeCount: 5000)" --job "InvocationCount=1, UnrollFactor=1" --benchmarkId 12 in D:\HierarchyKit\benchmarks\HierarchyKit.Benchmarks\bin\Release\net10.0\0dd2092b-0a91-44cc-aa82-d11618bf258f\bin\Release\net10.0
// BeforeAnythingElse

// Benchmark Process Environment Information:
// BenchmarkDotNet v0.14.0
// Runtime=.NET 10.0.12 (10.0.1226.42308), X64 RyuJIT AVX2
// GC=Non-concurrent Workstation
// HardwareIntrinsics=AVX2,AES,BMI1,BMI2,FMA,LZCNT,PCLMUL,POPCNT,AvxVnni,SERIALIZE VectorSize=256
// Job: Job-VGFRXC(InvocationCount=1, UnrollFactor=1)

OverheadJitting  1: 16 op, 175900.00 ns, 10.9938 us/op
WorkloadJitting  1: 16 op, 2546400.00 ns, 159.1500 us/op

OverheadWarmup   1: 16 op, 400.00 ns, 25.0000 ns/op
OverheadWarmup   2: 16 op, 300.00 ns, 18.7500 ns/op
OverheadWarmup   3: 16 op, 200.00 ns, 12.5000 ns/op
OverheadWarmup   4: 16 op, 300.00 ns, 18.7500 ns/op
OverheadWarmup   5: 16 op, 200.00 ns, 12.5000 ns/op
OverheadWarmup   6: 16 op, 300.00 ns, 18.7500 ns/op
OverheadWarmup   7: 16 op, 200.00 ns, 12.5000 ns/op

OverheadActual   1: 16 op, 300.00 ns, 18.7500 ns/op
OverheadActual   2: 16 op, 300.00 ns, 18.7500 ns/op
OverheadActual   3: 16 op, 200.00 ns, 12.5000 ns/op
OverheadActual   4: 16 op, 200.00 ns, 12.5000 ns/op
OverheadActual   5: 16 op, 400.00 ns, 25.0000 ns/op
OverheadActual   6: 16 op, 400.00 ns, 25.0000 ns/op
OverheadActual   7: 16 op, 200.00 ns, 12.5000 ns/op
OverheadActual   8: 16 op, 200.00 ns, 12.5000 ns/op
OverheadActual   9: 16 op, 200.00 ns, 12.5000 ns/op
OverheadActual  10: 16 op, 100.00 ns, 6.2500 ns/op
OverheadActual  11: 16 op, 200.00 ns, 12.5000 ns/op
OverheadActual  12: 16 op, 100.00 ns, 6.2500 ns/op
OverheadActual  13: 16 op, 100.00 ns, 6.2500 ns/op
OverheadActual  14: 16 op, 100.00 ns, 6.2500 ns/op
OverheadActual  15: 16 op, 100.00 ns, 6.2500 ns/op
OverheadActual  16: 16 op, 500.00 ns, 31.2500 ns/op
OverheadActual  17: 16 op, 300.00 ns, 18.7500 ns/op
OverheadActual  18: 16 op, 300.00 ns, 18.7500 ns/op
OverheadActual  19: 16 op, 300.00 ns, 18.7500 ns/op
OverheadActual  20: 16 op, 300.00 ns, 18.7500 ns/op

WorkloadWarmup   1: 16 op, 461700.00 ns, 28.8563 us/op
WorkloadWarmup   2: 16 op, 587400.00 ns, 36.7125 us/op
WorkloadWarmup   3: 16 op, 422800.00 ns, 26.4250 us/op
WorkloadWarmup   4: 16 op, 397100.00 ns, 24.8188 us/op
WorkloadWarmup   5: 16 op, 681300.00 ns, 42.5813 us/op
WorkloadWarmup   6: 16 op, 656100.00 ns, 41.0063 us/op

// BeforeActualRun
WorkloadActual   1: 16 op, 703200.00 ns, 43.9500 us/op
WorkloadActual   2: 16 op, 641100.00 ns, 40.0688 us/op
WorkloadActual   3: 16 op, 657400.00 ns, 41.0875 us/op
WorkloadActual   4: 16 op, 665400.00 ns, 41.5875 us/op
WorkloadActual   5: 16 op, 709200.00 ns, 44.3250 us/op
WorkloadActual   6: 16 op, 642000.00 ns, 40.1250 us/op
WorkloadActual   7: 16 op, 657600.00 ns, 41.1000 us/op
WorkloadActual   8: 16 op, 670600.00 ns, 41.9125 us/op
WorkloadActual   9: 16 op, 639000.00 ns, 39.9375 us/op
WorkloadActual  10: 16 op, 807200.00 ns, 50.4500 us/op
WorkloadActual  11: 16 op, 1184800.00 ns, 74.0500 us/op
WorkloadActual  12: 16 op, 675500.00 ns, 42.2188 us/op
WorkloadActual  13: 16 op, 692800.00 ns, 43.3000 us/op
WorkloadActual  14: 16 op, 718600.00 ns, 44.9125 us/op
WorkloadActual  15: 16 op, 667500.00 ns, 41.7188 us/op
WorkloadActual  16: 16 op, 1220000.00 ns, 76.2500 us/op
WorkloadActual  17: 16 op, 681800.00 ns, 42.6125 us/op
WorkloadActual  18: 16 op, 716500.00 ns, 44.7813 us/op
WorkloadActual  19: 16 op, 684000.00 ns, 42.7500 us/op
WorkloadActual  20: 16 op, 636200.00 ns, 39.7625 us/op
WorkloadActual  21: 16 op, 639100.00 ns, 39.9438 us/op
WorkloadActual  22: 16 op, 649100.00 ns, 40.5688 us/op
WorkloadActual  23: 16 op, 672700.00 ns, 42.0438 us/op
WorkloadActual  24: 16 op, 704600.00 ns, 44.0375 us/op
WorkloadActual  25: 16 op, 676700.00 ns, 42.2938 us/op
WorkloadActual  26: 16 op, 671600.00 ns, 41.9750 us/op
WorkloadActual  27: 16 op, 686700.00 ns, 42.9188 us/op
WorkloadActual  28: 16 op, 693600.00 ns, 43.3500 us/op
WorkloadActual  29: 16 op, 717300.00 ns, 44.8313 us/op
WorkloadActual  30: 16 op, 415400.00 ns, 25.9625 us/op
WorkloadActual  31: 16 op, 652400.00 ns, 40.7750 us/op
WorkloadActual  32: 16 op, 670500.00 ns, 41.9063 us/op
WorkloadActual  33: 16 op, 760000.00 ns, 47.5000 us/op
WorkloadActual  34: 16 op, 652400.00 ns, 40.7750 us/op
WorkloadActual  35: 16 op, 650000.00 ns, 40.6250 us/op
WorkloadActual  36: 16 op, 685400.00 ns, 42.8375 us/op
WorkloadActual  37: 16 op, 1042300.00 ns, 65.1438 us/op
WorkloadActual  38: 16 op, 650100.00 ns, 40.6313 us/op
WorkloadActual  39: 16 op, 639700.00 ns, 39.9813 us/op
WorkloadActual  40: 16 op, 1201100.00 ns, 75.0688 us/op
WorkloadActual  41: 16 op, 673700.00 ns, 42.1063 us/op
WorkloadActual  42: 16 op, 403000.00 ns, 25.1875 us/op
WorkloadActual  43: 16 op, 686000.00 ns, 42.8750 us/op
WorkloadActual  44: 16 op, 652800.00 ns, 40.8000 us/op
WorkloadActual  45: 16 op, 660800.00 ns, 41.3000 us/op
WorkloadActual  46: 16 op, 825000.00 ns, 51.5625 us/op
WorkloadActual  47: 16 op, 442800.00 ns, 27.6750 us/op
WorkloadActual  48: 16 op, 703300.00 ns, 43.9563 us/op
WorkloadActual  49: 16 op, 677300.00 ns, 42.3313 us/op
WorkloadActual  50: 16 op, 693700.00 ns, 43.3563 us/op
WorkloadActual  51: 16 op, 640900.00 ns, 40.0563 us/op
WorkloadActual  52: 16 op, 664000.00 ns, 41.5000 us/op
WorkloadActual  53: 16 op, 683400.00 ns, 42.7125 us/op
WorkloadActual  54: 16 op, 693600.00 ns, 43.3500 us/op
WorkloadActual  55: 16 op, 703600.00 ns, 43.9750 us/op
WorkloadActual  56: 16 op, 671100.00 ns, 41.9438 us/op
WorkloadActual  57: 16 op, 407000.00 ns, 25.4375 us/op
WorkloadActual  58: 16 op, 1173300.00 ns, 73.3313 us/op
WorkloadActual  59: 16 op, 697900.00 ns, 43.6188 us/op
WorkloadActual  60: 16 op, 731500.00 ns, 45.7188 us/op
WorkloadActual  61: 16 op, 665000.00 ns, 41.5625 us/op
WorkloadActual  62: 16 op, 656900.00 ns, 41.0563 us/op
WorkloadActual  63: 16 op, 670000.00 ns, 41.8750 us/op
WorkloadActual  64: 16 op, 625300.00 ns, 39.0813 us/op
WorkloadActual  65: 16 op, 985000.00 ns, 61.5625 us/op
WorkloadActual  66: 16 op, 632900.00 ns, 39.5563 us/op
WorkloadActual  67: 16 op, 673200.00 ns, 42.0750 us/op
WorkloadActual  68: 16 op, 762600.00 ns, 47.6625 us/op
WorkloadActual  69: 16 op, 662800.00 ns, 41.4250 us/op
WorkloadActual  70: 16 op, 644700.00 ns, 40.2938 us/op
WorkloadActual  71: 16 op, 1066900.00 ns, 66.6813 us/op
WorkloadActual  72: 16 op, 651900.00 ns, 40.7438 us/op
WorkloadActual  73: 16 op, 774700.00 ns, 48.4188 us/op
WorkloadActual  74: 16 op, 644300.00 ns, 40.2688 us/op
WorkloadActual  75: 16 op, 660300.00 ns, 41.2688 us/op
WorkloadActual  76: 16 op, 681000.00 ns, 42.5625 us/op
WorkloadActual  77: 16 op, 1162500.00 ns, 72.6563 us/op
WorkloadActual  78: 16 op, 702300.00 ns, 43.8938 us/op
WorkloadActual  79: 16 op, 639800.00 ns, 39.9875 us/op
WorkloadActual  80: 16 op, 670500.00 ns, 41.9063 us/op
WorkloadActual  81: 16 op, 666200.00 ns, 41.6375 us/op
WorkloadActual  82: 16 op, 662100.00 ns, 41.3813 us/op
WorkloadActual  83: 16 op, 469700.00 ns, 29.3563 us/op
WorkloadActual  84: 16 op, 695000.00 ns, 43.4375 us/op
WorkloadActual  85: 16 op, 673800.00 ns, 42.1125 us/op
WorkloadActual  86: 16 op, 619500.00 ns, 38.7188 us/op
WorkloadActual  87: 16 op, 675900.00 ns, 42.2438 us/op
WorkloadActual  88: 16 op, 618900.00 ns, 38.6813 us/op
WorkloadActual  89: 16 op, 625500.00 ns, 39.0938 us/op
WorkloadActual  90: 16 op, 383100.00 ns, 23.9438 us/op
WorkloadActual  91: 16 op, 735600.00 ns, 45.9750 us/op
WorkloadActual  92: 16 op, 671500.00 ns, 41.9688 us/op
WorkloadActual  93: 16 op, 632700.00 ns, 39.5438 us/op
WorkloadActual  94: 16 op, 706600.00 ns, 44.1625 us/op
WorkloadActual  95: 16 op, 748800.00 ns, 46.8000 us/op
WorkloadActual  96: 16 op, 686800.00 ns, 42.9250 us/op
WorkloadActual  97: 16 op, 625100.00 ns, 39.0688 us/op
WorkloadActual  98: 16 op, 795200.00 ns, 49.7000 us/op
WorkloadActual  99: 16 op, 635500.00 ns, 39.7188 us/op
WorkloadActual  100: 16 op, 667000.00 ns, 41.6875 us/op

// AfterActualRun
WorkloadResult   1: 16 op, 703000.00 ns, 43.9375 us/op
WorkloadResult   2: 16 op, 640900.00 ns, 40.0563 us/op
WorkloadResult   3: 16 op, 657200.00 ns, 41.0750 us/op
WorkloadResult   4: 16 op, 665200.00 ns, 41.5750 us/op
WorkloadResult   5: 16 op, 709000.00 ns, 44.3125 us/op
WorkloadResult   6: 16 op, 641800.00 ns, 40.1125 us/op
WorkloadResult   7: 16 op, 657400.00 ns, 41.0875 us/op
WorkloadResult   8: 16 op, 670400.00 ns, 41.9000 us/op
WorkloadResult   9: 16 op, 638800.00 ns, 39.9250 us/op
WorkloadResult  10: 16 op, 675300.00 ns, 42.2063 us/op
WorkloadResult  11: 16 op, 692600.00 ns, 43.2875 us/op
WorkloadResult  12: 16 op, 718400.00 ns, 44.9000 us/op
WorkloadResult  13: 16 op, 667300.00 ns, 41.7063 us/op
WorkloadResult  14: 16 op, 681600.00 ns, 42.6000 us/op
WorkloadResult  15: 16 op, 716300.00 ns, 44.7688 us/op
WorkloadResult  16: 16 op, 683800.00 ns, 42.7375 us/op
WorkloadResult  17: 16 op, 636000.00 ns, 39.7500 us/op
WorkloadResult  18: 16 op, 638900.00 ns, 39.9313 us/op
WorkloadResult  19: 16 op, 648900.00 ns, 40.5563 us/op
WorkloadResult  20: 16 op, 672500.00 ns, 42.0313 us/op
WorkloadResult  21: 16 op, 704400.00 ns, 44.0250 us/op
WorkloadResult  22: 16 op, 676500.00 ns, 42.2813 us/op
WorkloadResult  23: 16 op, 671400.00 ns, 41.9625 us/op
WorkloadResult  24: 16 op, 686500.00 ns, 42.9063 us/op
WorkloadResult  25: 16 op, 693400.00 ns, 43.3375 us/op
WorkloadResult  26: 16 op, 717100.00 ns, 44.8188 us/op
WorkloadResult  27: 16 op, 415200.00 ns, 25.9500 us/op
WorkloadResult  28: 16 op, 652200.00 ns, 40.7625 us/op
WorkloadResult  29: 16 op, 670300.00 ns, 41.8938 us/op
WorkloadResult  30: 16 op, 759800.00 ns, 47.4875 us/op
WorkloadResult  31: 16 op, 652200.00 ns, 40.7625 us/op
WorkloadResult  32: 16 op, 649800.00 ns, 40.6125 us/op
WorkloadResult  33: 16 op, 685200.00 ns, 42.8250 us/op
WorkloadResult  34: 16 op, 649900.00 ns, 40.6188 us/op
WorkloadResult  35: 16 op, 639500.00 ns, 39.9688 us/op
WorkloadResult  36: 16 op, 673500.00 ns, 42.0938 us/op
WorkloadResult  37: 16 op, 402800.00 ns, 25.1750 us/op
WorkloadResult  38: 16 op, 685800.00 ns, 42.8625 us/op
WorkloadResult  39: 16 op, 652600.00 ns, 40.7875 us/op
WorkloadResult  40: 16 op, 660600.00 ns, 41.2875 us/op
WorkloadResult  41: 16 op, 442600.00 ns, 27.6625 us/op
WorkloadResult  42: 16 op, 703100.00 ns, 43.9438 us/op
WorkloadResult  43: 16 op, 677100.00 ns, 42.3188 us/op
WorkloadResult  44: 16 op, 693500.00 ns, 43.3438 us/op
WorkloadResult  45: 16 op, 640700.00 ns, 40.0438 us/op
WorkloadResult  46: 16 op, 663800.00 ns, 41.4875 us/op
WorkloadResult  47: 16 op, 683200.00 ns, 42.7000 us/op
WorkloadResult  48: 16 op, 693400.00 ns, 43.3375 us/op
WorkloadResult  49: 16 op, 703400.00 ns, 43.9625 us/op
WorkloadResult  50: 16 op, 670900.00 ns, 41.9313 us/op
WorkloadResult  51: 16 op, 406800.00 ns, 25.4250 us/op
WorkloadResult  52: 16 op, 697700.00 ns, 43.6063 us/op
WorkloadResult  53: 16 op, 731300.00 ns, 45.7063 us/op
WorkloadResult  54: 16 op, 664800.00 ns, 41.5500 us/op
WorkloadResult  55: 16 op, 656700.00 ns, 41.0438 us/op
WorkloadResult  56: 16 op, 669800.00 ns, 41.8625 us/op
WorkloadResult  57: 16 op, 625100.00 ns, 39.0688 us/op
WorkloadResult  58: 16 op, 632700.00 ns, 39.5438 us/op
WorkloadResult  59: 16 op, 673000.00 ns, 42.0625 us/op
WorkloadResult  60: 16 op, 762400.00 ns, 47.6500 us/op
WorkloadResult  61: 16 op, 662600.00 ns, 41.4125 us/op
WorkloadResult  62: 16 op, 644500.00 ns, 40.2813 us/op
WorkloadResult  63: 16 op, 651700.00 ns, 40.7313 us/op
WorkloadResult  64: 16 op, 774500.00 ns, 48.4063 us/op
WorkloadResult  65: 16 op, 644100.00 ns, 40.2563 us/op
WorkloadResult  66: 16 op, 660100.00 ns, 41.2563 us/op
WorkloadResult  67: 16 op, 680800.00 ns, 42.5500 us/op
WorkloadResult  68: 16 op, 702100.00 ns, 43.8813 us/op
WorkloadResult  69: 16 op, 639600.00 ns, 39.9750 us/op
WorkloadResult  70: 16 op, 670300.00 ns, 41.8938 us/op
WorkloadResult  71: 16 op, 666000.00 ns, 41.6250 us/op
WorkloadResult  72: 16 op, 661900.00 ns, 41.3688 us/op
WorkloadResult  73: 16 op, 469500.00 ns, 29.3438 us/op
WorkloadResult  74: 16 op, 694800.00 ns, 43.4250 us/op
WorkloadResult  75: 16 op, 673600.00 ns, 42.1000 us/op
WorkloadResult  76: 16 op, 619300.00 ns, 38.7063 us/op
WorkloadResult  77: 16 op, 675700.00 ns, 42.2313 us/op
WorkloadResult  78: 16 op, 618700.00 ns, 38.6688 us/op
WorkloadResult  79: 16 op, 625300.00 ns, 39.0813 us/op
WorkloadResult  80: 16 op, 382900.00 ns, 23.9313 us/op
WorkloadResult  81: 16 op, 735400.00 ns, 45.9625 us/op
WorkloadResult  82: 16 op, 671300.00 ns, 41.9563 us/op
WorkloadResult  83: 16 op, 632500.00 ns, 39.5313 us/op
WorkloadResult  84: 16 op, 706400.00 ns, 44.1500 us/op
WorkloadResult  85: 16 op, 748600.00 ns, 46.7875 us/op
WorkloadResult  86: 16 op, 686600.00 ns, 42.9125 us/op
WorkloadResult  87: 16 op, 624900.00 ns, 39.0563 us/op
WorkloadResult  88: 16 op, 635300.00 ns, 39.7063 us/op
WorkloadResult  89: 16 op, 666800.00 ns, 41.6750 us/op
// GC:  0 0 0 2197568 16
// Threading:  0 0 16

// AfterAll
// Benchmark Process 10504 has exited with code 0.

Mean = 41.034 μs, StdErr = 0.476 μs (1.16%), N = 89, StdDev = 4.487 μs
Min = 23.931 μs, Q1 = 40.256 μs, Median = 41.862 μs, Q3 = 42.913 μs, Max = 48.406 μs
IQR = 2.656 μs, LowerFence = 36.272 μs, UpperFence = 46.897 μs
ConfidenceInterval = [39.414 μs; 42.653 μs] (CI 99.9%), Margin = 1.619 μs (3.95% of Mean)
Skewness = -2.29, Kurtosis = 8.9, MValue = 2

// ** Remained 2 (13,3%) benchmark(s) to run. Estimated finish 2026-09-11 16:19 (0h 0m from now) **
Setup power plan (GUID: 8c5e7fda-e8bf-4a96-9a85-a6e23a8c635c FriendlyName: High performance)
// **************************
// Benchmark: HierarchyBenchmarks.GetChildren: Job-IHQVRN(InvocationCount=1, UnrollFactor=1) [NodeCount=5000]
// *** Execute ***
// Launch: 1 / 1
// Execute: dotnet 0dd2092b-0a91-44cc-aa82-d11618bf258f.dll --anonymousPipes 1776 1772 --benchmarkName "HierarchyBenchmarks.GetChildren(NodeCount: 5000)" --job "InvocationCount=1, UnrollFactor=1" --benchmarkId 13 in D:\HierarchyKit\benchmarks\HierarchyKit.Benchmarks\bin\Release\net10.0\0dd2092b-0a91-44cc-aa82-d11618bf258f\bin\Release\net10.0
// BeforeAnythingElse

// Benchmark Process Environment Information:
// BenchmarkDotNet v0.14.0
// Runtime=.NET 10.0.12 (10.0.1226.42308), X64 RyuJIT AVX2
// GC=Non-concurrent Workstation
// HardwareIntrinsics=AVX2,AES,BMI1,BMI2,FMA,LZCNT,PCLMUL,POPCNT,AvxVnni,SERIALIZE VectorSize=256
// Job: Job-IZLIFJ(InvocationCount=1, UnrollFactor=1)

OverheadJitting  1: 16 op, 173800.00 ns, 10.8625 us/op
WorkloadJitting  1: 16 op, 2716600.00 ns, 169.7875 us/op

OverheadWarmup   1: 16 op, 300.00 ns, 18.7500 ns/op
OverheadWarmup   2: 16 op, 100.00 ns, 6.2500 ns/op
OverheadWarmup   3: 16 op, 100.00 ns, 6.2500 ns/op
OverheadWarmup   4: 16 op, 200.00 ns, 12.5000 ns/op
OverheadWarmup   5: 16 op, 300.00 ns, 18.7500 ns/op
OverheadWarmup   6: 16 op, 300.00 ns, 18.7500 ns/op
OverheadWarmup   7: 16 op, 200.00 ns, 12.5000 ns/op

OverheadActual   1: 16 op, 300.00 ns, 18.7500 ns/op
OverheadActual   2: 16 op, 300.00 ns, 18.7500 ns/op
OverheadActual   3: 16 op, 200.00 ns, 12.5000 ns/op
OverheadActual   4: 16 op, 200.00 ns, 12.5000 ns/op
OverheadActual   5: 16 op, 200.00 ns, 12.5000 ns/op
OverheadActual   6: 16 op, 200.00 ns, 12.5000 ns/op
OverheadActual   7: 16 op, 100.00 ns, 6.2500 ns/op
OverheadActual   8: 16 op, 300.00 ns, 18.7500 ns/op
OverheadActual   9: 16 op, 200.00 ns, 12.5000 ns/op
OverheadActual  10: 16 op, 100.00 ns, 6.2500 ns/op
OverheadActual  11: 16 op, 100.00 ns, 6.2500 ns/op
OverheadActual  12: 16 op, 100.00 ns, 6.2500 ns/op
OverheadActual  13: 16 op, 100.00 ns, 6.2500 ns/op
OverheadActual  14: 16 op, 200.00 ns, 12.5000 ns/op
OverheadActual  15: 16 op, 200.00 ns, 12.5000 ns/op
OverheadActual  16: 16 op, 200.00 ns, 12.5000 ns/op
OverheadActual  17: 16 op, 200.00 ns, 12.5000 ns/op
OverheadActual  18: 16 op, 300.00 ns, 18.7500 ns/op
OverheadActual  19: 16 op, 100.00 ns, 6.2500 ns/op
OverheadActual  20: 16 op, 0.00 ns, 0.0000 ns/op

WorkloadWarmup   1: 16 op, 495100.00 ns, 30.9438 us/op
WorkloadWarmup   2: 16 op, 450800.00 ns, 28.1750 us/op
WorkloadWarmup   3: 16 op, 493900.00 ns, 30.8688 us/op
WorkloadWarmup   4: 16 op, 460000.00 ns, 28.7500 us/op
WorkloadWarmup   5: 16 op, 781300.00 ns, 48.8313 us/op
WorkloadWarmup   6: 16 op, 783300.00 ns, 48.9563 us/op
WorkloadWarmup   7: 16 op, 768400.00 ns, 48.0250 us/op

// BeforeActualRun
WorkloadActual   1: 16 op, 796100.00 ns, 49.7563 us/op
WorkloadActual   2: 16 op, 771500.00 ns, 48.2188 us/op
WorkloadActual   3: 16 op, 747200.00 ns, 46.7000 us/op
WorkloadActual   4: 16 op, 956500.00 ns, 59.7813 us/op
WorkloadActual   5: 16 op, 783700.00 ns, 48.9813 us/op
WorkloadActual   6: 16 op, 778700.00 ns, 48.6688 us/op
WorkloadActual   7: 16 op, 809500.00 ns, 50.5938 us/op
WorkloadActual   8: 16 op, 894900.00 ns, 55.9313 us/op
WorkloadActual   9: 16 op, 460400.00 ns, 28.7750 us/op
WorkloadActual  10: 16 op, 766400.00 ns, 47.9000 us/op
WorkloadActual  11: 16 op, 738100.00 ns, 46.1313 us/op
WorkloadActual  12: 16 op, 813800.00 ns, 50.8625 us/op
WorkloadActual  13: 16 op, 777900.00 ns, 48.6188 us/op
WorkloadActual  14: 16 op, 878000.00 ns, 54.8750 us/op
WorkloadActual  15: 16 op, 765400.00 ns, 47.8375 us/op
WorkloadActual  16: 16 op, 778200.00 ns, 48.6375 us/op
WorkloadActual  17: 16 op, 774600.00 ns, 48.4125 us/op
WorkloadActual  18: 16 op, 731300.00 ns, 45.7063 us/op
WorkloadActual  19: 16 op, 756300.00 ns, 47.2688 us/op
WorkloadActual  20: 16 op, 760700.00 ns, 47.5438 us/op
WorkloadActual  21: 16 op, 763700.00 ns, 47.7313 us/op
WorkloadActual  22: 16 op, 789500.00 ns, 49.3438 us/op
WorkloadActual  23: 16 op, 835600.00 ns, 52.2250 us/op
WorkloadActual  24: 16 op, 760300.00 ns, 47.5188 us/op
WorkloadActual  25: 16 op, 782100.00 ns, 48.8813 us/op
WorkloadActual  26: 16 op, 984100.00 ns, 61.5063 us/op
WorkloadActual  27: 16 op, 766000.00 ns, 47.8750 us/op
WorkloadActual  28: 16 op, 805100.00 ns, 50.3188 us/op
WorkloadActual  29: 16 op, 781900.00 ns, 48.8688 us/op
WorkloadActual  30: 16 op, 785000.00 ns, 49.0625 us/op
WorkloadActual  31: 16 op, 720700.00 ns, 45.0438 us/op
WorkloadActual  32: 16 op, 794300.00 ns, 49.6438 us/op
WorkloadActual  33: 16 op, 778200.00 ns, 48.6375 us/op
WorkloadActual  34: 16 op, 718400.00 ns, 44.9000 us/op
WorkloadActual  35: 16 op, 761400.00 ns, 47.5875 us/op
WorkloadActual  36: 16 op, 769600.00 ns, 48.1000 us/op
WorkloadActual  37: 16 op, 768900.00 ns, 48.0563 us/op
WorkloadActual  38: 16 op, 964200.00 ns, 60.2625 us/op
WorkloadActual  39: 16 op, 725700.00 ns, 45.3563 us/op
WorkloadActual  40: 16 op, 1438300.00 ns, 89.8938 us/op
WorkloadActual  41: 16 op, 844800.00 ns, 52.8000 us/op
WorkloadActual  42: 16 op, 752400.00 ns, 47.0250 us/op
WorkloadActual  43: 16 op, 491100.00 ns, 30.6938 us/op
WorkloadActual  44: 16 op, 770400.00 ns, 48.1500 us/op
WorkloadActual  45: 16 op, 747500.00 ns, 46.7188 us/op
WorkloadActual  46: 16 op, 759300.00 ns, 47.4563 us/op
WorkloadActual  47: 16 op, 839400.00 ns, 52.4625 us/op
WorkloadActual  48: 16 op, 768600.00 ns, 48.0375 us/op
WorkloadActual  49: 16 op, 717700.00 ns, 44.8563 us/op
WorkloadActual  50: 16 op, 763800.00 ns, 47.7375 us/op
WorkloadActual  51: 16 op, 853100.00 ns, 53.3188 us/op
WorkloadActual  52: 16 op, 751200.00 ns, 46.9500 us/op
WorkloadActual  53: 16 op, 753900.00 ns, 47.1188 us/op
WorkloadActual  54: 16 op, 503800.00 ns, 31.4875 us/op
WorkloadActual  55: 16 op, 751700.00 ns, 46.9813 us/op
WorkloadActual  56: 16 op, 758700.00 ns, 47.4188 us/op
WorkloadActual  57: 16 op, 750900.00 ns, 46.9313 us/op
WorkloadActual  58: 16 op, 857200.00 ns, 53.5750 us/op
WorkloadActual  59: 16 op, 2142500.00 ns, 133.9063 us/op
WorkloadActual  60: 16 op, 1416600.00 ns, 88.5375 us/op
WorkloadActual  61: 16 op, 443500.00 ns, 27.7188 us/op
WorkloadActual  62: 16 op, 763900.00 ns, 47.7438 us/op
WorkloadActual  63: 16 op, 852300.00 ns, 53.2688 us/op
WorkloadActual  64: 16 op, 762700.00 ns, 47.6688 us/op
WorkloadActual  65: 16 op, 740800.00 ns, 46.3000 us/op
WorkloadActual  66: 16 op, 872800.00 ns, 54.5500 us/op
WorkloadActual  67: 16 op, 758400.00 ns, 47.4000 us/op
WorkloadActual  68: 16 op, 768800.00 ns, 48.0500 us/op
WorkloadActual  69: 16 op, 751700.00 ns, 46.9813 us/op
WorkloadActual  70: 16 op, 780200.00 ns, 48.7625 us/op
WorkloadActual  71: 16 op, 757500.00 ns, 47.3438 us/op
WorkloadActual  72: 16 op, 775100.00 ns, 48.4438 us/op
WorkloadActual  73: 16 op, 756100.00 ns, 47.2563 us/op
WorkloadActual  74: 16 op, 769200.00 ns, 48.0750 us/op
WorkloadActual  75: 16 op, 759000.00 ns, 47.4375 us/op
WorkloadActual  76: 16 op, 747500.00 ns, 46.7188 us/op
WorkloadActual  77: 16 op, 749400.00 ns, 46.8375 us/op
WorkloadActual  78: 16 op, 817900.00 ns, 51.1188 us/op
WorkloadActual  79: 16 op, 757800.00 ns, 47.3625 us/op
WorkloadActual  80: 16 op, 734400.00 ns, 45.9000 us/op
WorkloadActual  81: 16 op, 850200.00 ns, 53.1375 us/op
WorkloadActual  82: 16 op, 448400.00 ns, 28.0250 us/op
WorkloadActual  83: 16 op, 751200.00 ns, 46.9500 us/op
WorkloadActual  84: 16 op, 744000.00 ns, 46.5000 us/op
WorkloadActual  85: 16 op, 765300.00 ns, 47.8313 us/op
WorkloadActual  86: 16 op, 776900.00 ns, 48.5563 us/op
WorkloadActual  87: 16 op, 663100.00 ns, 41.4438 us/op
WorkloadActual  88: 16 op, 733800.00 ns, 45.8625 us/op
WorkloadActual  89: 16 op, 771500.00 ns, 48.2188 us/op
WorkloadActual  90: 16 op, 753100.00 ns, 47.0688 us/op
WorkloadActual  91: 16 op, 763700.00 ns, 47.7313 us/op
WorkloadActual  92: 16 op, 777200.00 ns, 48.5750 us/op
WorkloadActual  93: 16 op, 766900.00 ns, 47.9313 us/op
WorkloadActual  94: 16 op, 752900.00 ns, 47.0563 us/op
WorkloadActual  95: 16 op, 746800.00 ns, 46.6750 us/op
WorkloadActual  96: 16 op, 776700.00 ns, 48.5438 us/op
WorkloadActual  97: 16 op, 766400.00 ns, 47.9000 us/op
WorkloadActual  98: 16 op, 808900.00 ns, 50.5563 us/op
WorkloadActual  99: 16 op, 755000.00 ns, 47.1875 us/op
WorkloadActual  100: 16 op, 763200.00 ns, 47.7000 us/op

// AfterActualRun
WorkloadResult   1: 16 op, 795900.00 ns, 49.7438 us/op
WorkloadResult   2: 16 op, 771300.00 ns, 48.2063 us/op
WorkloadResult   3: 16 op, 747000.00 ns, 46.6875 us/op
WorkloadResult   4: 16 op, 783500.00 ns, 48.9688 us/op
WorkloadResult   5: 16 op, 778500.00 ns, 48.6563 us/op
WorkloadResult   6: 16 op, 809300.00 ns, 50.5813 us/op
WorkloadResult   7: 16 op, 460200.00 ns, 28.7625 us/op
WorkloadResult   8: 16 op, 766200.00 ns, 47.8875 us/op
WorkloadResult   9: 16 op, 737900.00 ns, 46.1188 us/op
WorkloadResult  10: 16 op, 813600.00 ns, 50.8500 us/op
WorkloadResult  11: 16 op, 777700.00 ns, 48.6063 us/op
WorkloadResult  12: 16 op, 765200.00 ns, 47.8250 us/op
WorkloadResult  13: 16 op, 778000.00 ns, 48.6250 us/op
WorkloadResult  14: 16 op, 774400.00 ns, 48.4000 us/op
WorkloadResult  15: 16 op, 731100.00 ns, 45.6938 us/op
WorkloadResult  16: 16 op, 756100.00 ns, 47.2563 us/op
WorkloadResult  17: 16 op, 760500.00 ns, 47.5313 us/op
WorkloadResult  18: 16 op, 763500.00 ns, 47.7188 us/op
WorkloadResult  19: 16 op, 789300.00 ns, 49.3313 us/op
WorkloadResult  20: 16 op, 760100.00 ns, 47.5063 us/op
WorkloadResult  21: 16 op, 781900.00 ns, 48.8688 us/op
WorkloadResult  22: 16 op, 765800.00 ns, 47.8625 us/op
WorkloadResult  23: 16 op, 804900.00 ns, 50.3063 us/op
WorkloadResult  24: 16 op, 781700.00 ns, 48.8563 us/op
WorkloadResult  25: 16 op, 784800.00 ns, 49.0500 us/op
WorkloadResult  26: 16 op, 720500.00 ns, 45.0313 us/op
WorkloadResult  27: 16 op, 794100.00 ns, 49.6313 us/op
WorkloadResult  28: 16 op, 778000.00 ns, 48.6250 us/op
WorkloadResult  29: 16 op, 718200.00 ns, 44.8875 us/op
WorkloadResult  30: 16 op, 761200.00 ns, 47.5750 us/op
WorkloadResult  31: 16 op, 769400.00 ns, 48.0875 us/op
WorkloadResult  32: 16 op, 768700.00 ns, 48.0438 us/op
WorkloadResult  33: 16 op, 725500.00 ns, 45.3438 us/op
WorkloadResult  34: 16 op, 752200.00 ns, 47.0125 us/op
WorkloadResult  35: 16 op, 490900.00 ns, 30.6813 us/op
WorkloadResult  36: 16 op, 770200.00 ns, 48.1375 us/op
WorkloadResult  37: 16 op, 747300.00 ns, 46.7063 us/op
WorkloadResult  38: 16 op, 759100.00 ns, 47.4438 us/op
WorkloadResult  39: 16 op, 768400.00 ns, 48.0250 us/op
WorkloadResult  40: 16 op, 717500.00 ns, 44.8438 us/op
WorkloadResult  41: 16 op, 763600.00 ns, 47.7250 us/op
WorkloadResult  42: 16 op, 751000.00 ns, 46.9375 us/op
WorkloadResult  43: 16 op, 753700.00 ns, 47.1063 us/op
WorkloadResult  44: 16 op, 503600.00 ns, 31.4750 us/op
WorkloadResult  45: 16 op, 751500.00 ns, 46.9688 us/op
WorkloadResult  46: 16 op, 758500.00 ns, 47.4063 us/op
WorkloadResult  47: 16 op, 750700.00 ns, 46.9188 us/op
WorkloadResult  48: 16 op, 443300.00 ns, 27.7063 us/op
WorkloadResult  49: 16 op, 763700.00 ns, 47.7313 us/op
WorkloadResult  50: 16 op, 762500.00 ns, 47.6563 us/op
WorkloadResult  51: 16 op, 740600.00 ns, 46.2875 us/op
WorkloadResult  52: 16 op, 758200.00 ns, 47.3875 us/op
WorkloadResult  53: 16 op, 768600.00 ns, 48.0375 us/op
WorkloadResult  54: 16 op, 751500.00 ns, 46.9688 us/op
WorkloadResult  55: 16 op, 780000.00 ns, 48.7500 us/op
WorkloadResult  56: 16 op, 757300.00 ns, 47.3313 us/op
WorkloadResult  57: 16 op, 774900.00 ns, 48.4313 us/op
WorkloadResult  58: 16 op, 755900.00 ns, 47.2438 us/op
WorkloadResult  59: 16 op, 769000.00 ns, 48.0625 us/op
WorkloadResult  60: 16 op, 758800.00 ns, 47.4250 us/op
WorkloadResult  61: 16 op, 747300.00 ns, 46.7063 us/op
WorkloadResult  62: 16 op, 749200.00 ns, 46.8250 us/op
WorkloadResult  63: 16 op, 817700.00 ns, 51.1063 us/op
WorkloadResult  64: 16 op, 757600.00 ns, 47.3500 us/op
WorkloadResult  65: 16 op, 734200.00 ns, 45.8875 us/op
WorkloadResult  66: 16 op, 448200.00 ns, 28.0125 us/op
WorkloadResult  67: 16 op, 751000.00 ns, 46.9375 us/op
WorkloadResult  68: 16 op, 743800.00 ns, 46.4875 us/op
WorkloadResult  69: 16 op, 765100.00 ns, 47.8188 us/op
WorkloadResult  70: 16 op, 776700.00 ns, 48.5438 us/op
WorkloadResult  71: 16 op, 662900.00 ns, 41.4313 us/op
WorkloadResult  72: 16 op, 733600.00 ns, 45.8500 us/op
WorkloadResult  73: 16 op, 771300.00 ns, 48.2063 us/op
WorkloadResult  74: 16 op, 752900.00 ns, 47.0563 us/op
WorkloadResult  75: 16 op, 763500.00 ns, 47.7188 us/op
WorkloadResult  76: 16 op, 777000.00 ns, 48.5625 us/op
WorkloadResult  77: 16 op, 766700.00 ns, 47.9188 us/op
WorkloadResult  78: 16 op, 752700.00 ns, 47.0438 us/op
WorkloadResult  79: 16 op, 746600.00 ns, 46.6625 us/op
WorkloadResult  80: 16 op, 776500.00 ns, 48.5313 us/op
WorkloadResult  81: 16 op, 766200.00 ns, 47.8875 us/op
WorkloadResult  82: 16 op, 808700.00 ns, 50.5438 us/op
WorkloadResult  83: 16 op, 754800.00 ns, 47.1750 us/op
WorkloadResult  84: 16 op, 763000.00 ns, 47.6875 us/op
// GC:  0 0 0 962784 16
// Threading:  0 0 16

// AfterAll
// Benchmark Process 31008 has exited with code 0.

Mean = 46.565 μs, StdErr = 0.502 μs (1.08%), N = 84, StdDev = 4.601 μs
Min = 27.706 μs, Q1 = 46.895 μs, Median = 47.616 μs, Q3 = 48.408 μs, Max = 51.106 μs
IQR = 1.512 μs, LowerFence = 44.627 μs, UpperFence = 50.677 μs
ConfidenceInterval = [44.853 μs; 48.278 μs] (CI 99.9%), Margin = 1.713 μs (3.68% of Mean)
Skewness = -3.14, Kurtosis = 12.32, MValue = 2

// ** Remained 1 (6,7%) benchmark(s) to run. Estimated finish 2026-09-11 16:20 (0h 0m from now) **
Setup power plan (GUID: 8c5e7fda-e8bf-4a96-9a85-a6e23a8c635c FriendlyName: High performance)
// **************************
// Benchmark: HierarchyBenchmarks.Descendants: Job-IHQVRN(InvocationCount=1, UnrollFactor=1) [NodeCount=5000]
// *** Execute ***
// Launch: 1 / 1
// Execute: dotnet 0dd2092b-0a91-44cc-aa82-d11618bf258f.dll --anonymousPipes 1776 1772 --benchmarkName "HierarchyBenchmarks.Descendants(NodeCount: 5000)" --job "InvocationCount=1, UnrollFactor=1" --benchmarkId 14 in D:\HierarchyKit\benchmarks\HierarchyKit.Benchmarks\bin\Release\net10.0\0dd2092b-0a91-44cc-aa82-d11618bf258f\bin\Release\net10.0
// BeforeAnythingElse

// Benchmark Process Environment Information:
// BenchmarkDotNet v0.14.0
// Runtime=.NET 10.0.12 (10.0.1226.42308), X64 RyuJIT AVX2
// GC=Non-concurrent Workstation
// HardwareIntrinsics=AVX2,AES,BMI1,BMI2,FMA,LZCNT,PCLMUL,POPCNT,AvxVnni,SERIALIZE VectorSize=256
// Job: Job-GMQCCW(InvocationCount=1, UnrollFactor=1)

OverheadJitting  1: 16 op, 183700.00 ns, 11.4813 us/op
WorkloadJitting  1: 16 op, 11863600.00 ns, 741.4750 us/op

OverheadWarmup   1: 16 op, 200.00 ns, 12.5000 ns/op
OverheadWarmup   2: 16 op, 200.00 ns, 12.5000 ns/op
OverheadWarmup   3: 16 op, 200.00 ns, 12.5000 ns/op
OverheadWarmup   4: 16 op, 300.00 ns, 18.7500 ns/op
OverheadWarmup   5: 16 op, 200.00 ns, 12.5000 ns/op

OverheadActual   1: 16 op, 200.00 ns, 12.5000 ns/op
OverheadActual   2: 16 op, 300.00 ns, 18.7500 ns/op
OverheadActual   3: 16 op, 400.00 ns, 25.0000 ns/op
OverheadActual   4: 16 op, 200.00 ns, 12.5000 ns/op
OverheadActual   5: 16 op, 400.00 ns, 25.0000 ns/op
OverheadActual   6: 16 op, 200.00 ns, 12.5000 ns/op
OverheadActual   7: 16 op, 300.00 ns, 18.7500 ns/op
OverheadActual   8: 16 op, 300.00 ns, 18.7500 ns/op
OverheadActual   9: 16 op, 200.00 ns, 12.5000 ns/op
OverheadActual  10: 16 op, 200.00 ns, 12.5000 ns/op
OverheadActual  11: 16 op, 200.00 ns, 12.5000 ns/op
OverheadActual  12: 16 op, 100.00 ns, 6.2500 ns/op
OverheadActual  13: 16 op, 200.00 ns, 12.5000 ns/op
OverheadActual  14: 16 op, 300.00 ns, 18.7500 ns/op
OverheadActual  15: 16 op, 400.00 ns, 25.0000 ns/op
OverheadActual  16: 16 op, 300.00 ns, 18.7500 ns/op
OverheadActual  17: 16 op, 200.00 ns, 12.5000 ns/op
OverheadActual  18: 16 op, 300.00 ns, 18.7500 ns/op
OverheadActual  19: 16 op, 300.00 ns, 18.7500 ns/op
OverheadActual  20: 16 op, 100.00 ns, 6.2500 ns/op

WorkloadWarmup   1: 16 op, 4950700.00 ns, 309.4188 us/op
WorkloadWarmup   2: 16 op, 933800.00 ns, 58.3625 us/op
WorkloadWarmup   3: 16 op, 940300.00 ns, 58.7688 us/op
WorkloadWarmup   4: 16 op, 977600.00 ns, 61.1000 us/op
WorkloadWarmup   5: 16 op, 1771100.00 ns, 110.6938 us/op
WorkloadWarmup   6: 16 op, 1881200.00 ns, 117.5750 us/op
WorkloadWarmup   7: 16 op, 1799500.00 ns, 112.4688 us/op
WorkloadWarmup   8: 16 op, 1788200.00 ns, 111.7625 us/op
WorkloadWarmup   9: 16 op, 2136600.00 ns, 133.5375 us/op
WorkloadWarmup  10: 16 op, 1783600.00 ns, 111.4750 us/op

// BeforeActualRun
WorkloadActual   1: 16 op, 2002500.00 ns, 125.1563 us/op
WorkloadActual   2: 16 op, 968700.00 ns, 60.5438 us/op
WorkloadActual   3: 16 op, 1810700.00 ns, 113.1688 us/op
WorkloadActual   4: 16 op, 2123500.00 ns, 132.7188 us/op
WorkloadActual   5: 16 op, 1032400.00 ns, 64.5250 us/op
WorkloadActual   6: 16 op, 1938200.00 ns, 121.1375 us/op
WorkloadActual   7: 16 op, 2340900.00 ns, 146.3063 us/op
WorkloadActual   8: 16 op, 1741500.00 ns, 108.8438 us/op
WorkloadActual   9: 16 op, 1839700.00 ns, 114.9813 us/op
WorkloadActual  10: 16 op, 2239600.00 ns, 139.9750 us/op
WorkloadActual  11: 16 op, 1791400.00 ns, 111.9625 us/op
WorkloadActual  12: 16 op, 2201000.00 ns, 137.5625 us/op
WorkloadActual  13: 16 op, 2061900.00 ns, 128.8688 us/op
WorkloadActual  14: 16 op, 1822800.00 ns, 113.9250 us/op
WorkloadActual  15: 16 op, 2331900.00 ns, 145.7438 us/op
WorkloadActual  16: 16 op, 1822400.00 ns, 113.9000 us/op
WorkloadActual  17: 16 op, 2607600.00 ns, 162.9750 us/op
WorkloadActual  18: 16 op, 1755000.00 ns, 109.6875 us/op
WorkloadActual  19: 16 op, 2100300.00 ns, 131.2688 us/op
WorkloadActual  20: 16 op, 1829100.00 ns, 114.3188 us/op
WorkloadActual  21: 16 op, 2266600.00 ns, 141.6625 us/op
WorkloadActual  22: 16 op, 1849900.00 ns, 115.6188 us/op
WorkloadActual  23: 16 op, 1883200.00 ns, 117.7000 us/op
WorkloadActual  24: 16 op, 1869100.00 ns, 116.8188 us/op
WorkloadActual  25: 16 op, 1777400.00 ns, 111.0875 us/op
WorkloadActual  26: 16 op, 1796100.00 ns, 112.2563 us/op
WorkloadActual  27: 16 op, 2039400.00 ns, 127.4625 us/op
WorkloadActual  28: 16 op, 2375200.00 ns, 148.4500 us/op
WorkloadActual  29: 16 op, 1067600.00 ns, 66.7250 us/op
WorkloadActual  30: 16 op, 1817100.00 ns, 113.5688 us/op
WorkloadActual  31: 16 op, 1870300.00 ns, 116.8938 us/op
WorkloadActual  32: 16 op, 1804300.00 ns, 112.7688 us/op
WorkloadActual  33: 16 op, 2137000.00 ns, 133.5625 us/op
WorkloadActual  34: 16 op, 2184100.00 ns, 136.5063 us/op
WorkloadActual  35: 16 op, 1751400.00 ns, 109.4625 us/op
WorkloadActual  36: 16 op, 1783400.00 ns, 111.4625 us/op
WorkloadActual  37: 16 op, 1852900.00 ns, 115.8063 us/op
WorkloadActual  38: 16 op, 2290800.00 ns, 143.1750 us/op
WorkloadActual  39: 16 op, 1898300.00 ns, 118.6438 us/op
WorkloadActual  40: 16 op, 1771200.00 ns, 110.7000 us/op
WorkloadActual  41: 16 op, 2093500.00 ns, 130.8438 us/op
WorkloadActual  42: 16 op, 1787900.00 ns, 111.7438 us/op
WorkloadActual  43: 16 op, 2083100.00 ns, 130.1938 us/op
WorkloadActual  44: 16 op, 2168000.00 ns, 135.5000 us/op
WorkloadActual  45: 16 op, 1815600.00 ns, 113.4750 us/op
WorkloadActual  46: 16 op, 1823400.00 ns, 113.9625 us/op
WorkloadActual  47: 16 op, 1838300.00 ns, 114.8938 us/op
WorkloadActual  48: 16 op, 1757400.00 ns, 109.8375 us/op
WorkloadActual  49: 16 op, 1804500.00 ns, 112.7813 us/op
WorkloadActual  50: 16 op, 1808600.00 ns, 113.0375 us/op
WorkloadActual  51: 16 op, 1798400.00 ns, 112.4000 us/op
WorkloadActual  52: 16 op, 2151200.00 ns, 134.4500 us/op
WorkloadActual  53: 16 op, 1834900.00 ns, 114.6813 us/op
WorkloadActual  54: 16 op, 1807800.00 ns, 112.9875 us/op
WorkloadActual  55: 16 op, 1827000.00 ns, 114.1875 us/op
WorkloadActual  56: 16 op, 2018800.00 ns, 126.1750 us/op
WorkloadActual  57: 16 op, 2593200.00 ns, 162.0750 us/op
WorkloadActual  58: 16 op, 1814000.00 ns, 113.3750 us/op
WorkloadActual  59: 16 op, 1993400.00 ns, 124.5875 us/op
WorkloadActual  60: 16 op, 1832500.00 ns, 114.5313 us/op
WorkloadActual  61: 16 op, 1794300.00 ns, 112.1438 us/op
WorkloadActual  62: 16 op, 1819600.00 ns, 113.7250 us/op
WorkloadActual  63: 16 op, 1860600.00 ns, 116.2875 us/op
WorkloadActual  64: 16 op, 1805600.00 ns, 112.8500 us/op
WorkloadActual  65: 16 op, 1791200.00 ns, 111.9500 us/op
WorkloadActual  66: 16 op, 1793900.00 ns, 112.1188 us/op
WorkloadActual  67: 16 op, 1802800.00 ns, 112.6750 us/op
WorkloadActual  68: 16 op, 1807200.00 ns, 112.9500 us/op
WorkloadActual  69: 16 op, 2438400.00 ns, 152.4000 us/op
WorkloadActual  70: 16 op, 2079300.00 ns, 129.9563 us/op
WorkloadActual  71: 16 op, 1874900.00 ns, 117.1813 us/op
WorkloadActual  72: 16 op, 1935800.00 ns, 120.9875 us/op
WorkloadActual  73: 16 op, 1898400.00 ns, 118.6500 us/op
WorkloadActual  74: 16 op, 1826100.00 ns, 114.1313 us/op
WorkloadActual  75: 16 op, 2175300.00 ns, 135.9563 us/op
WorkloadActual  76: 16 op, 1942900.00 ns, 121.4313 us/op
WorkloadActual  77: 16 op, 1811400.00 ns, 113.2125 us/op
WorkloadActual  78: 16 op, 1695600.00 ns, 105.9750 us/op
WorkloadActual  79: 16 op, 1689400.00 ns, 105.5875 us/op
WorkloadActual  80: 16 op, 1847300.00 ns, 115.4563 us/op
WorkloadActual  81: 16 op, 1975400.00 ns, 123.4625 us/op
WorkloadActual  82: 16 op, 1676600.00 ns, 104.7875 us/op
WorkloadActual  83: 16 op, 1728500.00 ns, 108.0313 us/op
WorkloadActual  84: 16 op, 2335300.00 ns, 145.9563 us/op
WorkloadActual  85: 16 op, 1713100.00 ns, 107.0688 us/op
WorkloadActual  86: 16 op, 1701000.00 ns, 106.3125 us/op
WorkloadActual  87: 16 op, 1821500.00 ns, 113.8438 us/op
WorkloadActual  88: 16 op, 1719600.00 ns, 107.4750 us/op
WorkloadActual  89: 16 op, 1694900.00 ns, 105.9313 us/op
WorkloadActual  90: 16 op, 1768300.00 ns, 110.5188 us/op
WorkloadActual  91: 16 op, 1810800.00 ns, 113.1750 us/op
WorkloadActual  92: 16 op, 1679900.00 ns, 104.9938 us/op
WorkloadActual  93: 16 op, 1836200.00 ns, 114.7625 us/op
WorkloadActual  94: 16 op, 2055300.00 ns, 128.4563 us/op
WorkloadActual  95: 16 op, 1783200.00 ns, 111.4500 us/op
WorkloadActual  96: 16 op, 1794900.00 ns, 112.1813 us/op
WorkloadActual  97: 16 op, 1820200.00 ns, 113.7625 us/op
WorkloadActual  98: 16 op, 1892000.00 ns, 118.2500 us/op
WorkloadActual  99: 16 op, 956700.00 ns, 59.7938 us/op
WorkloadActual  100: 16 op, 2114500.00 ns, 132.1563 us/op

// AfterActualRun
WorkloadResult   1: 16 op, 2002250.00 ns, 125.1406 us/op
WorkloadResult   2: 16 op, 968450.00 ns, 60.5281 us/op
WorkloadResult   3: 16 op, 1810450.00 ns, 113.1531 us/op
WorkloadResult   4: 16 op, 2123250.00 ns, 132.7031 us/op
WorkloadResult   5: 16 op, 1032150.00 ns, 64.5094 us/op
WorkloadResult   6: 16 op, 1937950.00 ns, 121.1219 us/op
WorkloadResult   7: 16 op, 2340650.00 ns, 146.2906 us/op
WorkloadResult   8: 16 op, 1741250.00 ns, 108.8281 us/op
WorkloadResult   9: 16 op, 1839450.00 ns, 114.9656 us/op
WorkloadResult  10: 16 op, 2239350.00 ns, 139.9594 us/op
WorkloadResult  11: 16 op, 1791150.00 ns, 111.9469 us/op
WorkloadResult  12: 16 op, 2200750.00 ns, 137.5469 us/op
WorkloadResult  13: 16 op, 2061650.00 ns, 128.8531 us/op
WorkloadResult  14: 16 op, 1822550.00 ns, 113.9094 us/op
WorkloadResult  15: 16 op, 2331650.00 ns, 145.7281 us/op
WorkloadResult  16: 16 op, 1822150.00 ns, 113.8844 us/op
WorkloadResult  17: 16 op, 1754750.00 ns, 109.6719 us/op
WorkloadResult  18: 16 op, 2100050.00 ns, 131.2531 us/op
WorkloadResult  19: 16 op, 1828850.00 ns, 114.3031 us/op
WorkloadResult  20: 16 op, 2266350.00 ns, 141.6469 us/op
WorkloadResult  21: 16 op, 1849650.00 ns, 115.6031 us/op
WorkloadResult  22: 16 op, 1882950.00 ns, 117.6844 us/op
WorkloadResult  23: 16 op, 1868850.00 ns, 116.8031 us/op
WorkloadResult  24: 16 op, 1777150.00 ns, 111.0719 us/op
WorkloadResult  25: 16 op, 1795850.00 ns, 112.2406 us/op
WorkloadResult  26: 16 op, 2039150.00 ns, 127.4469 us/op
WorkloadResult  27: 16 op, 1067350.00 ns, 66.7094 us/op
WorkloadResult  28: 16 op, 1816850.00 ns, 113.5531 us/op
WorkloadResult  29: 16 op, 1870050.00 ns, 116.8781 us/op
WorkloadResult  30: 16 op, 1804050.00 ns, 112.7531 us/op
WorkloadResult  31: 16 op, 2136750.00 ns, 133.5469 us/op
WorkloadResult  32: 16 op, 2183850.00 ns, 136.4906 us/op
WorkloadResult  33: 16 op, 1751150.00 ns, 109.4469 us/op
WorkloadResult  34: 16 op, 1783150.00 ns, 111.4469 us/op
WorkloadResult  35: 16 op, 1852650.00 ns, 115.7906 us/op
WorkloadResult  36: 16 op, 2290550.00 ns, 143.1594 us/op
WorkloadResult  37: 16 op, 1898050.00 ns, 118.6281 us/op
WorkloadResult  38: 16 op, 1770950.00 ns, 110.6844 us/op
WorkloadResult  39: 16 op, 2093250.00 ns, 130.8281 us/op
WorkloadResult  40: 16 op, 1787650.00 ns, 111.7281 us/op
WorkloadResult  41: 16 op, 2082850.00 ns, 130.1781 us/op
WorkloadResult  42: 16 op, 2167750.00 ns, 135.4844 us/op
WorkloadResult  43: 16 op, 1815350.00 ns, 113.4594 us/op
WorkloadResult  44: 16 op, 1823150.00 ns, 113.9469 us/op
WorkloadResult  45: 16 op, 1838050.00 ns, 114.8781 us/op
WorkloadResult  46: 16 op, 1757150.00 ns, 109.8219 us/op
WorkloadResult  47: 16 op, 1804250.00 ns, 112.7656 us/op
WorkloadResult  48: 16 op, 1808350.00 ns, 113.0219 us/op
WorkloadResult  49: 16 op, 1798150.00 ns, 112.3844 us/op
WorkloadResult  50: 16 op, 2150950.00 ns, 134.4344 us/op
WorkloadResult  51: 16 op, 1834650.00 ns, 114.6656 us/op
WorkloadResult  52: 16 op, 1807550.00 ns, 112.9719 us/op
WorkloadResult  53: 16 op, 1826750.00 ns, 114.1719 us/op
WorkloadResult  54: 16 op, 2018550.00 ns, 126.1594 us/op
WorkloadResult  55: 16 op, 1813750.00 ns, 113.3594 us/op
WorkloadResult  56: 16 op, 1993150.00 ns, 124.5719 us/op
WorkloadResult  57: 16 op, 1832250.00 ns, 114.5156 us/op
WorkloadResult  58: 16 op, 1794050.00 ns, 112.1281 us/op
WorkloadResult  59: 16 op, 1819350.00 ns, 113.7094 us/op
WorkloadResult  60: 16 op, 1860350.00 ns, 116.2719 us/op
WorkloadResult  61: 16 op, 1805350.00 ns, 112.8344 us/op
WorkloadResult  62: 16 op, 1790950.00 ns, 111.9344 us/op
WorkloadResult  63: 16 op, 1793650.00 ns, 112.1031 us/op
WorkloadResult  64: 16 op, 1802550.00 ns, 112.6594 us/op
WorkloadResult  65: 16 op, 1806950.00 ns, 112.9344 us/op
WorkloadResult  66: 16 op, 2079050.00 ns, 129.9406 us/op
WorkloadResult  67: 16 op, 1874650.00 ns, 117.1656 us/op
WorkloadResult  68: 16 op, 1935550.00 ns, 120.9719 us/op
WorkloadResult  69: 16 op, 1898150.00 ns, 118.6344 us/op
WorkloadResult  70: 16 op, 1825850.00 ns, 114.1156 us/op
WorkloadResult  71: 16 op, 2175050.00 ns, 135.9406 us/op
WorkloadResult  72: 16 op, 1942650.00 ns, 121.4156 us/op
WorkloadResult  73: 16 op, 1811150.00 ns, 113.1969 us/op
WorkloadResult  74: 16 op, 1695350.00 ns, 105.9594 us/op
WorkloadResult  75: 16 op, 1689150.00 ns, 105.5719 us/op
WorkloadResult  76: 16 op, 1847050.00 ns, 115.4406 us/op
WorkloadResult  77: 16 op, 1975150.00 ns, 123.4469 us/op
WorkloadResult  78: 16 op, 1676350.00 ns, 104.7719 us/op
WorkloadResult  79: 16 op, 1728250.00 ns, 108.0156 us/op
WorkloadResult  80: 16 op, 2335050.00 ns, 145.9406 us/op
WorkloadResult  81: 16 op, 1712850.00 ns, 107.0531 us/op
WorkloadResult  82: 16 op, 1700750.00 ns, 106.2969 us/op
WorkloadResult  83: 16 op, 1821250.00 ns, 113.8281 us/op
WorkloadResult  84: 16 op, 1719350.00 ns, 107.4594 us/op
WorkloadResult  85: 16 op, 1694650.00 ns, 105.9156 us/op
WorkloadResult  86: 16 op, 1768050.00 ns, 110.5031 us/op
WorkloadResult  87: 16 op, 1810550.00 ns, 113.1594 us/op
WorkloadResult  88: 16 op, 1679650.00 ns, 104.9781 us/op
WorkloadResult  89: 16 op, 1835950.00 ns, 114.7469 us/op
WorkloadResult  90: 16 op, 2055050.00 ns, 128.4406 us/op
WorkloadResult  91: 16 op, 1782950.00 ns, 111.4344 us/op
WorkloadResult  92: 16 op, 1794650.00 ns, 112.1656 us/op
WorkloadResult  93: 16 op, 1819950.00 ns, 113.7469 us/op
WorkloadResult  94: 16 op, 1891750.00 ns, 118.2344 us/op
WorkloadResult  95: 16 op, 956450.00 ns, 59.7781 us/op
WorkloadResult  96: 16 op, 2114250.00 ns, 132.1406 us/op
// GC:  0 0 0 2747696 16
// Threading:  0 0 16

// AfterAll
// Benchmark Process 23124 has exited with code 0.

Mean = 116.294 μs, StdErr = 1.553 μs (1.34%), N = 96, StdDev = 15.216 μs
Min = 59.778 μs, Q1 = 111.944 μs, Median = 113.928 μs, Q3 = 123.728 μs, Max = 146.291 μs
IQR = 11.784 μs, LowerFence = 94.267 μs, UpperFence = 141.405 μs
ConfidenceInterval = [111.020 μs; 121.568 μs] (CI 99.9%), Margin = 5.274 μs (4.53% of Mean)
Skewness = -1.27, Kurtosis = 7.39, MValue = 2.29

// ** Remained 0 (0,0%) benchmark(s) to run. Estimated finish 2026-09-11 16:22 (0h 0m from now) **
Successfully reverted power plan (GUID: 381b4222-f694-41f0-9685-ff5bb260df2e FriendlyName: Balanced)
// ***** BenchmarkRunner: Finish  *****

// * Export *
  BenchmarkDotNet.Artifacts\results\HierarchyBenchmarks-report.csv
  BenchmarkDotNet.Artifacts\results\HierarchyBenchmarks-report-github.md
  BenchmarkDotNet.Artifacts\results\HierarchyBenchmarks-report.html

// * Detailed results *
HierarchyBenchmarks.Add: Job-IHQVRN(InvocationCount=1, UnrollFactor=1) [NodeCount=100]
Runtime = .NET 10.0.12 (10.0.1226.42308), X64 RyuJIT AVX2; GC = Non-concurrent Workstation
Mean = 432.837 ns, StdErr = 2.573 ns (0.59%), N = 63, StdDev = 20.422 ns
Min = 393.750 ns, Q1 = 418.750 ns, Median = 431.250 ns, Q3 = 443.750 ns, Max = 493.750 ns
IQR = 25.000 ns, LowerFence = 381.250 ns, UpperFence = 481.250 ns
ConfidenceInterval = [423.949 ns; 441.725 ns] (CI 99.9%), Margin = 8.888 ns (2.05% of Mean)
Skewness = 0.78, Kurtosis = 3.32, MValue = 2
-------------------- Histogram --------------------
[387.014 ns ; 399.514 ns) | @
[399.514 ns ; 412.986 ns) | @@@@@@@@@
[412.986 ns ; 431.736 ns) | @@@@@@@@@@@@@@@@@@@@@@@@@@@@@@
[431.736 ns ; 450.486 ns) | @@@@@@@@@@@@
[450.486 ns ; 469.236 ns) | @@@@@@@@
[469.236 ns ; 484.861 ns) | @@
[484.861 ns ; 500.486 ns) | @
---------------------------------------------------

HierarchyBenchmarks.Move: Job-IHQVRN(InvocationCount=1, UnrollFactor=1) [NodeCount=100]
Runtime = .NET 10.0.12 (10.0.1226.42308), X64 RyuJIT AVX2; GC = Non-concurrent Workstation
Mean = 1.553 μs, StdErr = 0.012 μs (0.75%), N = 96, StdDev = 0.115 μs
Min = 1.400 μs, Q1 = 1.462 μs, Median = 1.516 μs, Q3 = 1.628 μs, Max = 1.894 μs
IQR = 0.166 μs, LowerFence = 1.214 μs, UpperFence = 1.877 μs
ConfidenceInterval = [1.513 μs; 1.593 μs] (CI 99.9%), Margin = 0.040 μs (2.56% of Mean)
Skewness = 0.88, Kurtosis = 2.8, MValue = 2.41
-------------------- Histogram --------------------
[1.389 μs ; 1.448 μs) | @@@@@@@@@@@@@@
[1.448 μs ; 1.514 μs) | @@@@@@@@@@@@@@@@@@@@@@@@@@@@@@@@@@
[1.514 μs ; 1.592 μs) | @@@@@@@@@@@@@@@@@@
[1.592 μs ; 1.658 μs) | @@@@@@@@@@@@
[1.658 μs ; 1.717 μs) | @@@@
[1.717 μs ; 1.783 μs) | @@@@@@@@@@@
[1.783 μs ; 1.861 μs) | @@
[1.861 μs ; 1.927 μs) | @
---------------------------------------------------

HierarchyBenchmarks.Remove: Job-IHQVRN(InvocationCount=1, UnrollFactor=1) [NodeCount=100]
Runtime = .NET 10.0.12 (10.0.1226.42308), X64 RyuJIT AVX2; GC = Non-concurrent Workstation
Mean = 1.597 μs, StdErr = 0.014 μs (0.91%), N = 95, StdDev = 0.141 μs
Min = 1.413 μs, Q1 = 1.488 μs, Median = 1.562 μs, Q3 = 1.691 μs, Max = 2.000 μs
IQR = 0.203 μs, LowerFence = 1.183 μs, UpperFence = 1.995 μs
ConfidenceInterval = [1.548 μs; 1.646 μs] (CI 99.9%), Margin = 0.049 μs (3.07% of Mean)
Skewness = 0.96, Kurtosis = 3.04, MValue = 2.13
-------------------- Histogram --------------------
[1.372 μs ; 1.428 μs) | @
[1.428 μs ; 1.509 μs) | @@@@@@@@@@@@@@@@@@@@@@@@@@@@@@@@
[1.509 μs ; 1.609 μs) | @@@@@@@@@@@@@@@@@@@@@@@@@@@@
[1.609 μs ; 1.700 μs) | @@@@@@@@@@@
[1.700 μs ; 1.781 μs) | @@@@@@@@@@@
[1.781 μs ; 1.844 μs) | @@@@
[1.844 μs ; 1.947 μs) | @@@@@@
[1.947 μs ; 2.041 μs) | @@
---------------------------------------------------

HierarchyBenchmarks.GetChildren: Job-IHQVRN(InvocationCount=1, UnrollFactor=1) [NodeCount=100]
Runtime = .NET 10.0.12 (10.0.1226.42308), X64 RyuJIT AVX2; GC = Non-concurrent Workstation
Mean = 1.923 μs, StdErr = 0.012 μs (0.62%), N = 91, StdDev = 0.113 μs
Min = 1.762 μs, Q1 = 1.831 μs, Median = 1.906 μs, Q3 = 1.988 μs, Max = 2.294 μs
IQR = 0.156 μs, LowerFence = 1.597 μs, UpperFence = 2.222 μs
ConfidenceInterval = [1.883 μs; 1.964 μs] (CI 99.9%), Margin = 0.040 μs (2.10% of Mean)
Skewness = 0.97, Kurtosis = 3.89, MValue = 2
-------------------- Histogram --------------------
[1.751 μs ; 1.811 μs) | @@@@@@@@@@@
[1.811 μs ; 1.877 μs) | @@@@@@@@@@@@@@@@@@@@@@@@@@@@
[1.877 μs ; 1.929 μs) | @@@@@@@@@@@
[1.929 μs ; 1.996 μs) | @@@@@@@@@@@@@@@@@@@@@
[1.996 μs ; 2.083 μs) | @@@@@@@@@@@@@
[2.083 μs ; 2.152 μs) | @@@@
[2.152 μs ; 2.229 μs) | 
[2.229 μs ; 2.296 μs) | @@@
---------------------------------------------------

HierarchyBenchmarks.Descendants: Job-IHQVRN(InvocationCount=1, UnrollFactor=1) [NodeCount=100]
Runtime = .NET 10.0.12 (10.0.1226.42308), X64 RyuJIT AVX2; GC = Non-concurrent Workstation
Mean = 10.271 μs, StdErr = 0.062 μs (0.60%), N = 88, StdDev = 0.583 μs
Min = 9.556 μs, Q1 = 9.861 μs, Median = 10.119 μs, Q3 = 10.439 μs, Max = 11.881 μs
IQR = 0.578 μs, LowerFence = 8.994 μs, UpperFence = 11.306 μs
ConfidenceInterval = [10.059 μs; 10.482 μs] (CI 99.9%), Margin = 0.212 μs (2.06% of Mean)
Skewness = 1.22, Kurtosis = 3.6, MValue = 2.07
-------------------- Histogram --------------------
[ 9.384 μs ;  9.612 μs) | @
[ 9.612 μs ;  9.956 μs) | @@@@@@@@@@@@@@@@@@@@@@@@@@@@@@@@@@@@
[ 9.956 μs ; 10.375 μs) | @@@@@@@@@@@@@@@@@@@@@@@@@@@
[10.375 μs ; 10.772 μs) | @@@@@@@@
[10.772 μs ; 11.153 μs) | @@@@
[11.153 μs ; 11.497 μs) | @@@@@@@
[11.497 μs ; 11.947 μs) | @@@@@
---------------------------------------------------

HierarchyBenchmarks.Add: Job-IHQVRN(InvocationCount=1, UnrollFactor=1) [NodeCount=1000]
Runtime = .NET 10.0.12 (10.0.1226.42308), X64 RyuJIT AVX2; GC = Non-concurrent Workstation
Mean = 2.579 μs, StdErr = 0.049 μs (1.91%), N = 94, StdDev = 0.477 μs
Min = 1.925 μs, Q1 = 2.259 μs, Median = 2.509 μs, Q3 = 2.862 μs, Max = 3.888 μs
IQR = 0.603 μs, LowerFence = 1.355 μs, UpperFence = 3.767 μs
ConfidenceInterval = [2.412 μs; 2.746 μs] (CI 99.9%), Margin = 0.167 μs (6.48% of Mean)
Skewness = 0.7, Kurtosis = 2.89, MValue = 3.53
-------------------- Histogram --------------------
[1.903 μs ; 2.178 μs) | @@@@@@@@@@@@@@@@@@@@@
[2.178 μs ; 2.337 μs) | @@@@@
[2.337 μs ; 2.613 μs) | @@@@@@@@@@@@@@@@@@@@@@@@@@@@@@@@@@@@
[2.613 μs ; 2.756 μs) | @@
[2.756 μs ; 3.031 μs) | @@@@@@@@@@@@@@
[3.031 μs ; 3.328 μs) | @@@@@@@@
[3.328 μs ; 3.644 μs) | @@@@@
[3.644 μs ; 3.919 μs) | @@@
---------------------------------------------------

HierarchyBenchmarks.Move: Job-IHQVRN(InvocationCount=1, UnrollFactor=1) [NodeCount=1000]
Runtime = .NET 10.0.12 (10.0.1226.42308), X64 RyuJIT AVX2; GC = Non-concurrent Workstation
Mean = 12.712 μs, StdErr = 0.080 μs (0.63%), N = 95, StdDev = 0.782 μs
Min = 11.353 μs, Q1 = 12.109 μs, Median = 12.584 μs, Q3 = 13.341 μs, Max = 15.159 μs
IQR = 1.231 μs, LowerFence = 10.262 μs, UpperFence = 15.188 μs
ConfidenceInterval = [12.439 μs; 12.985 μs] (CI 99.9%), Margin = 0.273 μs (2.15% of Mean)
Skewness = 0.47, Kurtosis = 2.63, MValue = 2.24
-------------------- Histogram --------------------
[11.128 μs ; 11.666 μs) | @@@@
[11.666 μs ; 12.147 μs) | @@@@@@@@@@@@@@@@@@@@@@
[12.147 μs ; 12.597 μs) | @@@@@@@@@@@@@@@@@@@@@@@@@
[12.597 μs ; 13.191 μs) | @@@@@@@@@@@@@@@@@
[13.191 μs ; 13.781 μs) | @@@@@@@@@@@@@@@@@@@
[13.781 μs ; 14.259 μs) | @@@@@@
[14.259 μs ; 14.622 μs) | @
[14.622 μs ; 14.934 μs) | 
[14.934 μs ; 15.384 μs) | @
---------------------------------------------------

HierarchyBenchmarks.Remove: Job-IHQVRN(InvocationCount=1, UnrollFactor=1) [NodeCount=1000]
Runtime = .NET 10.0.12 (10.0.1226.42308), X64 RyuJIT AVX2; GC = Non-concurrent Workstation
Mean = 12.475 μs, StdErr = 0.097 μs (0.78%), N = 90, StdDev = 0.923 μs
Min = 11.188 μs, Q1 = 11.733 μs, Median = 12.344 μs, Q3 = 13.075 μs, Max = 15.594 μs
IQR = 1.342 μs, LowerFence = 9.720 μs, UpperFence = 15.088 μs
ConfidenceInterval = [12.144 μs; 12.806 μs] (CI 99.9%), Margin = 0.331 μs (2.65% of Mean)
Skewness = 0.92, Kurtosis = 3.5, MValue = 2.8
-------------------- Histogram --------------------
[10.917 μs ; 11.445 μs) | @@@
[11.445 μs ; 11.986 μs) | @@@@@@@@@@@@@@@@@@@@@@@@@@@@@@@@@@@@
[11.986 μs ; 12.395 μs) | @@@@@@@
[12.395 μs ; 12.936 μs) | @@@@@@@@@@@@@@@@@@@
[12.936 μs ; 13.208 μs) | @@@@
[13.208 μs ; 13.748 μs) | @@@@@@@@@@@@@@
[13.748 μs ; 14.420 μs) | @@@
[14.420 μs ; 14.961 μs) | @@@
[14.961 μs ; 15.324 μs) | 
[15.324 μs ; 15.864 μs) | @
---------------------------------------------------

HierarchyBenchmarks.GetChildren: Job-IHQVRN(InvocationCount=1, UnrollFactor=1) [NodeCount=1000]
Runtime = .NET 10.0.12 (10.0.1226.42308), X64 RyuJIT AVX2; GC = Non-concurrent Workstation
Mean = 14.331 μs, StdErr = 0.082 μs (0.57%), N = 54, StdDev = 0.601 μs
Min = 13.375 μs, Q1 = 13.933 μs, Median = 14.184 μs, Q3 = 14.609 μs, Max = 16.594 μs
IQR = 0.677 μs, LowerFence = 12.918 μs, UpperFence = 15.624 μs
ConfidenceInterval = [14.046 μs; 14.616 μs] (CI 99.9%), Margin = 0.285 μs (1.99% of Mean)
Skewness = 1.36, Kurtosis = 5.47, MValue = 2
-------------------- Histogram --------------------
[13.363 μs ; 13.773 μs) | @@@@@@@
[13.773 μs ; 14.190 μs) | @@@@@@@@@@@@@@@@@@@@@@@
[14.190 μs ; 14.815 μs) | @@@@@@@@@@@@@@@
[14.815 μs ; 15.199 μs) | @@@@@
[15.199 μs ; 15.637 μs) | @@
[15.637 μs ; 16.077 μs) | @
[16.077 μs ; 16.802 μs) | @
---------------------------------------------------

HierarchyBenchmarks.Descendants: Job-IHQVRN(InvocationCount=1, UnrollFactor=1) [NodeCount=1000]
Runtime = .NET 10.0.12 (10.0.1226.42308), X64 RyuJIT AVX2; GC = Non-concurrent Workstation
Mean = 12.140 μs, StdErr = 0.074 μs (0.61%), N = 81, StdDev = 0.669 μs
Min = 11.169 μs, Q1 = 11.681 μs, Median = 11.963 μs, Q3 = 12.569 μs, Max = 14.669 μs
IQR = 0.887 μs, LowerFence = 10.350 μs, UpperFence = 13.900 μs
ConfidenceInterval = [11.886 μs; 12.394 μs] (CI 99.9%), Margin = 0.254 μs (2.09% of Mean)
Skewness = 1.21, Kurtosis = 4.7, MValue = 2.64
-------------------- Histogram --------------------
[10.966 μs ; 11.203 μs) | @
[11.203 μs ; 11.650 μs) | @@@@@@@@@@@@@@@@@
[11.650 μs ; 12.056 μs) | @@@@@@@@@@@@@@@@@@@@@@@@@@@@@@
[12.056 μs ; 12.328 μs) | @@@@@@
[12.328 μs ; 12.734 μs) | @@@@@@@@@@@@@@
[12.734 μs ; 13.228 μs) | @@@@@@@@@
[13.228 μs ; 13.753 μs) | @@
[13.753 μs ; 14.347 μs) | @
[14.347 μs ; 14.872 μs) | @
---------------------------------------------------

HierarchyBenchmarks.Add: Job-IHQVRN(InvocationCount=1, UnrollFactor=1) [NodeCount=5000]
Runtime = .NET 10.0.12 (10.0.1226.42308), X64 RyuJIT AVX2; GC = Non-concurrent Workstation
Mean = 23.142 μs, StdErr = 0.280 μs (1.21%), N = 91, StdDev = 2.674 μs
Min = 13.744 μs, Q1 = 22.475 μs, Median = 23.488 μs, Q3 = 24.606 μs, Max = 27.988 μs
IQR = 2.131 μs, LowerFence = 19.278 μs, UpperFence = 27.803 μs
ConfidenceInterval = [22.188 μs; 24.096 μs] (CI 99.9%), Margin = 0.954 μs (4.12% of Mean)
Skewness = -1.89, Kurtosis = 7.23, MValue = 2
-------------------- Histogram --------------------
[13.707 μs ; 15.268 μs) | @@@@@@
[15.268 μs ; 16.829 μs) | 
[16.829 μs ; 17.763 μs) | 
[17.763 μs ; 19.324 μs) | @
[19.324 μs ; 21.188 μs) | 
[21.188 μs ; 22.135 μs) | @@@@
[22.135 μs ; 23.696 μs) | @@@@@@@@@@@@@@@@@@@@@@@@@@@@@@@@@@@@@@@@
[23.696 μs ; 25.410 μs) | @@@@@@@@@@@@@@@@@@@@@@@@@@@
[25.410 μs ; 26.971 μs) | @@@@@@@@@@@@
[26.971 μs ; 28.768 μs) | @
---------------------------------------------------

HierarchyBenchmarks.Move: Job-IHQVRN(InvocationCount=1, UnrollFactor=1) [NodeCount=5000]
Runtime = .NET 10.0.12 (10.0.1226.42308), X64 RyuJIT AVX2; GC = Non-concurrent Workstation
Mean = 40.275 μs, StdErr = 0.191 μs (0.47%), N = 17, StdDev = 0.786 μs
Min = 39.491 μs, Q1 = 39.709 μs, Median = 40.034 μs, Q3 = 40.741 μs, Max = 42.041 μs
IQR = 1.031 μs, LowerFence = 38.163 μs, UpperFence = 42.288 μs
ConfidenceInterval = [39.510 μs; 41.040 μs] (CI 99.9%), Margin = 0.765 μs (1.90% of Mean)
Skewness = 0.95, Kurtosis = 2.51, MValue = 2
-------------------- Histogram --------------------
[39.405 μs ; 41.000 μs) | @@@@@@@@@@@@@@
[41.000 μs ; 42.149 μs) | @@@
---------------------------------------------------

HierarchyBenchmarks.Remove: Job-IHQVRN(InvocationCount=1, UnrollFactor=1) [NodeCount=5000]
Runtime = .NET 10.0.12 (10.0.1226.42308), X64 RyuJIT AVX2; GC = Non-concurrent Workstation
Mean = 41.034 μs, StdErr = 0.476 μs (1.16%), N = 89, StdDev = 4.487 μs
Min = 23.931 μs, Q1 = 40.256 μs, Median = 41.862 μs, Q3 = 42.913 μs, Max = 48.406 μs
IQR = 2.656 μs, LowerFence = 36.272 μs, UpperFence = 46.897 μs
ConfidenceInterval = [39.414 μs; 42.653 μs] (CI 99.9%), Margin = 1.619 μs (3.95% of Mean)
Skewness = -2.29, Kurtosis = 8.9, MValue = 2
-------------------- Histogram --------------------
[23.622 μs ; 26.260 μs) | @@@@
[26.260 μs ; 27.184 μs) | 
[27.184 μs ; 29.822 μs) | @@
[29.822 μs ; 32.460 μs) | 
[32.460 μs ; 35.098 μs) | 
[35.098 μs ; 37.787 μs) | 
[37.787 μs ; 39.694 μs) | @@@@@@@
[39.694 μs ; 42.331 μs) | @@@@@@@@@@@@@@@@@@@@@@@@@@@@@@@@@@@@@@@@@@@@@@
[42.331 μs ; 45.044 μs) | @@@@@@@@@@@@@@@@@@@@@@@@
[45.044 μs ; 47.997 μs) | @@@@@
[47.997 μs ; 49.725 μs) | @
---------------------------------------------------

HierarchyBenchmarks.GetChildren: Job-IHQVRN(InvocationCount=1, UnrollFactor=1) [NodeCount=5000]
Runtime = .NET 10.0.12 (10.0.1226.42308), X64 RyuJIT AVX2; GC = Non-concurrent Workstation
Mean = 46.565 μs, StdErr = 0.502 μs (1.08%), N = 84, StdDev = 4.601 μs
Min = 27.706 μs, Q1 = 46.895 μs, Median = 47.616 μs, Q3 = 48.408 μs, Max = 51.106 μs
IQR = 1.512 μs, LowerFence = 44.627 μs, UpperFence = 50.677 μs
ConfidenceInterval = [44.853 μs; 48.278 μs] (CI 99.9%), Margin = 1.713 μs (3.68% of Mean)
Skewness = -3.14, Kurtosis = 12.32, MValue = 2
-------------------- Histogram --------------------
[26.856 μs ; 29.613 μs) | @@@
[29.613 μs ; 32.457 μs) | @@
[32.457 μs ; 35.214 μs) | 
[35.214 μs ; 37.972 μs) | 
[37.972 μs ; 40.052 μs) | 
[40.052 μs ; 42.810 μs) | @
[42.810 μs ; 44.187 μs) | 
[44.187 μs ; 46.390 μs) | @@@@@@@@@
[46.390 μs ; 49.148 μs) | @@@@@@@@@@@@@@@@@@@@@@@@@@@@@@@@@@@@@@@@@@@@@@@@@@@@@@@@@@@@@
[49.148 μs ; 51.598 μs) | @@@@@@@@
---------------------------------------------------

HierarchyBenchmarks.Descendants: Job-IHQVRN(InvocationCount=1, UnrollFactor=1) [NodeCount=5000]
Runtime = .NET 10.0.12 (10.0.1226.42308), X64 RyuJIT AVX2; GC = Non-concurrent Workstation
Mean = 116.294 μs, StdErr = 1.553 μs (1.34%), N = 96, StdDev = 15.216 μs
Min = 59.778 μs, Q1 = 111.944 μs, Median = 113.928 μs, Q3 = 123.728 μs, Max = 146.291 μs
IQR = 11.784 μs, LowerFence = 94.267 μs, UpperFence = 141.405 μs
ConfidenceInterval = [111.020 μs; 121.568 μs] (CI 99.9%), Margin = 5.274 μs (4.53% of Mean)
Skewness = -1.27, Kurtosis = 7.39, MValue = 2.29
-------------------- Histogram --------------------
[ 58.882 μs ;  67.605 μs) | @@@@
[ 67.605 μs ;  76.328 μs) | 
[ 76.328 μs ;  85.052 μs) | 
[ 85.052 μs ;  93.775 μs) | 
[ 93.775 μs ; 102.935 μs) | 
[102.935 μs ; 110.207 μs) | @@@@@@@@@@@@@
[110.207 μs ; 118.930 μs) | @@@@@@@@@@@@@@@@@@@@@@@@@@@@@@@@@@@@@@@@@@@@@@@@@@@
[118.930 μs ; 128.104 μs) | @@@@@@@@
[128.104 μs ; 136.827 μs) | @@@@@@@@@@@@@
[136.827 μs ; 147.487 μs) | @@@@@@@
---------------------------------------------------

// * Summary *

BenchmarkDotNet v0.14.0, Windows 11 (10.0.26200.9445)
Unknown processor
.NET SDK 10.0.401
  [Host]     : .NET 10.0.12 (10.0.1226.42308), X64 RyuJIT AVX2
  Job-IHQVRN : .NET 10.0.12 (10.0.1226.42308), X64 RyuJIT AVX2

InvocationCount=1  UnrollFactor=1  

| Method      | NodeCount | Mean         | Error       | StdDev       | Median       | Allocated |
|------------ |---------- |-------------:|------------:|-------------:|-------------:|----------:|
| Add         | 100       |     432.8 ns |     8.89 ns |     20.42 ns |     431.2 ns |   3.03 KB |
| Move        | 100       |   1,553.1 ns |    39.75 ns |    114.68 ns |   1,515.6 ns |   3.01 KB |
| Remove      | 100       |   1,596.7 ns |    49.10 ns |    140.87 ns |   1,562.5 ns |   3.04 KB |
| GetChildren | 100       |   1,923.4 ns |    40.34 ns |    113.11 ns |   1,906.2 ns |    1.3 KB |
| Descendants | 100       |  10,270.7 ns |   211.53 ns |    582.60 ns |  10,118.8 ns |   3.28 KB |
| Add         | 1000      |   2,579.4 ns |   167.11 ns |    476.77 ns |   2,509.4 ns |     26 KB |
| Move        | 1000      |  12,712.1 ns |   272.71 ns |    782.47 ns |  12,584.4 ns |  25.98 KB |
| Remove      | 1000      |  12,474.9 ns |   330.95 ns |    922.56 ns |  12,343.8 ns |  26.01 KB |
| GetChildren | 1000      |  14,331.1 ns |   284.93 ns |    601.01 ns |  14,184.4 ns |  11.85 KB |
| Descendants | 1000      |  12,140.0 ns |   254.02 ns |    669.20 ns |  11,962.5 ns |  24.39 KB |
| Add         | 5000      |  23,142.0 ns |   953.78 ns |  2,674.50 ns |  23,487.5 ns | 134.14 KB |
| Move        | 5000      |  40,275.2 ns |   764.92 ns |    785.52 ns |  40,034.4 ns | 134.12 KB |
| Remove      | 5000      |  41,033.6 ns | 1,619.10 ns |  4,486.52 ns |  41,862.5 ns | 134.13 KB |
| GetChildren | 5000      |  46,565.3 ns | 1,712.55 ns |  4,600.65 ns |  47,615.6 ns |  58.76 KB |
| Descendants | 5000      | 116,293.9 ns | 5,273.76 ns | 15,216.00 ns | 113,928.1 ns | 167.71 KB |

// * Warnings *
MinIterationTime
  HierarchyBenchmarks.Add: InvocationCount=1, UnrollFactor=1         -> The minimum observed iteration time is 6.5μs which is very small. It's recommended to increase it to at least 100ms using more operations.
  HierarchyBenchmarks.Move: InvocationCount=1, UnrollFactor=1        -> The minimum observed iteration time is 22.5μs which is very small. It's recommended to increase it to at least 100ms using more operations.
  HierarchyBenchmarks.Remove: InvocationCount=1, UnrollFactor=1      -> The minimum observed iteration time is 22.7μs which is very small. It's recommended to increase it to at least 100ms using more operations.
  HierarchyBenchmarks.GetChildren: InvocationCount=1, UnrollFactor=1 -> The minimum observed iteration time is 28.3μs which is very small. It's recommended to increase it to at least 100ms using more operations.
  HierarchyBenchmarks.Descendants: InvocationCount=1, UnrollFactor=1 -> The minimum observed iteration time is 153μs which is very small. It's recommended to increase it to at least 100ms using more operations.
  HierarchyBenchmarks.Add: InvocationCount=1, UnrollFactor=1         -> The minimum observed iteration time is 30.9μs which is very small. It's recommended to increase it to at least 100ms using more operations.
  HierarchyBenchmarks.Move: InvocationCount=1, UnrollFactor=1        -> The minimum observed iteration time is 181.8μs which is very small. It's recommended to increase it to at least 100ms using more operations.
  HierarchyBenchmarks.Remove: InvocationCount=1, UnrollFactor=1      -> The minimum observed iteration time is 179.1μs which is very small. It's recommended to increase it to at least 100ms using more operations.
  HierarchyBenchmarks.GetChildren: InvocationCount=1, UnrollFactor=1 -> The minimum observed iteration time is 214.2μs which is very small. It's recommended to increase it to at least 100ms using more operations.
  HierarchyBenchmarks.Descendants: InvocationCount=1, UnrollFactor=1 -> The minimum observed iteration time is 178.9μs which is very small. It's recommended to increase it to at least 100ms using more operations.
  HierarchyBenchmarks.Add: InvocationCount=1, UnrollFactor=1         -> The minimum observed iteration time is 220.2μs which is very small. It's recommended to increase it to at least 100ms using more operations.
  HierarchyBenchmarks.Move: InvocationCount=1, UnrollFactor=1        -> The minimum observed iteration time is 632.1μs which is very small. It's recommended to increase it to at least 100ms using more operations.
  HierarchyBenchmarks.Remove: InvocationCount=1, UnrollFactor=1      -> The minimum observed iteration time is 383.1μs which is very small. It's recommended to increase it to at least 100ms using more operations.
  HierarchyBenchmarks.GetChildren: InvocationCount=1, UnrollFactor=1 -> The minimum observed iteration time is 443.5μs which is very small. It's recommended to increase it to at least 100ms using more operations.
  HierarchyBenchmarks.Descendants: InvocationCount=1, UnrollFactor=1 -> The minimum observed iteration time is 956.7μs which is very small. It's recommended to increase it to at least 100ms using more operations.
MultimodalDistribution
  HierarchyBenchmarks.Add: InvocationCount=1, UnrollFactor=1 -> It seems that the distribution is bimodal (mValue = 3.53)

// * Hints *
Outliers
  HierarchyBenchmarks.Add: InvocationCount=1, UnrollFactor=1         -> 12 outliers were removed (575.00 ns..887.50 ns)
  HierarchyBenchmarks.Move: InvocationCount=1, UnrollFactor=1        -> 4 outliers were removed (1.96 μs..4.08 μs)
  HierarchyBenchmarks.Remove: InvocationCount=1, UnrollFactor=1      -> 5 outliers were removed (2.09 μs..6.89 μs)
  HierarchyBenchmarks.GetChildren: InvocationCount=1, UnrollFactor=1 -> 9 outliers were removed (2.31 μs..9.79 μs)
  HierarchyBenchmarks.Descendants: InvocationCount=1, UnrollFactor=1 -> 12 outliers were removed (12.68 μs..21.68 μs)
  HierarchyBenchmarks.Add: InvocationCount=1, UnrollFactor=1         -> 6 outliers were removed (4.24 μs..10.15 μs)
  HierarchyBenchmarks.Move: InvocationCount=1, UnrollFactor=1        -> 5 outliers were removed (19.82 μs..24.62 μs)
  HierarchyBenchmarks.Remove: InvocationCount=1, UnrollFactor=1      -> 10 outliers were removed (16.04 μs..21.29 μs)
  HierarchyBenchmarks.GetChildren: InvocationCount=1, UnrollFactor=1 -> 11 outliers were removed (17.52 μs..39.91 μs)
  HierarchyBenchmarks.Descendants: InvocationCount=1, UnrollFactor=1 -> 19 outliers were removed (15.55 μs..158.08 μs)
  HierarchyBenchmarks.Add: InvocationCount=1, UnrollFactor=1         -> 9 outliers were removed, 16 outliers were detected (13.76 μs..18.56 μs, 28.48 μs..59.24 μs)
  HierarchyBenchmarks.Move: InvocationCount=1, UnrollFactor=1        -> 4 outliers were removed (44.77 μs..65.96 μs)
  HierarchyBenchmarks.Remove: InvocationCount=1, UnrollFactor=1      -> 11 outliers were removed, 17 outliers were detected (23.94 μs..29.36 μs, 49.70 μs..76.25 μs)
  HierarchyBenchmarks.GetChildren: InvocationCount=1, UnrollFactor=1 -> 16 outliers were removed, 22 outliers were detected (27.72 μs..41.44 μs, 52.23 μs..133.91 μs)
  HierarchyBenchmarks.Descendants: InvocationCount=1, UnrollFactor=1 -> 4 outliers were removed, 8 outliers were detected (59.79 μs..66.72 μs, 148.45 μs..162.97 μs)

// * Legends *
  NodeCount : Value of the 'NodeCount' parameter
  Mean      : Arithmetic mean of all measurements
  Error     : Half of 99.9% confidence interval
  StdDev    : Standard deviation of all measurements
  Median    : Value separating the higher half of all measurements (50th percentile)
  Allocated : Allocated memory per single operation (managed only, inclusive, 1KB = 1024B)
  1 ns      : 1 Nanosecond (0.000000001 sec)

// * Diagnostic Output - MemoryDiagnoser *


// ***** BenchmarkRunner: End *****
Run time: 00:08:06 (486.01 sec), executed benchmarks: 15

Global total time: 00:08:11 (491.03 sec), executed benchmarks: 15
// * Artifacts cleanup *
Artifacts cleanup is finished
