// Validating benchmarks:
// ***** BenchmarkRunner: Start   *****
// ***** Found 15 benchmark(s) in total *****
// ***** Building 1 exe(s) in Parallel: Start   *****
Unable to find .sln or .csproj file. Will use current directory D:\HierarchyKit to search for project file. If you don't use .sln file on purpose it should not be a problem.
// start dotnet  restore /p:UseSharedCompilation=false /p:BuildInParallel=false /m:1 /p:Deterministic=true /p:Optimize=true /p:IntermediateOutputPath="D:\HierarchyKit\benchmarks\HierarchyKit.Benchmarks\bin\Release\net10.0\75f716e5-150e-4cac-8489-646df18098a3\obj\Release\net10.0/" /p:OutDir="D:\HierarchyKit\benchmarks\HierarchyKit.Benchmarks\bin\Release\net10.0\75f716e5-150e-4cac-8489-646df18098a3\bin\Release\net10.0/" /p:OutputPath="D:\HierarchyKit\benchmarks\HierarchyKit.Benchmarks\bin\Release\net10.0\75f716e5-150e-4cac-8489-646df18098a3\bin\Release\net10.0/" in D:\HierarchyKit\benchmarks\HierarchyKit.Benchmarks\bin\Release\net10.0\75f716e5-150e-4cac-8489-646df18098a3
// command took 0.75 sec and exited with 0
// start dotnet  build -c Release --no-restore /p:UseSharedCompilation=false /p:BuildInParallel=false /m:1 /p:Deterministic=true /p:Optimize=true /p:IntermediateOutputPath="D:\HierarchyKit\benchmarks\HierarchyKit.Benchmarks\bin\Release\net10.0\75f716e5-150e-4cac-8489-646df18098a3\obj\Release\net10.0/" /p:OutDir="D:\HierarchyKit\benchmarks\HierarchyKit.Benchmarks\bin\Release\net10.0\75f716e5-150e-4cac-8489-646df18098a3\bin\Release\net10.0/" /p:OutputPath="D:\HierarchyKit\benchmarks\HierarchyKit.Benchmarks\bin\Release\net10.0\75f716e5-150e-4cac-8489-646df18098a3\bin\Release\net10.0/" --output "D:\HierarchyKit\benchmarks\HierarchyKit.Benchmarks\bin\Release\net10.0\75f716e5-150e-4cac-8489-646df18098a3\bin\Release\net10.0/" in D:\HierarchyKit\benchmarks\HierarchyKit.Benchmarks\bin\Release\net10.0\75f716e5-150e-4cac-8489-646df18098a3
// command took 3.9 sec and exited with 0
// ***** Done, took 00:00:04 (4.69 sec)   *****
// Found 15 benchmarks:
//   HierarchyBenchmarks.Add: Job-UVKQEI(InvocationCount=1, UnrollFactor=1) [NodeCount=100]
//   HierarchyBenchmarks.Move: Job-UVKQEI(InvocationCount=1, UnrollFactor=1) [NodeCount=100]
//   HierarchyBenchmarks.Remove: Job-UVKQEI(InvocationCount=1, UnrollFactor=1) [NodeCount=100]
//   HierarchyBenchmarks.GetChildren: Job-UVKQEI(InvocationCount=1, UnrollFactor=1) [NodeCount=100]
//   HierarchyBenchmarks.Descendants: Job-UVKQEI(InvocationCount=1, UnrollFactor=1) [NodeCount=100]
//   HierarchyBenchmarks.Add: Job-UVKQEI(InvocationCount=1, UnrollFactor=1) [NodeCount=1000]
//   HierarchyBenchmarks.Move: Job-UVKQEI(InvocationCount=1, UnrollFactor=1) [NodeCount=1000]
//   HierarchyBenchmarks.Remove: Job-UVKQEI(InvocationCount=1, UnrollFactor=1) [NodeCount=1000]
//   HierarchyBenchmarks.GetChildren: Job-UVKQEI(InvocationCount=1, UnrollFactor=1) [NodeCount=1000]
//   HierarchyBenchmarks.Descendants: Job-UVKQEI(InvocationCount=1, UnrollFactor=1) [NodeCount=1000]
//   HierarchyBenchmarks.Add: Job-UVKQEI(InvocationCount=1, UnrollFactor=1) [NodeCount=5000]
//   HierarchyBenchmarks.Move: Job-UVKQEI(InvocationCount=1, UnrollFactor=1) [NodeCount=5000]
//   HierarchyBenchmarks.Remove: Job-UVKQEI(InvocationCount=1, UnrollFactor=1) [NodeCount=5000]
//   HierarchyBenchmarks.GetChildren: Job-UVKQEI(InvocationCount=1, UnrollFactor=1) [NodeCount=5000]
//   HierarchyBenchmarks.Descendants: Job-UVKQEI(InvocationCount=1, UnrollFactor=1) [NodeCount=5000]

Setup power plan (GUID: 8c5e7fda-e8bf-4a96-9a85-a6e23a8c635c FriendlyName: High performance)
// **************************
// Benchmark: HierarchyBenchmarks.Add: Job-UVKQEI(InvocationCount=1, UnrollFactor=1) [NodeCount=100]
// *** Execute ***
// Launch: 1 / 1
// Execute: dotnet 75f716e5-150e-4cac-8489-646df18098a3.dll --anonymousPipes 1588 1592 --benchmarkName "HierarchyBenchmarks.Add(NodeCount: 100)" --job "InvocationCount=1, UnrollFactor=1" --benchmarkId 0 in D:\HierarchyKit\benchmarks\HierarchyKit.Benchmarks\bin\Release\net10.0\75f716e5-150e-4cac-8489-646df18098a3\bin\Release\net10.0
// BeforeAnythingElse

// Benchmark Process Environment Information:
// BenchmarkDotNet v0.14.0
// Runtime=.NET 10.0.12 (10.0.1226.42308), X64 RyuJIT AVX2
// GC=Non-concurrent Workstation
// HardwareIntrinsics=AVX2,AES,BMI1,BMI2,FMA,LZCNT,PCLMUL,POPCNT,AvxVnni,SERIALIZE VectorSize=256
// Job: Job-BZRAOB(InvocationCount=1, UnrollFactor=1)

OverheadJitting  1: 1 op, 179400.00 ns, 179.4000 us/op
WorkloadJitting  1: 1 op, 234100.00 ns, 234.1000 us/op

OverheadWarmup   1: 1 op, 200.00 ns, 200.0000 ns/op
OverheadWarmup   2: 1 op, 200.00 ns, 200.0000 ns/op
OverheadWarmup   3: 1 op, 100.00 ns, 100.0000 ns/op
OverheadWarmup   4: 1 op, 0.00 ns, 0.0000 ns/op
OverheadWarmup   5: 1 op, 200.00 ns, 200.0000 ns/op
OverheadWarmup   6: 1 op, 100.00 ns, 100.0000 ns/op

OverheadActual   1: 1 op, 100.00 ns, 100.0000 ns/op
OverheadActual   2: 1 op, 200.00 ns, 200.0000 ns/op
OverheadActual   3: 1 op, 200.00 ns, 200.0000 ns/op
OverheadActual   4: 1 op, 100.00 ns, 100.0000 ns/op
OverheadActual   5: 1 op, 100.00 ns, 100.0000 ns/op
OverheadActual   6: 1 op, 200.00 ns, 200.0000 ns/op
OverheadActual   7: 1 op, 100.00 ns, 100.0000 ns/op
OverheadActual   8: 1 op, 100.00 ns, 100.0000 ns/op
OverheadActual   9: 1 op, 200.00 ns, 200.0000 ns/op
OverheadActual  10: 1 op, 100.00 ns, 100.0000 ns/op
OverheadActual  11: 1 op, 0.00 ns, 0.0000 ns/op
OverheadActual  12: 1 op, 0.00 ns, 0.0000 ns/op
OverheadActual  13: 1 op, 200.00 ns, 200.0000 ns/op
OverheadActual  14: 1 op, 0.00 ns, 0.0000 ns/op
OverheadActual  15: 1 op, 0.00 ns, 0.0000 ns/op
OverheadActual  16: 1 op, 0.00 ns, 0.0000 ns/op
OverheadActual  17: 1 op, 100.00 ns, 100.0000 ns/op
OverheadActual  18: 1 op, 100.00 ns, 100.0000 ns/op
OverheadActual  19: 1 op, 100.00 ns, 100.0000 ns/op
OverheadActual  20: 1 op, 100.00 ns, 100.0000 ns/op

WorkloadWarmup   1: 1 op, 1500.00 ns, 1.5000 us/op
WorkloadWarmup   2: 1 op, 1000.00 ns, 1.0000 us/op
WorkloadWarmup   3: 1 op, 900.00 ns, 900.0000 ns/op
WorkloadWarmup   4: 1 op, 800.00 ns, 800.0000 ns/op
WorkloadWarmup   5: 1 op, 900.00 ns, 900.0000 ns/op
WorkloadWarmup   6: 1 op, 800.00 ns, 800.0000 ns/op
WorkloadWarmup   7: 1 op, 800.00 ns, 800.0000 ns/op
WorkloadWarmup   8: 1 op, 900.00 ns, 900.0000 ns/op

// BeforeActualRun
WorkloadActual   1: 1 op, 1400.00 ns, 1.4000 us/op
WorkloadActual   2: 1 op, 4400.00 ns, 4.4000 us/op
WorkloadActual   3: 1 op, 1100.00 ns, 1.1000 us/op
WorkloadActual   4: 1 op, 3300.00 ns, 3.3000 us/op
WorkloadActual   5: 1 op, 1000.00 ns, 1.0000 us/op
WorkloadActual   6: 1 op, 900.00 ns, 900.0000 ns/op
WorkloadActual   7: 1 op, 800.00 ns, 800.0000 ns/op
WorkloadActual   8: 1 op, 800.00 ns, 800.0000 ns/op
WorkloadActual   9: 1 op, 800.00 ns, 800.0000 ns/op
WorkloadActual  10: 1 op, 800.00 ns, 800.0000 ns/op
WorkloadActual  11: 1 op, 900.00 ns, 900.0000 ns/op
WorkloadActual  12: 1 op, 800.00 ns, 800.0000 ns/op
WorkloadActual  13: 1 op, 800.00 ns, 800.0000 ns/op
WorkloadActual  14: 1 op, 800.00 ns, 800.0000 ns/op
WorkloadActual  15: 1 op, 800.00 ns, 800.0000 ns/op
WorkloadActual  16: 1 op, 700.00 ns, 700.0000 ns/op
WorkloadActual  17: 1 op, 3400.00 ns, 3.4000 us/op
WorkloadActual  18: 1 op, 2200.00 ns, 2.2000 us/op
WorkloadActual  19: 1 op, 800.00 ns, 800.0000 ns/op
WorkloadActual  20: 1 op, 800.00 ns, 800.0000 ns/op
WorkloadActual  21: 1 op, 900.00 ns, 900.0000 ns/op
WorkloadActual  22: 1 op, 800.00 ns, 800.0000 ns/op
WorkloadActual  23: 1 op, 800.00 ns, 800.0000 ns/op
WorkloadActual  24: 1 op, 800.00 ns, 800.0000 ns/op
WorkloadActual  25: 1 op, 700.00 ns, 700.0000 ns/op
WorkloadActual  26: 1 op, 800.00 ns, 800.0000 ns/op
WorkloadActual  27: 1 op, 2000.00 ns, 2.0000 us/op
WorkloadActual  28: 1 op, 3800.00 ns, 3.8000 us/op
WorkloadActual  29: 1 op, 1200.00 ns, 1.2000 us/op
WorkloadActual  30: 1 op, 1000.00 ns, 1.0000 us/op
WorkloadActual  31: 1 op, 900.00 ns, 900.0000 ns/op
WorkloadActual  32: 1 op, 800.00 ns, 800.0000 ns/op
WorkloadActual  33: 1 op, 800.00 ns, 800.0000 ns/op
WorkloadActual  34: 1 op, 900.00 ns, 900.0000 ns/op
WorkloadActual  35: 1 op, 900.00 ns, 900.0000 ns/op
WorkloadActual  36: 1 op, 800.00 ns, 800.0000 ns/op
WorkloadActual  37: 1 op, 800.00 ns, 800.0000 ns/op
WorkloadActual  38: 1 op, 800.00 ns, 800.0000 ns/op
WorkloadActual  39: 1 op, 900.00 ns, 900.0000 ns/op
WorkloadActual  40: 1 op, 700.00 ns, 700.0000 ns/op
WorkloadActual  41: 1 op, 800.00 ns, 800.0000 ns/op
WorkloadActual  42: 1 op, 800.00 ns, 800.0000 ns/op
WorkloadActual  43: 1 op, 800.00 ns, 800.0000 ns/op
WorkloadActual  44: 1 op, 700.00 ns, 700.0000 ns/op
WorkloadActual  45: 1 op, 800.00 ns, 800.0000 ns/op
WorkloadActual  46: 1 op, 800.00 ns, 800.0000 ns/op
WorkloadActual  47: 1 op, 800.00 ns, 800.0000 ns/op
WorkloadActual  48: 1 op, 800.00 ns, 800.0000 ns/op
WorkloadActual  49: 1 op, 800.00 ns, 800.0000 ns/op
WorkloadActual  50: 1 op, 800.00 ns, 800.0000 ns/op
WorkloadActual  51: 1 op, 900.00 ns, 900.0000 ns/op
WorkloadActual  52: 1 op, 800.00 ns, 800.0000 ns/op
WorkloadActual  53: 1 op, 800.00 ns, 800.0000 ns/op
WorkloadActual  54: 1 op, 4000.00 ns, 4.0000 us/op
WorkloadActual  55: 1 op, 3800.00 ns, 3.8000 us/op
WorkloadActual  56: 1 op, 3600.00 ns, 3.6000 us/op
WorkloadActual  57: 1 op, 1200.00 ns, 1.2000 us/op
WorkloadActual  58: 1 op, 800.00 ns, 800.0000 ns/op
WorkloadActual  59: 1 op, 800.00 ns, 800.0000 ns/op
WorkloadActual  60: 1 op, 800.00 ns, 800.0000 ns/op
WorkloadActual  61: 1 op, 800.00 ns, 800.0000 ns/op
WorkloadActual  62: 1 op, 800.00 ns, 800.0000 ns/op
WorkloadActual  63: 1 op, 800.00 ns, 800.0000 ns/op
WorkloadActual  64: 1 op, 800.00 ns, 800.0000 ns/op
WorkloadActual  65: 1 op, 800.00 ns, 800.0000 ns/op
WorkloadActual  66: 1 op, 800.00 ns, 800.0000 ns/op
WorkloadActual  67: 1 op, 800.00 ns, 800.0000 ns/op
WorkloadActual  68: 1 op, 900.00 ns, 900.0000 ns/op
WorkloadActual  69: 1 op, 800.00 ns, 800.0000 ns/op
WorkloadActual  70: 1 op, 800.00 ns, 800.0000 ns/op
WorkloadActual  71: 1 op, 800.00 ns, 800.0000 ns/op
WorkloadActual  72: 1 op, 800.00 ns, 800.0000 ns/op
WorkloadActual  73: 1 op, 800.00 ns, 800.0000 ns/op
WorkloadActual  74: 1 op, 800.00 ns, 800.0000 ns/op
WorkloadActual  75: 1 op, 800.00 ns, 800.0000 ns/op
WorkloadActual  76: 1 op, 800.00 ns, 800.0000 ns/op
WorkloadActual  77: 1 op, 2500.00 ns, 2.5000 us/op
WorkloadActual  78: 1 op, 3700.00 ns, 3.7000 us/op
WorkloadActual  79: 1 op, 3600.00 ns, 3.6000 us/op
WorkloadActual  80: 1 op, 1200.00 ns, 1.2000 us/op
WorkloadActual  81: 1 op, 900.00 ns, 900.0000 ns/op
WorkloadActual  82: 1 op, 3100.00 ns, 3.1000 us/op
WorkloadActual  83: 1 op, 900.00 ns, 900.0000 ns/op
WorkloadActual  84: 1 op, 800.00 ns, 800.0000 ns/op
WorkloadActual  85: 1 op, 800.00 ns, 800.0000 ns/op
WorkloadActual  86: 1 op, 800.00 ns, 800.0000 ns/op
WorkloadActual  87: 1 op, 800.00 ns, 800.0000 ns/op
WorkloadActual  88: 1 op, 800.00 ns, 800.0000 ns/op
WorkloadActual  89: 1 op, 800.00 ns, 800.0000 ns/op
WorkloadActual  90: 1 op, 700.00 ns, 700.0000 ns/op
WorkloadActual  91: 1 op, 1000.00 ns, 1.0000 us/op
WorkloadActual  92: 1 op, 900.00 ns, 900.0000 ns/op
WorkloadActual  93: 1 op, 900.00 ns, 900.0000 ns/op
WorkloadActual  94: 1 op, 900.00 ns, 900.0000 ns/op
WorkloadActual  95: 1 op, 800.00 ns, 800.0000 ns/op
WorkloadActual  96: 1 op, 800.00 ns, 800.0000 ns/op
WorkloadActual  97: 1 op, 800.00 ns, 800.0000 ns/op
WorkloadActual  98: 1 op, 800.00 ns, 800.0000 ns/op
WorkloadActual  99: 1 op, 2000.00 ns, 2.0000 us/op
WorkloadActual  100: 1 op, 3700.00 ns, 3.7000 us/op

// AfterActualRun
WorkloadResult   1: 1 op, 900.00 ns, 900.0000 ns/op
WorkloadResult   2: 1 op, 800.00 ns, 800.0000 ns/op
WorkloadResult   3: 1 op, 700.00 ns, 700.0000 ns/op
WorkloadResult   4: 1 op, 700.00 ns, 700.0000 ns/op
WorkloadResult   5: 1 op, 700.00 ns, 700.0000 ns/op
WorkloadResult   6: 1 op, 700.00 ns, 700.0000 ns/op
WorkloadResult   7: 1 op, 800.00 ns, 800.0000 ns/op
WorkloadResult   8: 1 op, 700.00 ns, 700.0000 ns/op
WorkloadResult   9: 1 op, 700.00 ns, 700.0000 ns/op
WorkloadResult  10: 1 op, 700.00 ns, 700.0000 ns/op
WorkloadResult  11: 1 op, 700.00 ns, 700.0000 ns/op
WorkloadResult  12: 1 op, 600.00 ns, 600.0000 ns/op
WorkloadResult  13: 1 op, 700.00 ns, 700.0000 ns/op
WorkloadResult  14: 1 op, 700.00 ns, 700.0000 ns/op
WorkloadResult  15: 1 op, 800.00 ns, 800.0000 ns/op
WorkloadResult  16: 1 op, 700.00 ns, 700.0000 ns/op
WorkloadResult  17: 1 op, 700.00 ns, 700.0000 ns/op
WorkloadResult  18: 1 op, 700.00 ns, 700.0000 ns/op
WorkloadResult  19: 1 op, 600.00 ns, 600.0000 ns/op
WorkloadResult  20: 1 op, 700.00 ns, 700.0000 ns/op
WorkloadResult  21: 1 op, 900.00 ns, 900.0000 ns/op
WorkloadResult  22: 1 op, 800.00 ns, 800.0000 ns/op
WorkloadResult  23: 1 op, 700.00 ns, 700.0000 ns/op
WorkloadResult  24: 1 op, 700.00 ns, 700.0000 ns/op
WorkloadResult  25: 1 op, 800.00 ns, 800.0000 ns/op
WorkloadResult  26: 1 op, 800.00 ns, 800.0000 ns/op
WorkloadResult  27: 1 op, 700.00 ns, 700.0000 ns/op
WorkloadResult  28: 1 op, 700.00 ns, 700.0000 ns/op
WorkloadResult  29: 1 op, 700.00 ns, 700.0000 ns/op
WorkloadResult  30: 1 op, 800.00 ns, 800.0000 ns/op
WorkloadResult  31: 1 op, 600.00 ns, 600.0000 ns/op
WorkloadResult  32: 1 op, 700.00 ns, 700.0000 ns/op
WorkloadResult  33: 1 op, 700.00 ns, 700.0000 ns/op
WorkloadResult  34: 1 op, 700.00 ns, 700.0000 ns/op
WorkloadResult  35: 1 op, 600.00 ns, 600.0000 ns/op
WorkloadResult  36: 1 op, 700.00 ns, 700.0000 ns/op
WorkloadResult  37: 1 op, 700.00 ns, 700.0000 ns/op
WorkloadResult  38: 1 op, 700.00 ns, 700.0000 ns/op
WorkloadResult  39: 1 op, 700.00 ns, 700.0000 ns/op
WorkloadResult  40: 1 op, 700.00 ns, 700.0000 ns/op
WorkloadResult  41: 1 op, 700.00 ns, 700.0000 ns/op
WorkloadResult  42: 1 op, 800.00 ns, 800.0000 ns/op
WorkloadResult  43: 1 op, 700.00 ns, 700.0000 ns/op
WorkloadResult  44: 1 op, 700.00 ns, 700.0000 ns/op
WorkloadResult  45: 1 op, 700.00 ns, 700.0000 ns/op
WorkloadResult  46: 1 op, 700.00 ns, 700.0000 ns/op
WorkloadResult  47: 1 op, 700.00 ns, 700.0000 ns/op
WorkloadResult  48: 1 op, 700.00 ns, 700.0000 ns/op
WorkloadResult  49: 1 op, 700.00 ns, 700.0000 ns/op
WorkloadResult  50: 1 op, 700.00 ns, 700.0000 ns/op
WorkloadResult  51: 1 op, 700.00 ns, 700.0000 ns/op
WorkloadResult  52: 1 op, 700.00 ns, 700.0000 ns/op
WorkloadResult  53: 1 op, 700.00 ns, 700.0000 ns/op
WorkloadResult  54: 1 op, 700.00 ns, 700.0000 ns/op
WorkloadResult  55: 1 op, 800.00 ns, 800.0000 ns/op
WorkloadResult  56: 1 op, 700.00 ns, 700.0000 ns/op
WorkloadResult  57: 1 op, 700.00 ns, 700.0000 ns/op
WorkloadResult  58: 1 op, 700.00 ns, 700.0000 ns/op
WorkloadResult  59: 1 op, 700.00 ns, 700.0000 ns/op
WorkloadResult  60: 1 op, 700.00 ns, 700.0000 ns/op
WorkloadResult  61: 1 op, 700.00 ns, 700.0000 ns/op
WorkloadResult  62: 1 op, 700.00 ns, 700.0000 ns/op
WorkloadResult  63: 1 op, 700.00 ns, 700.0000 ns/op
WorkloadResult  64: 1 op, 800.00 ns, 800.0000 ns/op
WorkloadResult  65: 1 op, 800.00 ns, 800.0000 ns/op
WorkloadResult  66: 1 op, 700.00 ns, 700.0000 ns/op
WorkloadResult  67: 1 op, 700.00 ns, 700.0000 ns/op
WorkloadResult  68: 1 op, 700.00 ns, 700.0000 ns/op
WorkloadResult  69: 1 op, 700.00 ns, 700.0000 ns/op
WorkloadResult  70: 1 op, 700.00 ns, 700.0000 ns/op
WorkloadResult  71: 1 op, 700.00 ns, 700.0000 ns/op
WorkloadResult  72: 1 op, 600.00 ns, 600.0000 ns/op
WorkloadResult  73: 1 op, 900.00 ns, 900.0000 ns/op
WorkloadResult  74: 1 op, 800.00 ns, 800.0000 ns/op
WorkloadResult  75: 1 op, 800.00 ns, 800.0000 ns/op
WorkloadResult  76: 1 op, 800.00 ns, 800.0000 ns/op
WorkloadResult  77: 1 op, 700.00 ns, 700.0000 ns/op
WorkloadResult  78: 1 op, 700.00 ns, 700.0000 ns/op
WorkloadResult  79: 1 op, 700.00 ns, 700.0000 ns/op
WorkloadResult  80: 1 op, 700.00 ns, 700.0000 ns/op
// GC:  0 0 0 3208 1
// Threading:  0 0 1

// AfterAll
// Benchmark Process 24032 has exited with code 0.

Mean = 718.750 ns, StdErr = 6.678 ns (0.93%), N = 80, StdDev = 59.733 ns
Min = 600.000 ns, Q1 = 700.000 ns, Median = 700.000 ns, Q3 = 700.000 ns, Max = 900.000 ns
IQR = 0.000 ns, LowerFence = 700.000 ns, UpperFence = 700.000 ns
ConfidenceInterval = [695.923 ns; 741.577 ns] (CI 99.9%), Margin = 22.827 ns (3.18% of Mean)
Skewness = 0.97, Kurtosis = 4.76, MValue = 2

// ** Remained 14 (93,3%) benchmark(s) to run. Estimated finish 2026-09-11 16:12 (0h 0m from now) **
Setup power plan (GUID: 8c5e7fda-e8bf-4a96-9a85-a6e23a8c635c FriendlyName: High performance)
// **************************
// Benchmark: HierarchyBenchmarks.Move: Job-UVKQEI(InvocationCount=1, UnrollFactor=1) [NodeCount=100]
// *** Execute ***
// Launch: 1 / 1
// Execute: dotnet 75f716e5-150e-4cac-8489-646df18098a3.dll --anonymousPipes 1812 1364 --benchmarkName "HierarchyBenchmarks.Move(NodeCount: 100)" --job "InvocationCount=1, UnrollFactor=1" --benchmarkId 1 in D:\HierarchyKit\benchmarks\HierarchyKit.Benchmarks\bin\Release\net10.0\75f716e5-150e-4cac-8489-646df18098a3\bin\Release\net10.0
// BeforeAnythingElse

// Benchmark Process Environment Information:
// BenchmarkDotNet v0.14.0
// Runtime=.NET 10.0.12 (10.0.1226.42308), X64 RyuJIT AVX2
// GC=Non-concurrent Workstation
// HardwareIntrinsics=AVX2,AES,BMI1,BMI2,FMA,LZCNT,PCLMUL,POPCNT,AvxVnni,SERIALIZE VectorSize=256
// Job: Job-TJMBIR(InvocationCount=1, UnrollFactor=1)

OverheadJitting  1: 1 op, 180400.00 ns, 180.4000 us/op
WorkloadJitting  1: 1 op, 564200.00 ns, 564.2000 us/op

OverheadWarmup   1: 1 op, 100.00 ns, 100.0000 ns/op
OverheadWarmup   2: 1 op, 100.00 ns, 100.0000 ns/op
OverheadWarmup   3: 1 op, 200.00 ns, 200.0000 ns/op
OverheadWarmup   4: 1 op, 100.00 ns, 100.0000 ns/op
OverheadWarmup   5: 1 op, 100.00 ns, 100.0000 ns/op

OverheadActual   1: 1 op, 100.00 ns, 100.0000 ns/op
OverheadActual   2: 1 op, 200.00 ns, 200.0000 ns/op
OverheadActual   3: 1 op, 100.00 ns, 100.0000 ns/op
OverheadActual   4: 1 op, 100.00 ns, 100.0000 ns/op
OverheadActual   5: 1 op, 200.00 ns, 200.0000 ns/op
OverheadActual   6: 1 op, 100.00 ns, 100.0000 ns/op
OverheadActual   7: 1 op, 100.00 ns, 100.0000 ns/op
OverheadActual   8: 1 op, 100.00 ns, 100.0000 ns/op
OverheadActual   9: 1 op, 100.00 ns, 100.0000 ns/op
OverheadActual  10: 1 op, 0.00 ns, 0.0000 ns/op
OverheadActual  11: 1 op, 200.00 ns, 200.0000 ns/op
OverheadActual  12: 1 op, 100.00 ns, 100.0000 ns/op
OverheadActual  13: 1 op, 100.00 ns, 100.0000 ns/op
OverheadActual  14: 1 op, 100.00 ns, 100.0000 ns/op
OverheadActual  15: 1 op, 200.00 ns, 200.0000 ns/op
OverheadActual  16: 1 op, 100.00 ns, 100.0000 ns/op
OverheadActual  17: 1 op, 100.00 ns, 100.0000 ns/op
OverheadActual  18: 1 op, 200.00 ns, 200.0000 ns/op
OverheadActual  19: 1 op, 100.00 ns, 100.0000 ns/op
OverheadActual  20: 1 op, 0.00 ns, 0.0000 ns/op

WorkloadWarmup   1: 1 op, 8900.00 ns, 8.9000 us/op
WorkloadWarmup   2: 1 op, 2500.00 ns, 2.5000 us/op
WorkloadWarmup   3: 1 op, 2300.00 ns, 2.3000 us/op
WorkloadWarmup   4: 1 op, 1800.00 ns, 1.8000 us/op
WorkloadWarmup   5: 1 op, 2000.00 ns, 2.0000 us/op
WorkloadWarmup   6: 1 op, 1900.00 ns, 1.9000 us/op
WorkloadWarmup   7: 1 op, 1700.00 ns, 1.7000 us/op
WorkloadWarmup   8: 1 op, 1700.00 ns, 1.7000 us/op
WorkloadWarmup   9: 1 op, 1900.00 ns, 1.9000 us/op

// BeforeActualRun
WorkloadActual   1: 1 op, 3200.00 ns, 3.2000 us/op
WorkloadActual   2: 1 op, 2400.00 ns, 2.4000 us/op
WorkloadActual   3: 1 op, 2000.00 ns, 2.0000 us/op
WorkloadActual   4: 1 op, 1800.00 ns, 1.8000 us/op
WorkloadActual   5: 1 op, 1800.00 ns, 1.8000 us/op
WorkloadActual   6: 1 op, 1800.00 ns, 1.8000 us/op
WorkloadActual   7: 1 op, 4100.00 ns, 4.1000 us/op
WorkloadActual   8: 1 op, 2100.00 ns, 2.1000 us/op
WorkloadActual   9: 1 op, 3800.00 ns, 3.8000 us/op
WorkloadActual  10: 1 op, 4600.00 ns, 4.6000 us/op
WorkloadActual  11: 1 op, 4500.00 ns, 4.5000 us/op
WorkloadActual  12: 1 op, 4400.00 ns, 4.4000 us/op
WorkloadActual  13: 1 op, 2200.00 ns, 2.2000 us/op
WorkloadActual  14: 1 op, 1900.00 ns, 1.9000 us/op
WorkloadActual  15: 1 op, 1900.00 ns, 1.9000 us/op
WorkloadActual  16: 1 op, 1700.00 ns, 1.7000 us/op
WorkloadActual  17: 1 op, 1700.00 ns, 1.7000 us/op
WorkloadActual  18: 1 op, 1900.00 ns, 1.9000 us/op
WorkloadActual  19: 1 op, 1800.00 ns, 1.8000 us/op
WorkloadActual  20: 1 op, 1800.00 ns, 1.8000 us/op
WorkloadActual  21: 1 op, 1900.00 ns, 1.9000 us/op
WorkloadActual  22: 1 op, 1900.00 ns, 1.9000 us/op
WorkloadActual  23: 1 op, 1800.00 ns, 1.8000 us/op
WorkloadActual  24: 1 op, 1800.00 ns, 1.8000 us/op
WorkloadActual  25: 1 op, 1900.00 ns, 1.9000 us/op
WorkloadActual  26: 1 op, 1800.00 ns, 1.8000 us/op
WorkloadActual  27: 1 op, 2600.00 ns, 2.6000 us/op
WorkloadActual  28: 1 op, 2000.00 ns, 2.0000 us/op
WorkloadActual  29: 1 op, 1900.00 ns, 1.9000 us/op
WorkloadActual  30: 1 op, 1900.00 ns, 1.9000 us/op
WorkloadActual  31: 1 op, 2000.00 ns, 2.0000 us/op
WorkloadActual  32: 1 op, 2000.00 ns, 2.0000 us/op
WorkloadActual  33: 1 op, 1900.00 ns, 1.9000 us/op
WorkloadActual  34: 1 op, 2800.00 ns, 2.8000 us/op
WorkloadActual  35: 1 op, 5100.00 ns, 5.1000 us/op
WorkloadActual  36: 1 op, 4500.00 ns, 4.5000 us/op
WorkloadActual  37: 1 op, 2200.00 ns, 2.2000 us/op
WorkloadActual  38: 1 op, 2200.00 ns, 2.2000 us/op
WorkloadActual  39: 1 op, 1900.00 ns, 1.9000 us/op
WorkloadActual  40: 1 op, 2200.00 ns, 2.2000 us/op
WorkloadActual  41: 1 op, 2200.00 ns, 2.2000 us/op
WorkloadActual  42: 1 op, 1800.00 ns, 1.8000 us/op
WorkloadActual  43: 1 op, 1900.00 ns, 1.9000 us/op
WorkloadActual  44: 1 op, 1800.00 ns, 1.8000 us/op
WorkloadActual  45: 1 op, 1800.00 ns, 1.8000 us/op
WorkloadActual  46: 1 op, 1800.00 ns, 1.8000 us/op
WorkloadActual  47: 1 op, 1800.00 ns, 1.8000 us/op
WorkloadActual  48: 1 op, 1900.00 ns, 1.9000 us/op
WorkloadActual  49: 1 op, 1800.00 ns, 1.8000 us/op
WorkloadActual  50: 1 op, 1900.00 ns, 1.9000 us/op
WorkloadActual  51: 1 op, 1900.00 ns, 1.9000 us/op
WorkloadActual  52: 1 op, 1800.00 ns, 1.8000 us/op
WorkloadActual  53: 1 op, 1900.00 ns, 1.9000 us/op
WorkloadActual  54: 1 op, 1800.00 ns, 1.8000 us/op
WorkloadActual  55: 1 op, 1800.00 ns, 1.8000 us/op
WorkloadActual  56: 1 op, 1900.00 ns, 1.9000 us/op
WorkloadActual  57: 1 op, 1800.00 ns, 1.8000 us/op
WorkloadActual  58: 1 op, 5100.00 ns, 5.1000 us/op
WorkloadActual  59: 1 op, 2700.00 ns, 2.7000 us/op
WorkloadActual  60: 1 op, 4600.00 ns, 4.6000 us/op
WorkloadActual  61: 1 op, 2200.00 ns, 2.2000 us/op
WorkloadActual  62: 1 op, 2000.00 ns, 2.0000 us/op
WorkloadActual  63: 1 op, 2000.00 ns, 2.0000 us/op
WorkloadActual  64: 1 op, 1800.00 ns, 1.8000 us/op
WorkloadActual  65: 1 op, 1800.00 ns, 1.8000 us/op
WorkloadActual  66: 1 op, 2000.00 ns, 2.0000 us/op
WorkloadActual  67: 1 op, 2800.00 ns, 2.8000 us/op
WorkloadActual  68: 1 op, 2400.00 ns, 2.4000 us/op
WorkloadActual  69: 1 op, 1900.00 ns, 1.9000 us/op
WorkloadActual  70: 1 op, 1900.00 ns, 1.9000 us/op
WorkloadActual  71: 1 op, 1700.00 ns, 1.7000 us/op
WorkloadActual  72: 1 op, 1700.00 ns, 1.7000 us/op
WorkloadActual  73: 1 op, 1900.00 ns, 1.9000 us/op
WorkloadActual  74: 1 op, 1800.00 ns, 1.8000 us/op
WorkloadActual  75: 1 op, 1800.00 ns, 1.8000 us/op
WorkloadActual  76: 1 op, 2400.00 ns, 2.4000 us/op
WorkloadActual  77: 1 op, 2200.00 ns, 2.2000 us/op
WorkloadActual  78: 1 op, 2300.00 ns, 2.3000 us/op
WorkloadActual  79: 1 op, 2200.00 ns, 2.2000 us/op
WorkloadActual  80: 1 op, 2400.00 ns, 2.4000 us/op
WorkloadActual  81: 1 op, 5200.00 ns, 5.2000 us/op
WorkloadActual  82: 1 op, 4300.00 ns, 4.3000 us/op
WorkloadActual  83: 1 op, 3200.00 ns, 3.2000 us/op
WorkloadActual  84: 1 op, 2700.00 ns, 2.7000 us/op
WorkloadActual  85: 1 op, 5400.00 ns, 5.4000 us/op
WorkloadActual  86: 1 op, 3300.00 ns, 3.3000 us/op
WorkloadActual  87: 1 op, 2500.00 ns, 2.5000 us/op
WorkloadActual  88: 1 op, 2300.00 ns, 2.3000 us/op
WorkloadActual  89: 1 op, 2400.00 ns, 2.4000 us/op
WorkloadActual  90: 1 op, 2400.00 ns, 2.4000 us/op
WorkloadActual  91: 1 op, 2400.00 ns, 2.4000 us/op
WorkloadActual  92: 1 op, 2400.00 ns, 2.4000 us/op
WorkloadActual  93: 1 op, 2300.00 ns, 2.3000 us/op
WorkloadActual  94: 1 op, 2400.00 ns, 2.4000 us/op
WorkloadActual  95: 1 op, 2300.00 ns, 2.3000 us/op
WorkloadActual  96: 1 op, 2300.00 ns, 2.3000 us/op
WorkloadActual  97: 1 op, 2300.00 ns, 2.3000 us/op
WorkloadActual  98: 1 op, 2400.00 ns, 2.4000 us/op
WorkloadActual  99: 1 op, 2300.00 ns, 2.3000 us/op
WorkloadActual  100: 1 op, 2400.00 ns, 2.4000 us/op

// AfterActualRun
WorkloadResult   1: 1 op, 3100.00 ns, 3.1000 us/op
WorkloadResult   2: 1 op, 2300.00 ns, 2.3000 us/op
WorkloadResult   3: 1 op, 1900.00 ns, 1.9000 us/op
WorkloadResult   4: 1 op, 1700.00 ns, 1.7000 us/op
WorkloadResult   5: 1 op, 1700.00 ns, 1.7000 us/op
WorkloadResult   6: 1 op, 1700.00 ns, 1.7000 us/op
WorkloadResult   7: 1 op, 2000.00 ns, 2.0000 us/op
WorkloadResult   8: 1 op, 2100.00 ns, 2.1000 us/op
WorkloadResult   9: 1 op, 1800.00 ns, 1.8000 us/op
WorkloadResult  10: 1 op, 1800.00 ns, 1.8000 us/op
WorkloadResult  11: 1 op, 1600.00 ns, 1.6000 us/op
WorkloadResult  12: 1 op, 1600.00 ns, 1.6000 us/op
WorkloadResult  13: 1 op, 1800.00 ns, 1.8000 us/op
WorkloadResult  14: 1 op, 1700.00 ns, 1.7000 us/op
WorkloadResult  15: 1 op, 1700.00 ns, 1.7000 us/op
WorkloadResult  16: 1 op, 1800.00 ns, 1.8000 us/op
WorkloadResult  17: 1 op, 1800.00 ns, 1.8000 us/op
WorkloadResult  18: 1 op, 1700.00 ns, 1.7000 us/op
WorkloadResult  19: 1 op, 1700.00 ns, 1.7000 us/op
WorkloadResult  20: 1 op, 1800.00 ns, 1.8000 us/op
WorkloadResult  21: 1 op, 1700.00 ns, 1.7000 us/op
WorkloadResult  22: 1 op, 2500.00 ns, 2.5000 us/op
WorkloadResult  23: 1 op, 1900.00 ns, 1.9000 us/op
WorkloadResult  24: 1 op, 1800.00 ns, 1.8000 us/op
WorkloadResult  25: 1 op, 1800.00 ns, 1.8000 us/op
WorkloadResult  26: 1 op, 1900.00 ns, 1.9000 us/op
WorkloadResult  27: 1 op, 1900.00 ns, 1.9000 us/op
WorkloadResult  28: 1 op, 1800.00 ns, 1.8000 us/op
WorkloadResult  29: 1 op, 2700.00 ns, 2.7000 us/op
WorkloadResult  30: 1 op, 2100.00 ns, 2.1000 us/op
WorkloadResult  31: 1 op, 2100.00 ns, 2.1000 us/op
WorkloadResult  32: 1 op, 1800.00 ns, 1.8000 us/op
WorkloadResult  33: 1 op, 2100.00 ns, 2.1000 us/op
WorkloadResult  34: 1 op, 2100.00 ns, 2.1000 us/op
WorkloadResult  35: 1 op, 1700.00 ns, 1.7000 us/op
WorkloadResult  36: 1 op, 1800.00 ns, 1.8000 us/op
WorkloadResult  37: 1 op, 1700.00 ns, 1.7000 us/op
WorkloadResult  38: 1 op, 1700.00 ns, 1.7000 us/op
WorkloadResult  39: 1 op, 1700.00 ns, 1.7000 us/op
WorkloadResult  40: 1 op, 1700.00 ns, 1.7000 us/op
WorkloadResult  41: 1 op, 1800.00 ns, 1.8000 us/op
WorkloadResult  42: 1 op, 1700.00 ns, 1.7000 us/op
WorkloadResult  43: 1 op, 1800.00 ns, 1.8000 us/op
WorkloadResult  44: 1 op, 1800.00 ns, 1.8000 us/op
WorkloadResult  45: 1 op, 1700.00 ns, 1.7000 us/op
WorkloadResult  46: 1 op, 1800.00 ns, 1.8000 us/op
WorkloadResult  47: 1 op, 1700.00 ns, 1.7000 us/op
WorkloadResult  48: 1 op, 1700.00 ns, 1.7000 us/op
WorkloadResult  49: 1 op, 1800.00 ns, 1.8000 us/op
WorkloadResult  50: 1 op, 1700.00 ns, 1.7000 us/op
WorkloadResult  51: 1 op, 2600.00 ns, 2.6000 us/op
WorkloadResult  52: 1 op, 2100.00 ns, 2.1000 us/op
WorkloadResult  53: 1 op, 1900.00 ns, 1.9000 us/op
WorkloadResult  54: 1 op, 1900.00 ns, 1.9000 us/op
WorkloadResult  55: 1 op, 1700.00 ns, 1.7000 us/op
WorkloadResult  56: 1 op, 1700.00 ns, 1.7000 us/op
WorkloadResult  57: 1 op, 1900.00 ns, 1.9000 us/op
WorkloadResult  58: 1 op, 2700.00 ns, 2.7000 us/op
WorkloadResult  59: 1 op, 2300.00 ns, 2.3000 us/op
WorkloadResult  60: 1 op, 1800.00 ns, 1.8000 us/op
WorkloadResult  61: 1 op, 1800.00 ns, 1.8000 us/op
WorkloadResult  62: 1 op, 1600.00 ns, 1.6000 us/op
WorkloadResult  63: 1 op, 1600.00 ns, 1.6000 us/op
WorkloadResult  64: 1 op, 1800.00 ns, 1.8000 us/op
WorkloadResult  65: 1 op, 1700.00 ns, 1.7000 us/op
WorkloadResult  66: 1 op, 1700.00 ns, 1.7000 us/op
WorkloadResult  67: 1 op, 2300.00 ns, 2.3000 us/op
WorkloadResult  68: 1 op, 2100.00 ns, 2.1000 us/op
WorkloadResult  69: 1 op, 2200.00 ns, 2.2000 us/op
WorkloadResult  70: 1 op, 2100.00 ns, 2.1000 us/op
WorkloadResult  71: 1 op, 2300.00 ns, 2.3000 us/op
WorkloadResult  72: 1 op, 3100.00 ns, 3.1000 us/op
WorkloadResult  73: 1 op, 2600.00 ns, 2.6000 us/op
WorkloadResult  74: 1 op, 3200.00 ns, 3.2000 us/op
WorkloadResult  75: 1 op, 2400.00 ns, 2.4000 us/op
WorkloadResult  76: 1 op, 2200.00 ns, 2.2000 us/op
WorkloadResult  77: 1 op, 2300.00 ns, 2.3000 us/op
WorkloadResult  78: 1 op, 2300.00 ns, 2.3000 us/op
WorkloadResult  79: 1 op, 2300.00 ns, 2.3000 us/op
WorkloadResult  80: 1 op, 2300.00 ns, 2.3000 us/op
WorkloadResult  81: 1 op, 2200.00 ns, 2.2000 us/op
WorkloadResult  82: 1 op, 2300.00 ns, 2.3000 us/op
WorkloadResult  83: 1 op, 2200.00 ns, 2.2000 us/op
WorkloadResult  84: 1 op, 2200.00 ns, 2.2000 us/op
WorkloadResult  85: 1 op, 2200.00 ns, 2.2000 us/op
WorkloadResult  86: 1 op, 2300.00 ns, 2.3000 us/op
WorkloadResult  87: 1 op, 2200.00 ns, 2.2000 us/op
WorkloadResult  88: 1 op, 2300.00 ns, 2.3000 us/op
// GC:  0 0 0 3472 1
// Threading:  0 0 1

// AfterAll
// Benchmark Process 27864 has exited with code 0.

Mean = 1.997 μs, StdErr = 0.038 μs (1.88%), N = 88, StdDev = 0.352 μs
Min = 1.600 μs, Q1 = 1.700 μs, Median = 1.800 μs, Q3 = 2.200 μs, Max = 3.200 μs
IQR = 0.500 μs, LowerFence = 0.950 μs, UpperFence = 2.950 μs
ConfidenceInterval = [1.869 μs; 2.124 μs] (CI 99.9%), Margin = 0.128 μs (6.40% of Mean)
Skewness = 1.35, Kurtosis = 4.68, MValue = 2.63

// ** Remained 13 (86,7%) benchmark(s) to run. Estimated finish 2026-09-11 16:12 (0h 0m from now) **
Setup power plan (GUID: 8c5e7fda-e8bf-4a96-9a85-a6e23a8c635c FriendlyName: High performance)
// **************************
// Benchmark: HierarchyBenchmarks.Remove: Job-UVKQEI(InvocationCount=1, UnrollFactor=1) [NodeCount=100]
// *** Execute ***
// Launch: 1 / 1
// Execute: dotnet 75f716e5-150e-4cac-8489-646df18098a3.dll --anonymousPipes 1872 1880 --benchmarkName "HierarchyBenchmarks.Remove(NodeCount: 100)" --job "InvocationCount=1, UnrollFactor=1" --benchmarkId 2 in D:\HierarchyKit\benchmarks\HierarchyKit.Benchmarks\bin\Release\net10.0\75f716e5-150e-4cac-8489-646df18098a3\bin\Release\net10.0
// BeforeAnythingElse

// Benchmark Process Environment Information:
// BenchmarkDotNet v0.14.0
// Runtime=.NET 10.0.12 (10.0.1226.42308), X64 RyuJIT AVX2
// GC=Non-concurrent Workstation
// HardwareIntrinsics=AVX2,AES,BMI1,BMI2,FMA,LZCNT,PCLMUL,POPCNT,AvxVnni,SERIALIZE VectorSize=256
// Job: Job-QEPMJL(InvocationCount=1, UnrollFactor=1)

OverheadJitting  1: 1 op, 178000.00 ns, 178.0000 us/op
WorkloadJitting  1: 1 op, 1271900.00 ns, 1.2719 ms/op

OverheadWarmup   1: 1 op, 300.00 ns, 300.0000 ns/op
OverheadWarmup   2: 1 op, 200.00 ns, 200.0000 ns/op
OverheadWarmup   3: 1 op, 100.00 ns, 100.0000 ns/op
OverheadWarmup   4: 1 op, 100.00 ns, 100.0000 ns/op
OverheadWarmup   5: 1 op, 200.00 ns, 200.0000 ns/op
OverheadWarmup   6: 1 op, 100.00 ns, 100.0000 ns/op
OverheadWarmup   7: 1 op, 200.00 ns, 200.0000 ns/op

OverheadActual   1: 1 op, 100.00 ns, 100.0000 ns/op
OverheadActual   2: 1 op, 200.00 ns, 200.0000 ns/op
OverheadActual   3: 1 op, 200.00 ns, 200.0000 ns/op
OverheadActual   4: 1 op, 100.00 ns, 100.0000 ns/op
OverheadActual   5: 1 op, 100.00 ns, 100.0000 ns/op
OverheadActual   6: 1 op, 100.00 ns, 100.0000 ns/op
OverheadActual   7: 1 op, 200.00 ns, 200.0000 ns/op
OverheadActual   8: 1 op, 100.00 ns, 100.0000 ns/op
OverheadActual   9: 1 op, 100.00 ns, 100.0000 ns/op
OverheadActual  10: 1 op, 100.00 ns, 100.0000 ns/op
OverheadActual  11: 1 op, 100.00 ns, 100.0000 ns/op
OverheadActual  12: 1 op, 100.00 ns, 100.0000 ns/op
OverheadActual  13: 1 op, 100.00 ns, 100.0000 ns/op
OverheadActual  14: 1 op, 100.00 ns, 100.0000 ns/op
OverheadActual  15: 1 op, 0.00 ns, 0.0000 ns/op
OverheadActual  16: 1 op, 100.00 ns, 100.0000 ns/op
OverheadActual  17: 1 op, 100.00 ns, 100.0000 ns/op
OverheadActual  18: 1 op, 100.00 ns, 100.0000 ns/op
OverheadActual  19: 1 op, 100.00 ns, 100.0000 ns/op
OverheadActual  20: 1 op, 100.00 ns, 100.0000 ns/op

WorkloadWarmup   1: 1 op, 22500.00 ns, 22.5000 us/op
WorkloadWarmup   2: 1 op, 2700.00 ns, 2.7000 us/op
WorkloadWarmup   3: 1 op, 2100.00 ns, 2.1000 us/op
WorkloadWarmup   4: 1 op, 6100.00 ns, 6.1000 us/op
WorkloadWarmup   5: 1 op, 2000.00 ns, 2.0000 us/op
WorkloadWarmup   6: 1 op, 2100.00 ns, 2.1000 us/op
WorkloadWarmup   7: 1 op, 1800.00 ns, 1.8000 us/op

// BeforeActualRun
WorkloadActual   1: 1 op, 3000.00 ns, 3.0000 us/op
WorkloadActual   2: 1 op, 2500.00 ns, 2.5000 us/op
WorkloadActual   3: 1 op, 2100.00 ns, 2.1000 us/op
WorkloadActual   4: 1 op, 4500.00 ns, 4.5000 us/op
WorkloadActual   5: 1 op, 5100.00 ns, 5.1000 us/op
WorkloadActual   6: 1 op, 5800.00 ns, 5.8000 us/op
WorkloadActual   7: 1 op, 5000.00 ns, 5.0000 us/op
WorkloadActual   8: 1 op, 4900.00 ns, 4.9000 us/op
WorkloadActual   9: 1 op, 2600.00 ns, 2.6000 us/op
WorkloadActual  10: 1 op, 2100.00 ns, 2.1000 us/op
WorkloadActual  11: 1 op, 2300.00 ns, 2.3000 us/op
WorkloadActual  12: 1 op, 2100.00 ns, 2.1000 us/op
WorkloadActual  13: 1 op, 1800.00 ns, 1.8000 us/op
WorkloadActual  14: 1 op, 2000.00 ns, 2.0000 us/op
WorkloadActual  15: 1 op, 1900.00 ns, 1.9000 us/op
WorkloadActual  16: 1 op, 1700.00 ns, 1.7000 us/op
WorkloadActual  17: 1 op, 1900.00 ns, 1.9000 us/op
WorkloadActual  18: 1 op, 1900.00 ns, 1.9000 us/op
WorkloadActual  19: 1 op, 2000.00 ns, 2.0000 us/op
WorkloadActual  20: 1 op, 1700.00 ns, 1.7000 us/op
WorkloadActual  21: 1 op, 1900.00 ns, 1.9000 us/op
WorkloadActual  22: 1 op, 1800.00 ns, 1.8000 us/op
WorkloadActual  23: 1 op, 1700.00 ns, 1.7000 us/op
WorkloadActual  24: 1 op, 1800.00 ns, 1.8000 us/op
WorkloadActual  25: 1 op, 1800.00 ns, 1.8000 us/op
WorkloadActual  26: 1 op, 1800.00 ns, 1.8000 us/op
WorkloadActual  27: 1 op, 1800.00 ns, 1.8000 us/op
WorkloadActual  28: 1 op, 2200.00 ns, 2.2000 us/op
WorkloadActual  29: 1 op, 1800.00 ns, 1.8000 us/op
WorkloadActual  30: 1 op, 5300.00 ns, 5.3000 us/op
WorkloadActual  31: 1 op, 5600.00 ns, 5.6000 us/op
WorkloadActual  32: 1 op, 3100.00 ns, 3.1000 us/op
WorkloadActual  33: 1 op, 2300.00 ns, 2.3000 us/op
WorkloadActual  34: 1 op, 2000.00 ns, 2.0000 us/op
WorkloadActual  35: 1 op, 1900.00 ns, 1.9000 us/op
WorkloadActual  36: 1 op, 1900.00 ns, 1.9000 us/op
WorkloadActual  37: 1 op, 1900.00 ns, 1.9000 us/op
WorkloadActual  38: 1 op, 1700.00 ns, 1.7000 us/op
WorkloadActual  39: 1 op, 1900.00 ns, 1.9000 us/op
WorkloadActual  40: 1 op, 1800.00 ns, 1.8000 us/op
WorkloadActual  41: 1 op, 1800.00 ns, 1.8000 us/op
WorkloadActual  42: 1 op, 2000.00 ns, 2.0000 us/op
WorkloadActual  43: 1 op, 2200.00 ns, 2.2000 us/op
WorkloadActual  44: 1 op, 1700.00 ns, 1.7000 us/op
WorkloadActual  45: 1 op, 1900.00 ns, 1.9000 us/op
WorkloadActual  46: 1 op, 2000.00 ns, 2.0000 us/op
WorkloadActual  47: 1 op, 1800.00 ns, 1.8000 us/op
WorkloadActual  48: 1 op, 1900.00 ns, 1.9000 us/op
WorkloadActual  49: 1 op, 1800.00 ns, 1.8000 us/op
WorkloadActual  50: 1 op, 1800.00 ns, 1.8000 us/op
WorkloadActual  51: 1 op, 1800.00 ns, 1.8000 us/op
WorkloadActual  52: 1 op, 1900.00 ns, 1.9000 us/op
WorkloadActual  53: 1 op, 1800.00 ns, 1.8000 us/op
WorkloadActual  54: 1 op, 1800.00 ns, 1.8000 us/op
WorkloadActual  55: 1 op, 1800.00 ns, 1.8000 us/op
WorkloadActual  56: 1 op, 5200.00 ns, 5.2000 us/op
WorkloadActual  57: 1 op, 3200.00 ns, 3.2000 us/op
WorkloadActual  58: 1 op, 3300.00 ns, 3.3000 us/op
WorkloadActual  59: 1 op, 2200.00 ns, 2.2000 us/op
WorkloadActual  60: 1 op, 5000.00 ns, 5.0000 us/op
WorkloadActual  61: 1 op, 2200.00 ns, 2.2000 us/op
WorkloadActual  62: 1 op, 2000.00 ns, 2.0000 us/op
WorkloadActual  63: 1 op, 2200.00 ns, 2.2000 us/op
WorkloadActual  64: 1 op, 2000.00 ns, 2.0000 us/op
WorkloadActual  65: 1 op, 2100.00 ns, 2.1000 us/op
WorkloadActual  66: 1 op, 1800.00 ns, 1.8000 us/op
WorkloadActual  67: 1 op, 1800.00 ns, 1.8000 us/op
WorkloadActual  68: 1 op, 1700.00 ns, 1.7000 us/op
WorkloadActual  69: 1 op, 1800.00 ns, 1.8000 us/op
WorkloadActual  70: 1 op, 1700.00 ns, 1.7000 us/op
WorkloadActual  71: 1 op, 5300.00 ns, 5.3000 us/op
WorkloadActual  72: 1 op, 4200.00 ns, 4.2000 us/op
WorkloadActual  73: 1 op, 2400.00 ns, 2.4000 us/op
WorkloadActual  74: 1 op, 1900.00 ns, 1.9000 us/op
WorkloadActual  75: 1 op, 2100.00 ns, 2.1000 us/op
WorkloadActual  76: 1 op, 2200.00 ns, 2.2000 us/op
WorkloadActual  77: 1 op, 2000.00 ns, 2.0000 us/op
WorkloadActual  78: 1 op, 2300.00 ns, 2.3000 us/op
WorkloadActual  79: 1 op, 5600.00 ns, 5.6000 us/op
WorkloadActual  80: 1 op, 5900.00 ns, 5.9000 us/op
WorkloadActual  81: 1 op, 3700.00 ns, 3.7000 us/op
WorkloadActual  82: 1 op, 5400.00 ns, 5.4000 us/op
WorkloadActual  83: 1 op, 3000.00 ns, 3.0000 us/op
WorkloadActual  84: 1 op, 5800.00 ns, 5.8000 us/op
WorkloadActual  85: 1 op, 5500.00 ns, 5.5000 us/op
WorkloadActual  86: 1 op, 5200.00 ns, 5.2000 us/op
WorkloadActual  87: 1 op, 5400.00 ns, 5.4000 us/op
WorkloadActual  88: 1 op, 3100.00 ns, 3.1000 us/op
WorkloadActual  89: 1 op, 2400.00 ns, 2.4000 us/op
WorkloadActual  90: 1 op, 2400.00 ns, 2.4000 us/op
WorkloadActual  91: 1 op, 2200.00 ns, 2.2000 us/op
WorkloadActual  92: 1 op, 6000.00 ns, 6.0000 us/op
WorkloadActual  93: 1 op, 5700.00 ns, 5.7000 us/op
WorkloadActual  94: 1 op, 5700.00 ns, 5.7000 us/op
WorkloadActual  95: 1 op, 2900.00 ns, 2.9000 us/op
WorkloadActual  96: 1 op, 5300.00 ns, 5.3000 us/op
WorkloadActual  97: 1 op, 5900.00 ns, 5.9000 us/op
WorkloadActual  98: 1 op, 5800.00 ns, 5.8000 us/op
WorkloadActual  99: 1 op, 5600.00 ns, 5.6000 us/op
WorkloadActual  100: 1 op, 3800.00 ns, 3.8000 us/op

// AfterActualRun
WorkloadResult   1: 1 op, 2900.00 ns, 2.9000 us/op
WorkloadResult   2: 1 op, 2400.00 ns, 2.4000 us/op
WorkloadResult   3: 1 op, 2000.00 ns, 2.0000 us/op
WorkloadResult   4: 1 op, 4400.00 ns, 4.4000 us/op
WorkloadResult   5: 1 op, 5000.00 ns, 5.0000 us/op
WorkloadResult   6: 1 op, 5700.00 ns, 5.7000 us/op
WorkloadResult   7: 1 op, 4900.00 ns, 4.9000 us/op
WorkloadResult   8: 1 op, 4800.00 ns, 4.8000 us/op
WorkloadResult   9: 1 op, 2500.00 ns, 2.5000 us/op
WorkloadResult  10: 1 op, 2000.00 ns, 2.0000 us/op
WorkloadResult  11: 1 op, 2200.00 ns, 2.2000 us/op
WorkloadResult  12: 1 op, 2000.00 ns, 2.0000 us/op
WorkloadResult  13: 1 op, 1700.00 ns, 1.7000 us/op
WorkloadResult  14: 1 op, 1900.00 ns, 1.9000 us/op
WorkloadResult  15: 1 op, 1800.00 ns, 1.8000 us/op
WorkloadResult  16: 1 op, 1600.00 ns, 1.6000 us/op
WorkloadResult  17: 1 op, 1800.00 ns, 1.8000 us/op
WorkloadResult  18: 1 op, 1800.00 ns, 1.8000 us/op
WorkloadResult  19: 1 op, 1900.00 ns, 1.9000 us/op
WorkloadResult  20: 1 op, 1600.00 ns, 1.6000 us/op
WorkloadResult  21: 1 op, 1800.00 ns, 1.8000 us/op
WorkloadResult  22: 1 op, 1700.00 ns, 1.7000 us/op
WorkloadResult  23: 1 op, 1600.00 ns, 1.6000 us/op
WorkloadResult  24: 1 op, 1700.00 ns, 1.7000 us/op
WorkloadResult  25: 1 op, 1700.00 ns, 1.7000 us/op
WorkloadResult  26: 1 op, 1700.00 ns, 1.7000 us/op
WorkloadResult  27: 1 op, 1700.00 ns, 1.7000 us/op
WorkloadResult  28: 1 op, 2100.00 ns, 2.1000 us/op
WorkloadResult  29: 1 op, 1700.00 ns, 1.7000 us/op
WorkloadResult  30: 1 op, 5200.00 ns, 5.2000 us/op
WorkloadResult  31: 1 op, 5500.00 ns, 5.5000 us/op
WorkloadResult  32: 1 op, 3000.00 ns, 3.0000 us/op
WorkloadResult  33: 1 op, 2200.00 ns, 2.2000 us/op
WorkloadResult  34: 1 op, 1900.00 ns, 1.9000 us/op
WorkloadResult  35: 1 op, 1800.00 ns, 1.8000 us/op
WorkloadResult  36: 1 op, 1800.00 ns, 1.8000 us/op
WorkloadResult  37: 1 op, 1800.00 ns, 1.8000 us/op
WorkloadResult  38: 1 op, 1600.00 ns, 1.6000 us/op
WorkloadResult  39: 1 op, 1800.00 ns, 1.8000 us/op
WorkloadResult  40: 1 op, 1700.00 ns, 1.7000 us/op
WorkloadResult  41: 1 op, 1700.00 ns, 1.7000 us/op
WorkloadResult  42: 1 op, 1900.00 ns, 1.9000 us/op
WorkloadResult  43: 1 op, 2100.00 ns, 2.1000 us/op
WorkloadResult  44: 1 op, 1600.00 ns, 1.6000 us/op
WorkloadResult  45: 1 op, 1800.00 ns, 1.8000 us/op
WorkloadResult  46: 1 op, 1900.00 ns, 1.9000 us/op
WorkloadResult  47: 1 op, 1700.00 ns, 1.7000 us/op
WorkloadResult  48: 1 op, 1800.00 ns, 1.8000 us/op
WorkloadResult  49: 1 op, 1700.00 ns, 1.7000 us/op
WorkloadResult  50: 1 op, 1700.00 ns, 1.7000 us/op
WorkloadResult  51: 1 op, 1700.00 ns, 1.7000 us/op
WorkloadResult  52: 1 op, 1800.00 ns, 1.8000 us/op
WorkloadResult  53: 1 op, 1700.00 ns, 1.7000 us/op
WorkloadResult  54: 1 op, 1700.00 ns, 1.7000 us/op
WorkloadResult  55: 1 op, 1700.00 ns, 1.7000 us/op
WorkloadResult  56: 1 op, 5100.00 ns, 5.1000 us/op
WorkloadResult  57: 1 op, 3100.00 ns, 3.1000 us/op
WorkloadResult  58: 1 op, 3200.00 ns, 3.2000 us/op
WorkloadResult  59: 1 op, 2100.00 ns, 2.1000 us/op
WorkloadResult  60: 1 op, 4900.00 ns, 4.9000 us/op
WorkloadResult  61: 1 op, 2100.00 ns, 2.1000 us/op
WorkloadResult  62: 1 op, 1900.00 ns, 1.9000 us/op
WorkloadResult  63: 1 op, 2100.00 ns, 2.1000 us/op
WorkloadResult  64: 1 op, 1900.00 ns, 1.9000 us/op
WorkloadResult  65: 1 op, 2000.00 ns, 2.0000 us/op
WorkloadResult  66: 1 op, 1700.00 ns, 1.7000 us/op
WorkloadResult  67: 1 op, 1700.00 ns, 1.7000 us/op
WorkloadResult  68: 1 op, 1600.00 ns, 1.6000 us/op
WorkloadResult  69: 1 op, 1700.00 ns, 1.7000 us/op
WorkloadResult  70: 1 op, 1600.00 ns, 1.6000 us/op
WorkloadResult  71: 1 op, 5200.00 ns, 5.2000 us/op
WorkloadResult  72: 1 op, 4100.00 ns, 4.1000 us/op
WorkloadResult  73: 1 op, 2300.00 ns, 2.3000 us/op
WorkloadResult  74: 1 op, 1800.00 ns, 1.8000 us/op
WorkloadResult  75: 1 op, 2000.00 ns, 2.0000 us/op
WorkloadResult  76: 1 op, 2100.00 ns, 2.1000 us/op
WorkloadResult  77: 1 op, 1900.00 ns, 1.9000 us/op
WorkloadResult  78: 1 op, 2200.00 ns, 2.2000 us/op
WorkloadResult  79: 1 op, 5500.00 ns, 5.5000 us/op
WorkloadResult  80: 1 op, 5800.00 ns, 5.8000 us/op
WorkloadResult  81: 1 op, 3600.00 ns, 3.6000 us/op
WorkloadResult  82: 1 op, 5300.00 ns, 5.3000 us/op
WorkloadResult  83: 1 op, 2900.00 ns, 2.9000 us/op
WorkloadResult  84: 1 op, 5700.00 ns, 5.7000 us/op
WorkloadResult  85: 1 op, 5400.00 ns, 5.4000 us/op
WorkloadResult  86: 1 op, 5100.00 ns, 5.1000 us/op
WorkloadResult  87: 1 op, 5300.00 ns, 5.3000 us/op
WorkloadResult  88: 1 op, 3000.00 ns, 3.0000 us/op
WorkloadResult  89: 1 op, 2300.00 ns, 2.3000 us/op
WorkloadResult  90: 1 op, 2300.00 ns, 2.3000 us/op
WorkloadResult  91: 1 op, 2100.00 ns, 2.1000 us/op
WorkloadResult  92: 1 op, 5900.00 ns, 5.9000 us/op
WorkloadResult  93: 1 op, 5600.00 ns, 5.6000 us/op
WorkloadResult  94: 1 op, 5600.00 ns, 5.6000 us/op
WorkloadResult  95: 1 op, 2800.00 ns, 2.8000 us/op
WorkloadResult  96: 1 op, 5200.00 ns, 5.2000 us/op
WorkloadResult  97: 1 op, 5800.00 ns, 5.8000 us/op
WorkloadResult  98: 1 op, 5700.00 ns, 5.7000 us/op
WorkloadResult  99: 1 op, 5500.00 ns, 5.5000 us/op
WorkloadResult  100: 1 op, 3700.00 ns, 3.7000 us/op
// GC:  0 0 0 3216 1
// Threading:  0 0 1

// AfterAll
// Benchmark Process 27680 has exited with code 0.

Mean = 2.838 μs, StdErr = 0.150 μs (5.27%), N = 100, StdDev = 1.495 μs
Min = 1.600 μs, Q1 = 1.700 μs, Median = 2.000 μs, Q3 = 3.800 μs, Max = 5.900 μs
IQR = 2.100 μs, LowerFence = -1.450 μs, UpperFence = 6.950 μs
ConfidenceInterval = [2.331 μs; 3.345 μs] (CI 99.9%), Margin = 0.507 μs (17.87% of Mean)
Skewness = 1, Kurtosis = 2.26, MValue = 2.68

// ** Remained 12 (80,0%) benchmark(s) to run. Estimated finish 2026-09-11 16:12 (0h 0m from now) **
Setup power plan (GUID: 8c5e7fda-e8bf-4a96-9a85-a6e23a8c635c FriendlyName: High performance)
// **************************
// Benchmark: HierarchyBenchmarks.GetChildren: Job-UVKQEI(InvocationCount=1, UnrollFactor=1) [NodeCount=100]
// *** Execute ***
// Launch: 1 / 1
// Execute: dotnet 75f716e5-150e-4cac-8489-646df18098a3.dll --anonymousPipes 1860 1868 --benchmarkName "HierarchyBenchmarks.GetChildren(NodeCount: 100)" --job "InvocationCount=1, UnrollFactor=1" --benchmarkId 3 in D:\HierarchyKit\benchmarks\HierarchyKit.Benchmarks\bin\Release\net10.0\75f716e5-150e-4cac-8489-646df18098a3\bin\Release\net10.0
// BeforeAnythingElse

// Benchmark Process Environment Information:
// BenchmarkDotNet v0.14.0
// Runtime=.NET 10.0.12 (10.0.1226.42308), X64 RyuJIT AVX2
// GC=Non-concurrent Workstation
// HardwareIntrinsics=AVX2,AES,BMI1,BMI2,FMA,LZCNT,PCLMUL,POPCNT,AvxVnni,SERIALIZE VectorSize=256
// Job: Job-NUDLZB(InvocationCount=1, UnrollFactor=1)

OverheadJitting  1: 1 op, 178900.00 ns, 178.9000 us/op
WorkloadJitting  1: 1 op, 739700.00 ns, 739.7000 us/op

OverheadWarmup   1: 1 op, 300.00 ns, 300.0000 ns/op
OverheadWarmup   2: 1 op, 100.00 ns, 100.0000 ns/op
OverheadWarmup   3: 1 op, 100.00 ns, 100.0000 ns/op
OverheadWarmup   4: 1 op, 0.00 ns, 0.0000 ns/op
OverheadWarmup   5: 1 op, 200.00 ns, 200.0000 ns/op
OverheadWarmup   6: 1 op, 200.00 ns, 200.0000 ns/op

OverheadActual   1: 1 op, 100.00 ns, 100.0000 ns/op
OverheadActual   2: 1 op, 200.00 ns, 200.0000 ns/op
OverheadActual   3: 1 op, 100.00 ns, 100.0000 ns/op
OverheadActual   4: 1 op, 100.00 ns, 100.0000 ns/op
OverheadActual   5: 1 op, 100.00 ns, 100.0000 ns/op
OverheadActual   6: 1 op, 100.00 ns, 100.0000 ns/op
OverheadActual   7: 1 op, 100.00 ns, 100.0000 ns/op
OverheadActual   8: 1 op, 0.00 ns, 0.0000 ns/op
OverheadActual   9: 1 op, 0.00 ns, 0.0000 ns/op
OverheadActual  10: 1 op, 100.00 ns, 100.0000 ns/op
OverheadActual  11: 1 op, 100.00 ns, 100.0000 ns/op
OverheadActual  12: 1 op, 100.00 ns, 100.0000 ns/op
OverheadActual  13: 1 op, 100.00 ns, 100.0000 ns/op
OverheadActual  14: 1 op, 100.00 ns, 100.0000 ns/op
OverheadActual  15: 1 op, 100.00 ns, 100.0000 ns/op
OverheadActual  16: 1 op, 100.00 ns, 100.0000 ns/op
OverheadActual  17: 1 op, 0.00 ns, 0.0000 ns/op
OverheadActual  18: 1 op, 100.00 ns, 100.0000 ns/op
OverheadActual  19: 1 op, 0.00 ns, 0.0000 ns/op
OverheadActual  20: 1 op, 0.00 ns, 0.0000 ns/op

WorkloadWarmup   1: 1 op, 9300.00 ns, 9.3000 us/op
WorkloadWarmup   2: 1 op, 2600.00 ns, 2.6000 us/op
WorkloadWarmup   3: 1 op, 2500.00 ns, 2.5000 us/op
WorkloadWarmup   4: 1 op, 2400.00 ns, 2.4000 us/op
WorkloadWarmup   5: 1 op, 2300.00 ns, 2.3000 us/op
WorkloadWarmup   6: 1 op, 2400.00 ns, 2.4000 us/op
WorkloadWarmup   7: 1 op, 2300.00 ns, 2.3000 us/op
WorkloadWarmup   8: 1 op, 2300.00 ns, 2.3000 us/op
WorkloadWarmup   9: 1 op, 2200.00 ns, 2.2000 us/op

// BeforeActualRun
WorkloadActual   1: 1 op, 5900.00 ns, 5.9000 us/op
WorkloadActual   2: 1 op, 2800.00 ns, 2.8000 us/op
WorkloadActual   3: 1 op, 2400.00 ns, 2.4000 us/op
WorkloadActual   4: 1 op, 2600.00 ns, 2.6000 us/op
WorkloadActual   5: 1 op, 2200.00 ns, 2.2000 us/op
WorkloadActual   6: 1 op, 2300.00 ns, 2.3000 us/op
WorkloadActual   7: 1 op, 2400.00 ns, 2.4000 us/op
WorkloadActual   8: 1 op, 2300.00 ns, 2.3000 us/op
WorkloadActual   9: 1 op, 2300.00 ns, 2.3000 us/op
WorkloadActual  10: 1 op, 2200.00 ns, 2.2000 us/op
WorkloadActual  11: 1 op, 2300.00 ns, 2.3000 us/op
WorkloadActual  12: 1 op, 2300.00 ns, 2.3000 us/op
WorkloadActual  13: 1 op, 2300.00 ns, 2.3000 us/op
WorkloadActual  14: 1 op, 2500.00 ns, 2.5000 us/op
WorkloadActual  15: 1 op, 2200.00 ns, 2.2000 us/op
WorkloadActual  16: 1 op, 2400.00 ns, 2.4000 us/op
WorkloadActual  17: 1 op, 2300.00 ns, 2.3000 us/op
WorkloadActual  18: 1 op, 2400.00 ns, 2.4000 us/op
WorkloadActual  19: 1 op, 2100.00 ns, 2.1000 us/op
WorkloadActual  20: 1 op, 2300.00 ns, 2.3000 us/op
WorkloadActual  21: 1 op, 2200.00 ns, 2.2000 us/op
WorkloadActual  22: 1 op, 2300.00 ns, 2.3000 us/op
WorkloadActual  23: 1 op, 2400.00 ns, 2.4000 us/op
WorkloadActual  24: 1 op, 2300.00 ns, 2.3000 us/op
WorkloadActual  25: 1 op, 2400.00 ns, 2.4000 us/op
WorkloadActual  26: 1 op, 2400.00 ns, 2.4000 us/op
WorkloadActual  27: 1 op, 6200.00 ns, 6.2000 us/op
WorkloadActual  28: 1 op, 3600.00 ns, 3.6000 us/op
WorkloadActual  29: 1 op, 4800.00 ns, 4.8000 us/op
WorkloadActual  30: 1 op, 2800.00 ns, 2.8000 us/op
WorkloadActual  31: 1 op, 2300.00 ns, 2.3000 us/op
WorkloadActual  32: 1 op, 2500.00 ns, 2.5000 us/op
WorkloadActual  33: 1 op, 2300.00 ns, 2.3000 us/op
WorkloadActual  34: 1 op, 2200.00 ns, 2.2000 us/op
WorkloadActual  35: 1 op, 2300.00 ns, 2.3000 us/op
WorkloadActual  36: 1 op, 2200.00 ns, 2.2000 us/op
WorkloadActual  37: 1 op, 2200.00 ns, 2.2000 us/op
WorkloadActual  38: 1 op, 2300.00 ns, 2.3000 us/op
WorkloadActual  39: 1 op, 2300.00 ns, 2.3000 us/op
WorkloadActual  40: 1 op, 2200.00 ns, 2.2000 us/op
WorkloadActual  41: 1 op, 2300.00 ns, 2.3000 us/op
WorkloadActual  42: 1 op, 2300.00 ns, 2.3000 us/op
WorkloadActual  43: 1 op, 2200.00 ns, 2.2000 us/op
WorkloadActual  44: 1 op, 2200.00 ns, 2.2000 us/op
WorkloadActual  45: 1 op, 2200.00 ns, 2.2000 us/op
WorkloadActual  46: 1 op, 2200.00 ns, 2.2000 us/op
WorkloadActual  47: 1 op, 2200.00 ns, 2.2000 us/op
WorkloadActual  48: 1 op, 2400.00 ns, 2.4000 us/op
WorkloadActual  49: 1 op, 2400.00 ns, 2.4000 us/op
WorkloadActual  50: 1 op, 2200.00 ns, 2.2000 us/op
WorkloadActual  51: 1 op, 4700.00 ns, 4.7000 us/op
WorkloadActual  52: 1 op, 4900.00 ns, 4.9000 us/op
WorkloadActual  53: 1 op, 4900.00 ns, 4.9000 us/op
WorkloadActual  54: 1 op, 3700.00 ns, 3.7000 us/op
WorkloadActual  55: 1 op, 2500.00 ns, 2.5000 us/op
WorkloadActual  56: 1 op, 2300.00 ns, 2.3000 us/op
WorkloadActual  57: 1 op, 2300.00 ns, 2.3000 us/op
WorkloadActual  58: 1 op, 2500.00 ns, 2.5000 us/op
WorkloadActual  59: 1 op, 2200.00 ns, 2.2000 us/op
WorkloadActual  60: 1 op, 2500.00 ns, 2.5000 us/op
WorkloadActual  61: 1 op, 2200.00 ns, 2.2000 us/op
WorkloadActual  62: 1 op, 2300.00 ns, 2.3000 us/op
WorkloadActual  63: 1 op, 2000.00 ns, 2.0000 us/op
WorkloadActual  64: 1 op, 2300.00 ns, 2.3000 us/op
WorkloadActual  65: 1 op, 2300.00 ns, 2.3000 us/op
WorkloadActual  66: 1 op, 2300.00 ns, 2.3000 us/op
WorkloadActual  67: 1 op, 2200.00 ns, 2.2000 us/op
WorkloadActual  68: 1 op, 2300.00 ns, 2.3000 us/op
WorkloadActual  69: 1 op, 2300.00 ns, 2.3000 us/op
WorkloadActual  70: 1 op, 2200.00 ns, 2.2000 us/op
WorkloadActual  71: 1 op, 2200.00 ns, 2.2000 us/op
WorkloadActual  72: 1 op, 2300.00 ns, 2.3000 us/op
WorkloadActual  73: 1 op, 2400.00 ns, 2.4000 us/op
WorkloadActual  74: 1 op, 2400.00 ns, 2.4000 us/op
WorkloadActual  75: 1 op, 2600.00 ns, 2.6000 us/op
WorkloadActual  76: 1 op, 2700.00 ns, 2.7000 us/op
WorkloadActual  77: 1 op, 6100.00 ns, 6.1000 us/op
WorkloadActual  78: 1 op, 3900.00 ns, 3.9000 us/op
WorkloadActual  79: 1 op, 3900.00 ns, 3.9000 us/op
WorkloadActual  80: 1 op, 2700.00 ns, 2.7000 us/op
WorkloadActual  81: 1 op, 2900.00 ns, 2.9000 us/op
WorkloadActual  82: 1 op, 2900.00 ns, 2.9000 us/op
WorkloadActual  83: 1 op, 2600.00 ns, 2.6000 us/op
WorkloadActual  84: 1 op, 2600.00 ns, 2.6000 us/op
WorkloadActual  85: 1 op, 2600.00 ns, 2.6000 us/op
WorkloadActual  86: 1 op, 2600.00 ns, 2.6000 us/op
WorkloadActual  87: 1 op, 4700.00 ns, 4.7000 us/op
WorkloadActual  88: 1 op, 3200.00 ns, 3.2000 us/op
WorkloadActual  89: 1 op, 2700.00 ns, 2.7000 us/op
WorkloadActual  90: 1 op, 2700.00 ns, 2.7000 us/op
WorkloadActual  91: 1 op, 2600.00 ns, 2.6000 us/op
WorkloadActual  92: 1 op, 2700.00 ns, 2.7000 us/op
WorkloadActual  93: 1 op, 2600.00 ns, 2.6000 us/op
WorkloadActual  94: 1 op, 2800.00 ns, 2.8000 us/op
WorkloadActual  95: 1 op, 2600.00 ns, 2.6000 us/op
WorkloadActual  96: 1 op, 5200.00 ns, 5.2000 us/op
WorkloadActual  97: 1 op, 7500.00 ns, 7.5000 us/op
WorkloadActual  98: 1 op, 5300.00 ns, 5.3000 us/op
WorkloadActual  99: 1 op, 4700.00 ns, 4.7000 us/op
WorkloadActual  100: 1 op, 5100.00 ns, 5.1000 us/op

// AfterActualRun
WorkloadResult   1: 1 op, 2700.00 ns, 2.7000 us/op
WorkloadResult   2: 1 op, 2300.00 ns, 2.3000 us/op
WorkloadResult   3: 1 op, 2500.00 ns, 2.5000 us/op
WorkloadResult   4: 1 op, 2100.00 ns, 2.1000 us/op
WorkloadResult   5: 1 op, 2200.00 ns, 2.2000 us/op
WorkloadResult   6: 1 op, 2300.00 ns, 2.3000 us/op
WorkloadResult   7: 1 op, 2200.00 ns, 2.2000 us/op
WorkloadResult   8: 1 op, 2200.00 ns, 2.2000 us/op
WorkloadResult   9: 1 op, 2100.00 ns, 2.1000 us/op
WorkloadResult  10: 1 op, 2200.00 ns, 2.2000 us/op
WorkloadResult  11: 1 op, 2200.00 ns, 2.2000 us/op
WorkloadResult  12: 1 op, 2200.00 ns, 2.2000 us/op
WorkloadResult  13: 1 op, 2400.00 ns, 2.4000 us/op
WorkloadResult  14: 1 op, 2100.00 ns, 2.1000 us/op
WorkloadResult  15: 1 op, 2300.00 ns, 2.3000 us/op
WorkloadResult  16: 1 op, 2200.00 ns, 2.2000 us/op
WorkloadResult  17: 1 op, 2300.00 ns, 2.3000 us/op
WorkloadResult  18: 1 op, 2000.00 ns, 2.0000 us/op
WorkloadResult  19: 1 op, 2200.00 ns, 2.2000 us/op
WorkloadResult  20: 1 op, 2100.00 ns, 2.1000 us/op
WorkloadResult  21: 1 op, 2200.00 ns, 2.2000 us/op
WorkloadResult  22: 1 op, 2300.00 ns, 2.3000 us/op
WorkloadResult  23: 1 op, 2200.00 ns, 2.2000 us/op
WorkloadResult  24: 1 op, 2300.00 ns, 2.3000 us/op
WorkloadResult  25: 1 op, 2300.00 ns, 2.3000 us/op
WorkloadResult  26: 1 op, 2700.00 ns, 2.7000 us/op
WorkloadResult  27: 1 op, 2200.00 ns, 2.2000 us/op
WorkloadResult  28: 1 op, 2400.00 ns, 2.4000 us/op
WorkloadResult  29: 1 op, 2200.00 ns, 2.2000 us/op
WorkloadResult  30: 1 op, 2100.00 ns, 2.1000 us/op
WorkloadResult  31: 1 op, 2200.00 ns, 2.2000 us/op
WorkloadResult  32: 1 op, 2100.00 ns, 2.1000 us/op
WorkloadResult  33: 1 op, 2100.00 ns, 2.1000 us/op
WorkloadResult  34: 1 op, 2200.00 ns, 2.2000 us/op
WorkloadResult  35: 1 op, 2200.00 ns, 2.2000 us/op
WorkloadResult  36: 1 op, 2100.00 ns, 2.1000 us/op
WorkloadResult  37: 1 op, 2200.00 ns, 2.2000 us/op
WorkloadResult  38: 1 op, 2200.00 ns, 2.2000 us/op
WorkloadResult  39: 1 op, 2100.00 ns, 2.1000 us/op
WorkloadResult  40: 1 op, 2100.00 ns, 2.1000 us/op
WorkloadResult  41: 1 op, 2100.00 ns, 2.1000 us/op
WorkloadResult  42: 1 op, 2100.00 ns, 2.1000 us/op
WorkloadResult  43: 1 op, 2100.00 ns, 2.1000 us/op
WorkloadResult  44: 1 op, 2300.00 ns, 2.3000 us/op
WorkloadResult  45: 1 op, 2300.00 ns, 2.3000 us/op
WorkloadResult  46: 1 op, 2100.00 ns, 2.1000 us/op
WorkloadResult  47: 1 op, 2400.00 ns, 2.4000 us/op
WorkloadResult  48: 1 op, 2200.00 ns, 2.2000 us/op
WorkloadResult  49: 1 op, 2200.00 ns, 2.2000 us/op
WorkloadResult  50: 1 op, 2400.00 ns, 2.4000 us/op
WorkloadResult  51: 1 op, 2100.00 ns, 2.1000 us/op
WorkloadResult  52: 1 op, 2400.00 ns, 2.4000 us/op
WorkloadResult  53: 1 op, 2100.00 ns, 2.1000 us/op
WorkloadResult  54: 1 op, 2200.00 ns, 2.2000 us/op
WorkloadResult  55: 1 op, 1900.00 ns, 1.9000 us/op
WorkloadResult  56: 1 op, 2200.00 ns, 2.2000 us/op
WorkloadResult  57: 1 op, 2200.00 ns, 2.2000 us/op
WorkloadResult  58: 1 op, 2200.00 ns, 2.2000 us/op
WorkloadResult  59: 1 op, 2100.00 ns, 2.1000 us/op
WorkloadResult  60: 1 op, 2200.00 ns, 2.2000 us/op
WorkloadResult  61: 1 op, 2200.00 ns, 2.2000 us/op
WorkloadResult  62: 1 op, 2100.00 ns, 2.1000 us/op
WorkloadResult  63: 1 op, 2100.00 ns, 2.1000 us/op
WorkloadResult  64: 1 op, 2200.00 ns, 2.2000 us/op
WorkloadResult  65: 1 op, 2300.00 ns, 2.3000 us/op
WorkloadResult  66: 1 op, 2300.00 ns, 2.3000 us/op
WorkloadResult  67: 1 op, 2500.00 ns, 2.5000 us/op
WorkloadResult  68: 1 op, 2600.00 ns, 2.6000 us/op
WorkloadResult  69: 1 op, 2600.00 ns, 2.6000 us/op
WorkloadResult  70: 1 op, 2800.00 ns, 2.8000 us/op
WorkloadResult  71: 1 op, 2800.00 ns, 2.8000 us/op
WorkloadResult  72: 1 op, 2500.00 ns, 2.5000 us/op
WorkloadResult  73: 1 op, 2500.00 ns, 2.5000 us/op
WorkloadResult  74: 1 op, 2500.00 ns, 2.5000 us/op
WorkloadResult  75: 1 op, 2500.00 ns, 2.5000 us/op
WorkloadResult  76: 1 op, 3100.00 ns, 3.1000 us/op
WorkloadResult  77: 1 op, 2600.00 ns, 2.6000 us/op
WorkloadResult  78: 1 op, 2600.00 ns, 2.6000 us/op
WorkloadResult  79: 1 op, 2500.00 ns, 2.5000 us/op
WorkloadResult  80: 1 op, 2600.00 ns, 2.6000 us/op
WorkloadResult  81: 1 op, 2500.00 ns, 2.5000 us/op
WorkloadResult  82: 1 op, 2700.00 ns, 2.7000 us/op
WorkloadResult  83: 1 op, 2500.00 ns, 2.5000 us/op
// GC:  0 0 0 1440 1
// Threading:  0 0 1

// AfterAll
// Benchmark Process 26816 has exited with code 0.

Mean = 2.296 μs, StdErr = 0.023 μs (1.02%), N = 83, StdDev = 0.214 μs
Min = 1.900 μs, Q1 = 2.150 μs, Median = 2.200 μs, Q3 = 2.400 μs, Max = 3.100 μs
IQR = 0.250 μs, LowerFence = 1.775 μs, UpperFence = 2.775 μs
ConfidenceInterval = [2.216 μs; 2.376 μs] (CI 99.9%), Margin = 0.080 μs (3.49% of Mean)
Skewness = 1.16, Kurtosis = 4.3, MValue = 3.42

// ** Remained 11 (73,3%) benchmark(s) to run. Estimated finish 2026-09-11 16:12 (0h 0m from now) **
Setup power plan (GUID: 8c5e7fda-e8bf-4a96-9a85-a6e23a8c635c FriendlyName: High performance)
// **************************
// Benchmark: HierarchyBenchmarks.Descendants: Job-UVKQEI(InvocationCount=1, UnrollFactor=1) [NodeCount=100]
// *** Execute ***
// Launch: 1 / 1
// Execute: dotnet 75f716e5-150e-4cac-8489-646df18098a3.dll --anonymousPipes 1868 1544 --benchmarkName "HierarchyBenchmarks.Descendants(NodeCount: 100)" --job "InvocationCount=1, UnrollFactor=1" --benchmarkId 4 in D:\HierarchyKit\benchmarks\HierarchyKit.Benchmarks\bin\Release\net10.0\75f716e5-150e-4cac-8489-646df18098a3\bin\Release\net10.0
// BeforeAnythingElse

// Benchmark Process Environment Information:
// BenchmarkDotNet v0.14.0
// Runtime=.NET 10.0.12 (10.0.1226.42308), X64 RyuJIT AVX2
// GC=Non-concurrent Workstation
// HardwareIntrinsics=AVX2,AES,BMI1,BMI2,FMA,LZCNT,PCLMUL,POPCNT,AvxVnni,SERIALIZE VectorSize=256
// Job: Job-PHUXOP(InvocationCount=1, UnrollFactor=1)

OverheadJitting  1: 1 op, 174400.00 ns, 174.4000 us/op
WorkloadJitting  1: 1 op, 2379800.00 ns, 2.3798 ms/op

OverheadWarmup   1: 1 op, 200.00 ns, 200.0000 ns/op
OverheadWarmup   2: 1 op, 200.00 ns, 200.0000 ns/op
OverheadWarmup   3: 1 op, 200.00 ns, 200.0000 ns/op
OverheadWarmup   4: 1 op, 100.00 ns, 100.0000 ns/op
OverheadWarmup   5: 1 op, 100.00 ns, 100.0000 ns/op

OverheadActual   1: 1 op, 200.00 ns, 200.0000 ns/op
OverheadActual   2: 1 op, 200.00 ns, 200.0000 ns/op
OverheadActual   3: 1 op, 100.00 ns, 100.0000 ns/op
OverheadActual   4: 1 op, 100.00 ns, 100.0000 ns/op
OverheadActual   5: 1 op, 200.00 ns, 200.0000 ns/op
OverheadActual   6: 1 op, 100.00 ns, 100.0000 ns/op
OverheadActual   7: 1 op, 0.00 ns, 0.0000 ns/op
OverheadActual   8: 1 op, 100.00 ns, 100.0000 ns/op
OverheadActual   9: 1 op, 200.00 ns, 200.0000 ns/op
OverheadActual  10: 1 op, 200.00 ns, 200.0000 ns/op
OverheadActual  11: 1 op, 100.00 ns, 100.0000 ns/op
OverheadActual  12: 1 op, 100.00 ns, 100.0000 ns/op
OverheadActual  13: 1 op, 100.00 ns, 100.0000 ns/op
OverheadActual  14: 1 op, 100.00 ns, 100.0000 ns/op
OverheadActual  15: 1 op, 200.00 ns, 200.0000 ns/op
OverheadActual  16: 1 op, 100.00 ns, 100.0000 ns/op
OverheadActual  17: 1 op, 100.00 ns, 100.0000 ns/op
OverheadActual  18: 1 op, 100.00 ns, 100.0000 ns/op
OverheadActual  19: 1 op, 100.00 ns, 100.0000 ns/op
OverheadActual  20: 1 op, 200.00 ns, 200.0000 ns/op

WorkloadWarmup   1: 1 op, 21600.00 ns, 21.6000 us/op
WorkloadWarmup   2: 1 op, 12000.00 ns, 12.0000 us/op
WorkloadWarmup   3: 1 op, 11300.00 ns, 11.3000 us/op
WorkloadWarmup   4: 1 op, 17600.00 ns, 17.6000 us/op
WorkloadWarmup   5: 1 op, 13700.00 ns, 13.7000 us/op
WorkloadWarmup   6: 1 op, 15400.00 ns, 15.4000 us/op
WorkloadWarmup   7: 1 op, 18100.00 ns, 18.1000 us/op
WorkloadWarmup   8: 1 op, 14100.00 ns, 14.1000 us/op

// BeforeActualRun
WorkloadActual   1: 1 op, 16400.00 ns, 16.4000 us/op
WorkloadActual   2: 1 op, 11800.00 ns, 11.8000 us/op
WorkloadActual   3: 1 op, 11500.00 ns, 11.5000 us/op
WorkloadActual   4: 1 op, 11100.00 ns, 11.1000 us/op
WorkloadActual   5: 1 op, 10800.00 ns, 10.8000 us/op
WorkloadActual   6: 1 op, 10300.00 ns, 10.3000 us/op
WorkloadActual   7: 1 op, 12400.00 ns, 12.4000 us/op
WorkloadActual   8: 1 op, 10500.00 ns, 10.5000 us/op
WorkloadActual   9: 1 op, 10100.00 ns, 10.1000 us/op
WorkloadActual  10: 1 op, 10600.00 ns, 10.6000 us/op
WorkloadActual  11: 1 op, 10400.00 ns, 10.4000 us/op
WorkloadActual  12: 1 op, 10600.00 ns, 10.6000 us/op
WorkloadActual  13: 1 op, 10400.00 ns, 10.4000 us/op
WorkloadActual  14: 1 op, 10300.00 ns, 10.3000 us/op
WorkloadActual  15: 1 op, 10000.00 ns, 10.0000 us/op
WorkloadActual  16: 1 op, 10300.00 ns, 10.3000 us/op
WorkloadActual  17: 1 op, 10500.00 ns, 10.5000 us/op
WorkloadActual  18: 1 op, 10300.00 ns, 10.3000 us/op
WorkloadActual  19: 1 op, 10700.00 ns, 10.7000 us/op
WorkloadActual  20: 1 op, 10100.00 ns, 10.1000 us/op
WorkloadActual  21: 1 op, 10600.00 ns, 10.6000 us/op
WorkloadActual  22: 1 op, 10300.00 ns, 10.3000 us/op
WorkloadActual  23: 1 op, 16400.00 ns, 16.4000 us/op
WorkloadActual  24: 1 op, 18100.00 ns, 18.1000 us/op
WorkloadActual  25: 1 op, 17600.00 ns, 17.6000 us/op
WorkloadActual  26: 1 op, 12300.00 ns, 12.3000 us/op
WorkloadActual  27: 1 op, 17500.00 ns, 17.5000 us/op
WorkloadActual  28: 1 op, 11600.00 ns, 11.6000 us/op
WorkloadActual  29: 1 op, 12100.00 ns, 12.1000 us/op
WorkloadActual  30: 1 op, 10800.00 ns, 10.8000 us/op
WorkloadActual  31: 1 op, 10500.00 ns, 10.5000 us/op
WorkloadActual  32: 1 op, 10700.00 ns, 10.7000 us/op
WorkloadActual  33: 1 op, 10700.00 ns, 10.7000 us/op
WorkloadActual  34: 1 op, 10700.00 ns, 10.7000 us/op
WorkloadActual  35: 1 op, 10600.00 ns, 10.6000 us/op
WorkloadActual  36: 1 op, 10400.00 ns, 10.4000 us/op
WorkloadActual  37: 1 op, 10500.00 ns, 10.5000 us/op
WorkloadActual  38: 1 op, 10300.00 ns, 10.3000 us/op
WorkloadActual  39: 1 op, 10300.00 ns, 10.3000 us/op
WorkloadActual  40: 1 op, 10400.00 ns, 10.4000 us/op
WorkloadActual  41: 1 op, 10300.00 ns, 10.3000 us/op
WorkloadActual  42: 1 op, 10400.00 ns, 10.4000 us/op
WorkloadActual  43: 1 op, 10500.00 ns, 10.5000 us/op
WorkloadActual  44: 1 op, 10700.00 ns, 10.7000 us/op
WorkloadActual  45: 1 op, 10400.00 ns, 10.4000 us/op
WorkloadActual  46: 1 op, 10400.00 ns, 10.4000 us/op
WorkloadActual  47: 1 op, 10400.00 ns, 10.4000 us/op

// AfterActualRun
WorkloadResult   1: 1 op, 11400.00 ns, 11.4000 us/op
WorkloadResult   2: 1 op, 11000.00 ns, 11.0000 us/op
WorkloadResult   3: 1 op, 10700.00 ns, 10.7000 us/op
WorkloadResult   4: 1 op, 10200.00 ns, 10.2000 us/op
WorkloadResult   5: 1 op, 10400.00 ns, 10.4000 us/op
WorkloadResult   6: 1 op, 10000.00 ns, 10.0000 us/op
WorkloadResult   7: 1 op, 10500.00 ns, 10.5000 us/op
WorkloadResult   8: 1 op, 10300.00 ns, 10.3000 us/op
WorkloadResult   9: 1 op, 10500.00 ns, 10.5000 us/op
WorkloadResult  10: 1 op, 10300.00 ns, 10.3000 us/op
WorkloadResult  11: 1 op, 10200.00 ns, 10.2000 us/op
WorkloadResult  12: 1 op, 9900.00 ns, 9.9000 us/op
WorkloadResult  13: 1 op, 10200.00 ns, 10.2000 us/op
WorkloadResult  14: 1 op, 10400.00 ns, 10.4000 us/op
WorkloadResult  15: 1 op, 10200.00 ns, 10.2000 us/op
WorkloadResult  16: 1 op, 10600.00 ns, 10.6000 us/op
WorkloadResult  17: 1 op, 10000.00 ns, 10.0000 us/op
WorkloadResult  18: 1 op, 10500.00 ns, 10.5000 us/op
WorkloadResult  19: 1 op, 10200.00 ns, 10.2000 us/op
WorkloadResult  20: 1 op, 11500.00 ns, 11.5000 us/op
WorkloadResult  21: 1 op, 10700.00 ns, 10.7000 us/op
WorkloadResult  22: 1 op, 10400.00 ns, 10.4000 us/op
WorkloadResult  23: 1 op, 10600.00 ns, 10.6000 us/op
WorkloadResult  24: 1 op, 10600.00 ns, 10.6000 us/op
WorkloadResult  25: 1 op, 10600.00 ns, 10.6000 us/op
WorkloadResult  26: 1 op, 10500.00 ns, 10.5000 us/op
WorkloadResult  27: 1 op, 10300.00 ns, 10.3000 us/op
WorkloadResult  28: 1 op, 10400.00 ns, 10.4000 us/op
WorkloadResult  29: 1 op, 10200.00 ns, 10.2000 us/op
WorkloadResult  30: 1 op, 10200.00 ns, 10.2000 us/op
WorkloadResult  31: 1 op, 10300.00 ns, 10.3000 us/op
WorkloadResult  32: 1 op, 10200.00 ns, 10.2000 us/op
WorkloadResult  33: 1 op, 10300.00 ns, 10.3000 us/op
WorkloadResult  34: 1 op, 10400.00 ns, 10.4000 us/op
WorkloadResult  35: 1 op, 10600.00 ns, 10.6000 us/op
WorkloadResult  36: 1 op, 10300.00 ns, 10.3000 us/op
WorkloadResult  37: 1 op, 10300.00 ns, 10.3000 us/op
WorkloadResult  38: 1 op, 10300.00 ns, 10.3000 us/op
// GC:  0 0 0 3648 1
// Threading:  0 0 1

// AfterAll
// Benchmark Process 21120 has exited with code 0.

Mean = 10.426 μs, StdErr = 0.053 μs (0.51%), N = 38, StdDev = 0.326 μs
Min = 9.900 μs, Q1 = 10.200 μs, Median = 10.350 μs, Q3 = 10.575 μs, Max = 11.500 μs
IQR = 0.375 μs, LowerFence = 9.637 μs, UpperFence = 11.137 μs
ConfidenceInterval = [10.237 μs; 10.615 μs] (CI 99.9%), Margin = 0.189 μs (1.81% of Mean)
Skewness = 1.52, Kurtosis = 5.86, MValue = 2

// ** Remained 10 (66,7%) benchmark(s) to run. Estimated finish 2026-09-11 16:12 (0h 0m from now) **
Setup power plan (GUID: 8c5e7fda-e8bf-4a96-9a85-a6e23a8c635c FriendlyName: High performance)
// **************************
// Benchmark: HierarchyBenchmarks.Add: Job-UVKQEI(InvocationCount=1, UnrollFactor=1) [NodeCount=1000]
// *** Execute ***
// Launch: 1 / 1
// Execute: dotnet 75f716e5-150e-4cac-8489-646df18098a3.dll --anonymousPipes 2132 2128 --benchmarkName "HierarchyBenchmarks.Add(NodeCount: 1000)" --job "InvocationCount=1, UnrollFactor=1" --benchmarkId 5 in D:\HierarchyKit\benchmarks\HierarchyKit.Benchmarks\bin\Release\net10.0\75f716e5-150e-4cac-8489-646df18098a3\bin\Release\net10.0
// BeforeAnythingElse

// Benchmark Process Environment Information:
// BenchmarkDotNet v0.14.0
// Runtime=.NET 10.0.12 (10.0.1226.42308), X64 RyuJIT AVX2
// GC=Non-concurrent Workstation
// HardwareIntrinsics=AVX2,AES,BMI1,BMI2,FMA,LZCNT,PCLMUL,POPCNT,AvxVnni,SERIALIZE VectorSize=256
// Job: Job-DTEULE(InvocationCount=1, UnrollFactor=1)

OverheadJitting  1: 1 op, 172200.00 ns, 172.2000 us/op
WorkloadJitting  1: 1 op, 256700.00 ns, 256.7000 us/op

OverheadWarmup   1: 1 op, 100.00 ns, 100.0000 ns/op
OverheadWarmup   2: 1 op, 100.00 ns, 100.0000 ns/op
OverheadWarmup   3: 1 op, 100.00 ns, 100.0000 ns/op
OverheadWarmup   4: 1 op, 100.00 ns, 100.0000 ns/op
OverheadWarmup   5: 1 op, 100.00 ns, 100.0000 ns/op

OverheadActual   1: 1 op, 200.00 ns, 200.0000 ns/op
OverheadActual   2: 1 op, 200.00 ns, 200.0000 ns/op
OverheadActual   3: 1 op, 200.00 ns, 200.0000 ns/op
OverheadActual   4: 1 op, 200.00 ns, 200.0000 ns/op
OverheadActual   5: 1 op, 100.00 ns, 100.0000 ns/op
OverheadActual   6: 1 op, 100.00 ns, 100.0000 ns/op
OverheadActual   7: 1 op, 100.00 ns, 100.0000 ns/op
OverheadActual   8: 1 op, 200.00 ns, 200.0000 ns/op
OverheadActual   9: 1 op, 0.00 ns, 0.0000 ns/op
OverheadActual  10: 1 op, 200.00 ns, 200.0000 ns/op
OverheadActual  11: 1 op, 100.00 ns, 100.0000 ns/op
OverheadActual  12: 1 op, 0.00 ns, 0.0000 ns/op
OverheadActual  13: 1 op, 100.00 ns, 100.0000 ns/op
OverheadActual  14: 1 op, 100.00 ns, 100.0000 ns/op
OverheadActual  15: 1 op, 100.00 ns, 100.0000 ns/op
OverheadActual  16: 1 op, 0.00 ns, 0.0000 ns/op
OverheadActual  17: 1 op, 100.00 ns, 100.0000 ns/op
OverheadActual  18: 1 op, 100.00 ns, 100.0000 ns/op
OverheadActual  19: 1 op, 200.00 ns, 200.0000 ns/op
OverheadActual  20: 1 op, 100.00 ns, 100.0000 ns/op

WorkloadWarmup   1: 1 op, 4000.00 ns, 4.0000 us/op
WorkloadWarmup   2: 1 op, 3000.00 ns, 3.0000 us/op
WorkloadWarmup   3: 1 op, 3200.00 ns, 3.2000 us/op
WorkloadWarmup   4: 1 op, 3100.00 ns, 3.1000 us/op
WorkloadWarmup   5: 1 op, 2700.00 ns, 2.7000 us/op
WorkloadWarmup   6: 1 op, 7700.00 ns, 7.7000 us/op
WorkloadWarmup   7: 1 op, 3100.00 ns, 3.1000 us/op

// BeforeActualRun
WorkloadActual   1: 1 op, 3100.00 ns, 3.1000 us/op
WorkloadActual   2: 1 op, 2800.00 ns, 2.8000 us/op
WorkloadActual   3: 1 op, 3000.00 ns, 3.0000 us/op
WorkloadActual   4: 1 op, 3000.00 ns, 3.0000 us/op
WorkloadActual   5: 1 op, 3200.00 ns, 3.2000 us/op
WorkloadActual   6: 1 op, 2800.00 ns, 2.8000 us/op
WorkloadActual   7: 1 op, 3300.00 ns, 3.3000 us/op
WorkloadActual   8: 1 op, 2900.00 ns, 2.9000 us/op
WorkloadActual   9: 1 op, 6700.00 ns, 6.7000 us/op
WorkloadActual  10: 1 op, 3100.00 ns, 3.1000 us/op
WorkloadActual  11: 1 op, 2900.00 ns, 2.9000 us/op
WorkloadActual  12: 1 op, 2900.00 ns, 2.9000 us/op
WorkloadActual  13: 1 op, 6500.00 ns, 6.5000 us/op
WorkloadActual  14: 1 op, 3200.00 ns, 3.2000 us/op
WorkloadActual  15: 1 op, 2800.00 ns, 2.8000 us/op
WorkloadActual  16: 1 op, 3000.00 ns, 3.0000 us/op
WorkloadActual  17: 1 op, 4000.00 ns, 4.0000 us/op
WorkloadActual  18: 1 op, 2800.00 ns, 2.8000 us/op
WorkloadActual  19: 1 op, 6300.00 ns, 6.3000 us/op
WorkloadActual  20: 1 op, 3100.00 ns, 3.1000 us/op
WorkloadActual  21: 1 op, 3000.00 ns, 3.0000 us/op
WorkloadActual  22: 1 op, 2900.00 ns, 2.9000 us/op
WorkloadActual  23: 1 op, 3500.00 ns, 3.5000 us/op
WorkloadActual  24: 1 op, 2800.00 ns, 2.8000 us/op
WorkloadActual  25: 1 op, 3100.00 ns, 3.1000 us/op
WorkloadActual  26: 1 op, 2800.00 ns, 2.8000 us/op
WorkloadActual  27: 1 op, 3200.00 ns, 3.2000 us/op
WorkloadActual  28: 1 op, 2900.00 ns, 2.9000 us/op
WorkloadActual  29: 1 op, 2900.00 ns, 2.9000 us/op
WorkloadActual  30: 1 op, 8100.00 ns, 8.1000 us/op
WorkloadActual  31: 1 op, 3300.00 ns, 3.3000 us/op
WorkloadActual  32: 1 op, 2700.00 ns, 2.7000 us/op
WorkloadActual  33: 1 op, 2800.00 ns, 2.8000 us/op
WorkloadActual  34: 1 op, 2900.00 ns, 2.9000 us/op
WorkloadActual  35: 1 op, 2900.00 ns, 2.9000 us/op
WorkloadActual  36: 1 op, 2800.00 ns, 2.8000 us/op
WorkloadActual  37: 1 op, 6800.00 ns, 6.8000 us/op
WorkloadActual  38: 1 op, 3200.00 ns, 3.2000 us/op
WorkloadActual  39: 1 op, 3000.00 ns, 3.0000 us/op
WorkloadActual  40: 1 op, 7600.00 ns, 7.6000 us/op
WorkloadActual  41: 1 op, 3300.00 ns, 3.3000 us/op
WorkloadActual  42: 1 op, 2900.00 ns, 2.9000 us/op
WorkloadActual  43: 1 op, 2900.00 ns, 2.9000 us/op
WorkloadActual  44: 1 op, 3000.00 ns, 3.0000 us/op
WorkloadActual  45: 1 op, 2800.00 ns, 2.8000 us/op
WorkloadActual  46: 1 op, 2700.00 ns, 2.7000 us/op
WorkloadActual  47: 1 op, 7400.00 ns, 7.4000 us/op
WorkloadActual  48: 1 op, 3200.00 ns, 3.2000 us/op
WorkloadActual  49: 1 op, 2900.00 ns, 2.9000 us/op
WorkloadActual  50: 1 op, 2800.00 ns, 2.8000 us/op
WorkloadActual  51: 1 op, 3100.00 ns, 3.1000 us/op
WorkloadActual  52: 1 op, 3000.00 ns, 3.0000 us/op
WorkloadActual  53: 1 op, 3100.00 ns, 3.1000 us/op
WorkloadActual  54: 1 op, 3300.00 ns, 3.3000 us/op
WorkloadActual  55: 1 op, 5800.00 ns, 5.8000 us/op
WorkloadActual  56: 1 op, 3000.00 ns, 3.0000 us/op
WorkloadActual  57: 1 op, 6900.00 ns, 6.9000 us/op
WorkloadActual  58: 1 op, 3000.00 ns, 3.0000 us/op
WorkloadActual  59: 1 op, 2900.00 ns, 2.9000 us/op
WorkloadActual  60: 1 op, 2800.00 ns, 2.8000 us/op
WorkloadActual  61: 1 op, 3200.00 ns, 3.2000 us/op
WorkloadActual  62: 1 op, 2700.00 ns, 2.7000 us/op
WorkloadActual  63: 1 op, 3100.00 ns, 3.1000 us/op
WorkloadActual  64: 1 op, 3000.00 ns, 3.0000 us/op
WorkloadActual  65: 1 op, 3100.00 ns, 3.1000 us/op
WorkloadActual  66: 1 op, 3100.00 ns, 3.1000 us/op
WorkloadActual  67: 1 op, 7700.00 ns, 7.7000 us/op
WorkloadActual  68: 1 op, 3800.00 ns, 3.8000 us/op
WorkloadActual  69: 1 op, 3400.00 ns, 3.4000 us/op
WorkloadActual  70: 1 op, 7700.00 ns, 7.7000 us/op
WorkloadActual  71: 1 op, 3300.00 ns, 3.3000 us/op
WorkloadActual  72: 1 op, 3700.00 ns, 3.7000 us/op
WorkloadActual  73: 1 op, 3600.00 ns, 3.6000 us/op
WorkloadActual  74: 1 op, 3200.00 ns, 3.2000 us/op
WorkloadActual  75: 1 op, 3200.00 ns, 3.2000 us/op
WorkloadActual  76: 1 op, 2900.00 ns, 2.9000 us/op
WorkloadActual  77: 1 op, 3300.00 ns, 3.3000 us/op
WorkloadActual  78: 1 op, 3500.00 ns, 3.5000 us/op
WorkloadActual  79: 1 op, 3600.00 ns, 3.6000 us/op
WorkloadActual  80: 1 op, 3400.00 ns, 3.4000 us/op
WorkloadActual  81: 1 op, 3500.00 ns, 3.5000 us/op
WorkloadActual  82: 1 op, 8100.00 ns, 8.1000 us/op
WorkloadActual  83: 1 op, 3800.00 ns, 3.8000 us/op
WorkloadActual  84: 1 op, 3100.00 ns, 3.1000 us/op
WorkloadActual  85: 1 op, 7400.00 ns, 7.4000 us/op
WorkloadActual  86: 1 op, 3600.00 ns, 3.6000 us/op
WorkloadActual  87: 1 op, 3400.00 ns, 3.4000 us/op
WorkloadActual  88: 1 op, 3400.00 ns, 3.4000 us/op
WorkloadActual  89: 1 op, 3500.00 ns, 3.5000 us/op
WorkloadActual  90: 1 op, 3100.00 ns, 3.1000 us/op
WorkloadActual  91: 1 op, 7600.00 ns, 7.6000 us/op
WorkloadActual  92: 1 op, 3500.00 ns, 3.5000 us/op
WorkloadActual  93: 1 op, 3200.00 ns, 3.2000 us/op
WorkloadActual  94: 1 op, 8200.00 ns, 8.2000 us/op
WorkloadActual  95: 1 op, 3800.00 ns, 3.8000 us/op
WorkloadActual  96: 1 op, 2900.00 ns, 2.9000 us/op
WorkloadActual  97: 1 op, 7200.00 ns, 7.2000 us/op
WorkloadActual  98: 1 op, 3600.00 ns, 3.6000 us/op
WorkloadActual  99: 1 op, 3100.00 ns, 3.1000 us/op
WorkloadActual  100: 1 op, 3400.00 ns, 3.4000 us/op

// AfterActualRun
WorkloadResult   1: 1 op, 3000.00 ns, 3.0000 us/op
WorkloadResult   2: 1 op, 2700.00 ns, 2.7000 us/op
WorkloadResult   3: 1 op, 2900.00 ns, 2.9000 us/op
WorkloadResult   4: 1 op, 2900.00 ns, 2.9000 us/op
WorkloadResult   5: 1 op, 3100.00 ns, 3.1000 us/op
WorkloadResult   6: 1 op, 2700.00 ns, 2.7000 us/op
WorkloadResult   7: 1 op, 3200.00 ns, 3.2000 us/op
WorkloadResult   8: 1 op, 2800.00 ns, 2.8000 us/op
WorkloadResult   9: 1 op, 3000.00 ns, 3.0000 us/op
WorkloadResult  10: 1 op, 2800.00 ns, 2.8000 us/op
WorkloadResult  11: 1 op, 2800.00 ns, 2.8000 us/op
WorkloadResult  12: 1 op, 3100.00 ns, 3.1000 us/op
WorkloadResult  13: 1 op, 2700.00 ns, 2.7000 us/op
WorkloadResult  14: 1 op, 2900.00 ns, 2.9000 us/op
WorkloadResult  15: 1 op, 3900.00 ns, 3.9000 us/op
WorkloadResult  16: 1 op, 2700.00 ns, 2.7000 us/op
WorkloadResult  17: 1 op, 3000.00 ns, 3.0000 us/op
WorkloadResult  18: 1 op, 2900.00 ns, 2.9000 us/op
WorkloadResult  19: 1 op, 2800.00 ns, 2.8000 us/op
WorkloadResult  20: 1 op, 3400.00 ns, 3.4000 us/op
WorkloadResult  21: 1 op, 2700.00 ns, 2.7000 us/op
WorkloadResult  22: 1 op, 3000.00 ns, 3.0000 us/op
WorkloadResult  23: 1 op, 2700.00 ns, 2.7000 us/op
WorkloadResult  24: 1 op, 3100.00 ns, 3.1000 us/op
WorkloadResult  25: 1 op, 2800.00 ns, 2.8000 us/op
WorkloadResult  26: 1 op, 2800.00 ns, 2.8000 us/op
WorkloadResult  27: 1 op, 3200.00 ns, 3.2000 us/op
WorkloadResult  28: 1 op, 2600.00 ns, 2.6000 us/op
WorkloadResult  29: 1 op, 2700.00 ns, 2.7000 us/op
WorkloadResult  30: 1 op, 2800.00 ns, 2.8000 us/op
WorkloadResult  31: 1 op, 2800.00 ns, 2.8000 us/op
WorkloadResult  32: 1 op, 2700.00 ns, 2.7000 us/op
WorkloadResult  33: 1 op, 3100.00 ns, 3.1000 us/op
WorkloadResult  34: 1 op, 2900.00 ns, 2.9000 us/op
WorkloadResult  35: 1 op, 3200.00 ns, 3.2000 us/op
WorkloadResult  36: 1 op, 2800.00 ns, 2.8000 us/op
WorkloadResult  37: 1 op, 2800.00 ns, 2.8000 us/op
WorkloadResult  38: 1 op, 2900.00 ns, 2.9000 us/op
WorkloadResult  39: 1 op, 2700.00 ns, 2.7000 us/op
WorkloadResult  40: 1 op, 2600.00 ns, 2.6000 us/op
WorkloadResult  41: 1 op, 3100.00 ns, 3.1000 us/op
WorkloadResult  42: 1 op, 2800.00 ns, 2.8000 us/op
WorkloadResult  43: 1 op, 2700.00 ns, 2.7000 us/op
WorkloadResult  44: 1 op, 3000.00 ns, 3.0000 us/op
WorkloadResult  45: 1 op, 2900.00 ns, 2.9000 us/op
WorkloadResult  46: 1 op, 3000.00 ns, 3.0000 us/op
WorkloadResult  47: 1 op, 3200.00 ns, 3.2000 us/op
WorkloadResult  48: 1 op, 2900.00 ns, 2.9000 us/op
WorkloadResult  49: 1 op, 2900.00 ns, 2.9000 us/op
WorkloadResult  50: 1 op, 2800.00 ns, 2.8000 us/op
WorkloadResult  51: 1 op, 2700.00 ns, 2.7000 us/op
WorkloadResult  52: 1 op, 3100.00 ns, 3.1000 us/op
WorkloadResult  53: 1 op, 2600.00 ns, 2.6000 us/op
WorkloadResult  54: 1 op, 3000.00 ns, 3.0000 us/op
WorkloadResult  55: 1 op, 2900.00 ns, 2.9000 us/op
WorkloadResult  56: 1 op, 3000.00 ns, 3.0000 us/op
WorkloadResult  57: 1 op, 3000.00 ns, 3.0000 us/op
WorkloadResult  58: 1 op, 3700.00 ns, 3.7000 us/op
WorkloadResult  59: 1 op, 3300.00 ns, 3.3000 us/op
WorkloadResult  60: 1 op, 3200.00 ns, 3.2000 us/op
WorkloadResult  61: 1 op, 3600.00 ns, 3.6000 us/op
WorkloadResult  62: 1 op, 3500.00 ns, 3.5000 us/op
WorkloadResult  63: 1 op, 3100.00 ns, 3.1000 us/op
WorkloadResult  64: 1 op, 3100.00 ns, 3.1000 us/op
WorkloadResult  65: 1 op, 2800.00 ns, 2.8000 us/op
WorkloadResult  66: 1 op, 3200.00 ns, 3.2000 us/op
WorkloadResult  67: 1 op, 3400.00 ns, 3.4000 us/op
WorkloadResult  68: 1 op, 3500.00 ns, 3.5000 us/op
WorkloadResult  69: 1 op, 3300.00 ns, 3.3000 us/op
WorkloadResult  70: 1 op, 3400.00 ns, 3.4000 us/op
WorkloadResult  71: 1 op, 3700.00 ns, 3.7000 us/op
WorkloadResult  72: 1 op, 3000.00 ns, 3.0000 us/op
WorkloadResult  73: 1 op, 3500.00 ns, 3.5000 us/op
WorkloadResult  74: 1 op, 3300.00 ns, 3.3000 us/op
WorkloadResult  75: 1 op, 3300.00 ns, 3.3000 us/op
WorkloadResult  76: 1 op, 3400.00 ns, 3.4000 us/op
WorkloadResult  77: 1 op, 3000.00 ns, 3.0000 us/op
WorkloadResult  78: 1 op, 3400.00 ns, 3.4000 us/op
WorkloadResult  79: 1 op, 3100.00 ns, 3.1000 us/op
WorkloadResult  80: 1 op, 3700.00 ns, 3.7000 us/op
WorkloadResult  81: 1 op, 2800.00 ns, 2.8000 us/op
WorkloadResult  82: 1 op, 3500.00 ns, 3.5000 us/op
WorkloadResult  83: 1 op, 3000.00 ns, 3.0000 us/op
WorkloadResult  84: 1 op, 3300.00 ns, 3.3000 us/op
// GC:  0 0 0 26728 1
// Threading:  0 0 1

// AfterAll
// Benchmark Process 33096 has exited with code 0.

Mean = 3.035 μs, StdErr = 0.032 μs (1.06%), N = 84, StdDev = 0.296 μs
Min = 2.600 μs, Q1 = 2.800 μs, Median = 3.000 μs, Q3 = 3.200 μs, Max = 3.900 μs
IQR = 0.400 μs, LowerFence = 2.200 μs, UpperFence = 3.800 μs
ConfidenceInterval = [2.925 μs; 3.145 μs] (CI 99.9%), Margin = 0.110 μs (3.63% of Mean)
Skewness = 0.75, Kurtosis = 2.88, MValue = 2

// ** Remained 9 (60,0%) benchmark(s) to run. Estimated finish 2026-09-11 16:12 (0h 0m from now) **
Setup power plan (GUID: 8c5e7fda-e8bf-4a96-9a85-a6e23a8c635c FriendlyName: High performance)
// **************************
// Benchmark: HierarchyBenchmarks.Move: Job-UVKQEI(InvocationCount=1, UnrollFactor=1) [NodeCount=1000]
// *** Execute ***
// Launch: 1 / 1
// Execute: dotnet 75f716e5-150e-4cac-8489-646df18098a3.dll --anonymousPipes 2132 2128 --benchmarkName "HierarchyBenchmarks.Move(NodeCount: 1000)" --job "InvocationCount=1, UnrollFactor=1" --benchmarkId 6 in D:\HierarchyKit\benchmarks\HierarchyKit.Benchmarks\bin\Release\net10.0\75f716e5-150e-4cac-8489-646df18098a3\bin\Release\net10.0
// BeforeAnythingElse

// Benchmark Process Environment Information:
// BenchmarkDotNet v0.14.0
// Runtime=.NET 10.0.12 (10.0.1226.42308), X64 RyuJIT AVX2
// GC=Non-concurrent Workstation
// HardwareIntrinsics=AVX2,AES,BMI1,BMI2,FMA,LZCNT,PCLMUL,POPCNT,AvxVnni,SERIALIZE VectorSize=256
// Job: Job-ZYPDUE(InvocationCount=1, UnrollFactor=1)

OverheadJitting  1: 1 op, 184200.00 ns, 184.2000 us/op
WorkloadJitting  1: 1 op, 662600.00 ns, 662.6000 us/op

OverheadWarmup   1: 1 op, 400.00 ns, 400.0000 ns/op
OverheadWarmup   2: 1 op, 100.00 ns, 100.0000 ns/op
OverheadWarmup   3: 1 op, 200.00 ns, 200.0000 ns/op
OverheadWarmup   4: 1 op, 200.00 ns, 200.0000 ns/op
OverheadWarmup   5: 1 op, 200.00 ns, 200.0000 ns/op
OverheadWarmup   6: 1 op, 100.00 ns, 100.0000 ns/op

OverheadActual   1: 1 op, 200.00 ns, 200.0000 ns/op
OverheadActual   2: 1 op, 200.00 ns, 200.0000 ns/op
OverheadActual   3: 1 op, 200.00 ns, 200.0000 ns/op
OverheadActual   4: 1 op, 100.00 ns, 100.0000 ns/op
OverheadActual   5: 1 op, 200.00 ns, 200.0000 ns/op
OverheadActual   6: 1 op, 200.00 ns, 200.0000 ns/op
OverheadActual   7: 1 op, 100.00 ns, 100.0000 ns/op
OverheadActual   8: 1 op, 100.00 ns, 100.0000 ns/op
OverheadActual   9: 1 op, 100.00 ns, 100.0000 ns/op
OverheadActual  10: 1 op, 100.00 ns, 100.0000 ns/op
OverheadActual  11: 1 op, 100.00 ns, 100.0000 ns/op
OverheadActual  12: 1 op, 100.00 ns, 100.0000 ns/op
OverheadActual  13: 1 op, 0.00 ns, 0.0000 ns/op
OverheadActual  14: 1 op, 100.00 ns, 100.0000 ns/op
OverheadActual  15: 1 op, 0.00 ns, 0.0000 ns/op
OverheadActual  16: 1 op, 0.00 ns, 0.0000 ns/op
OverheadActual  17: 1 op, 0.00 ns, 0.0000 ns/op
OverheadActual  18: 1 op, 100.00 ns, 100.0000 ns/op
OverheadActual  19: 1 op, 100.00 ns, 100.0000 ns/op
OverheadActual  20: 1 op, 100.00 ns, 100.0000 ns/op

WorkloadWarmup   1: 1 op, 28400.00 ns, 28.4000 us/op
WorkloadWarmup   2: 1 op, 13600.00 ns, 13.6000 us/op
WorkloadWarmup   3: 1 op, 19100.00 ns, 19.1000 us/op
WorkloadWarmup   4: 1 op, 13100.00 ns, 13.1000 us/op
WorkloadWarmup   5: 1 op, 12100.00 ns, 12.1000 us/op
WorkloadWarmup   6: 1 op, 16500.00 ns, 16.5000 us/op
WorkloadWarmup   7: 1 op, 12900.00 ns, 12.9000 us/op

// BeforeActualRun
WorkloadActual   1: 1 op, 16200.00 ns, 16.2000 us/op
WorkloadActual   2: 1 op, 21000.00 ns, 21.0000 us/op
WorkloadActual   3: 1 op, 17500.00 ns, 17.5000 us/op
WorkloadActual   4: 1 op, 17100.00 ns, 17.1000 us/op
WorkloadActual   5: 1 op, 17100.00 ns, 17.1000 us/op
WorkloadActual   6: 1 op, 29500.00 ns, 29.5000 us/op
WorkloadActual   7: 1 op, 17700.00 ns, 17.7000 us/op
WorkloadActual   8: 1 op, 16900.00 ns, 16.9000 us/op
WorkloadActual   9: 1 op, 21400.00 ns, 21.4000 us/op
WorkloadActual  10: 1 op, 18500.00 ns, 18.5000 us/op
WorkloadActual  11: 1 op, 16100.00 ns, 16.1000 us/op
WorkloadActual  12: 1 op, 18500.00 ns, 18.5000 us/op
WorkloadActual  13: 1 op, 15500.00 ns, 15.5000 us/op
WorkloadActual  14: 1 op, 15100.00 ns, 15.1000 us/op
WorkloadActual  15: 1 op, 22200.00 ns, 22.2000 us/op
WorkloadActual  16: 1 op, 18600.00 ns, 18.6000 us/op
WorkloadActual  17: 1 op, 16200.00 ns, 16.2000 us/op
WorkloadActual  18: 1 op, 16000.00 ns, 16.0000 us/op
WorkloadActual  19: 1 op, 16400.00 ns, 16.4000 us/op
WorkloadActual  20: 1 op, 18800.00 ns, 18.8000 us/op
WorkloadActual  21: 1 op, 15400.00 ns, 15.4000 us/op
WorkloadActual  22: 1 op, 14900.00 ns, 14.9000 us/op
WorkloadActual  23: 1 op, 20800.00 ns, 20.8000 us/op
WorkloadActual  24: 1 op, 18500.00 ns, 18.5000 us/op
WorkloadActual  25: 1 op, 15900.00 ns, 15.9000 us/op
WorkloadActual  26: 1 op, 18100.00 ns, 18.1000 us/op
WorkloadActual  27: 1 op, 14500.00 ns, 14.5000 us/op
WorkloadActual  28: 1 op, 13700.00 ns, 13.7000 us/op
WorkloadActual  29: 1 op, 19300.00 ns, 19.3000 us/op
WorkloadActual  30: 1 op, 15100.00 ns, 15.1000 us/op
WorkloadActual  31: 1 op, 14700.00 ns, 14.7000 us/op
WorkloadActual  32: 1 op, 14700.00 ns, 14.7000 us/op
WorkloadActual  33: 1 op, 13200.00 ns, 13.2000 us/op
WorkloadActual  34: 1 op, 13100.00 ns, 13.1000 us/op
WorkloadActual  35: 1 op, 15100.00 ns, 15.1000 us/op
WorkloadActual  36: 1 op, 13300.00 ns, 13.3000 us/op
WorkloadActual  37: 1 op, 18600.00 ns, 18.6000 us/op
WorkloadActual  38: 1 op, 15500.00 ns, 15.5000 us/op
WorkloadActual  39: 1 op, 18300.00 ns, 18.3000 us/op
WorkloadActual  40: 1 op, 15200.00 ns, 15.2000 us/op
WorkloadActual  41: 1 op, 17100.00 ns, 17.1000 us/op
WorkloadActual  42: 1 op, 14000.00 ns, 14.0000 us/op
WorkloadActual  43: 1 op, 13300.00 ns, 13.3000 us/op
WorkloadActual  44: 1 op, 16900.00 ns, 16.9000 us/op
WorkloadActual  45: 1 op, 17100.00 ns, 17.1000 us/op
WorkloadActual  46: 1 op, 14100.00 ns, 14.1000 us/op
WorkloadActual  47: 1 op, 14900.00 ns, 14.9000 us/op
WorkloadActual  48: 1 op, 48800.00 ns, 48.8000 us/op
WorkloadActual  49: 1 op, 14000.00 ns, 14.0000 us/op
WorkloadActual  50: 1 op, 13500.00 ns, 13.5000 us/op
WorkloadActual  51: 1 op, 15100.00 ns, 15.1000 us/op
WorkloadActual  52: 1 op, 13800.00 ns, 13.8000 us/op
WorkloadActual  53: 1 op, 14300.00 ns, 14.3000 us/op
WorkloadActual  54: 1 op, 14000.00 ns, 14.0000 us/op
WorkloadActual  55: 1 op, 13500.00 ns, 13.5000 us/op
WorkloadActual  56: 1 op, 13400.00 ns, 13.4000 us/op
WorkloadActual  57: 1 op, 14000.00 ns, 14.0000 us/op
WorkloadActual  58: 1 op, 13900.00 ns, 13.9000 us/op
WorkloadActual  59: 1 op, 12200.00 ns, 12.2000 us/op
WorkloadActual  60: 1 op, 12900.00 ns, 12.9000 us/op
WorkloadActual  61: 1 op, 12900.00 ns, 12.9000 us/op
WorkloadActual  62: 1 op, 16700.00 ns, 16.7000 us/op
WorkloadActual  63: 1 op, 14100.00 ns, 14.1000 us/op
WorkloadActual  64: 1 op, 13100.00 ns, 13.1000 us/op
WorkloadActual  65: 1 op, 18200.00 ns, 18.2000 us/op
WorkloadActual  66: 1 op, 15500.00 ns, 15.5000 us/op
WorkloadActual  67: 1 op, 13800.00 ns, 13.8000 us/op
WorkloadActual  68: 1 op, 13100.00 ns, 13.1000 us/op
WorkloadActual  69: 1 op, 13600.00 ns, 13.6000 us/op
WorkloadActual  70: 1 op, 12700.00 ns, 12.7000 us/op
WorkloadActual  71: 1 op, 12900.00 ns, 12.9000 us/op
WorkloadActual  72: 1 op, 14000.00 ns, 14.0000 us/op
WorkloadActual  73: 1 op, 13700.00 ns, 13.7000 us/op
WorkloadActual  74: 1 op, 12400.00 ns, 12.4000 us/op
WorkloadActual  75: 1 op, 13400.00 ns, 13.4000 us/op
WorkloadActual  76: 1 op, 13600.00 ns, 13.6000 us/op
WorkloadActual  77: 1 op, 12800.00 ns, 12.8000 us/op
WorkloadActual  78: 1 op, 13200.00 ns, 13.2000 us/op
WorkloadActual  79: 1 op, 13300.00 ns, 13.3000 us/op
WorkloadActual  80: 1 op, 12500.00 ns, 12.5000 us/op
WorkloadActual  81: 1 op, 12800.00 ns, 12.8000 us/op
WorkloadActual  82: 1 op, 12800.00 ns, 12.8000 us/op
WorkloadActual  83: 1 op, 13500.00 ns, 13.5000 us/op
WorkloadActual  84: 1 op, 12700.00 ns, 12.7000 us/op
WorkloadActual  85: 1 op, 13600.00 ns, 13.6000 us/op
WorkloadActual  86: 1 op, 13400.00 ns, 13.4000 us/op
WorkloadActual  87: 1 op, 12900.00 ns, 12.9000 us/op
WorkloadActual  88: 1 op, 12400.00 ns, 12.4000 us/op
WorkloadActual  89: 1 op, 12900.00 ns, 12.9000 us/op
WorkloadActual  90: 1 op, 13200.00 ns, 13.2000 us/op
WorkloadActual  91: 1 op, 12800.00 ns, 12.8000 us/op
WorkloadActual  92: 1 op, 12800.00 ns, 12.8000 us/op
WorkloadActual  93: 1 op, 13600.00 ns, 13.6000 us/op
WorkloadActual  94: 1 op, 12700.00 ns, 12.7000 us/op
WorkloadActual  95: 1 op, 12500.00 ns, 12.5000 us/op
WorkloadActual  96: 1 op, 12700.00 ns, 12.7000 us/op
WorkloadActual  97: 1 op, 14100.00 ns, 14.1000 us/op
WorkloadActual  98: 1 op, 13400.00 ns, 13.4000 us/op
WorkloadActual  99: 1 op, 12700.00 ns, 12.7000 us/op
WorkloadActual  100: 1 op, 13100.00 ns, 13.1000 us/op

// AfterActualRun
WorkloadResult   1: 1 op, 16100.00 ns, 16.1000 us/op
WorkloadResult   2: 1 op, 20900.00 ns, 20.9000 us/op
WorkloadResult   3: 1 op, 17400.00 ns, 17.4000 us/op
WorkloadResult   4: 1 op, 17000.00 ns, 17.0000 us/op
WorkloadResult   5: 1 op, 17000.00 ns, 17.0000 us/op
WorkloadResult   6: 1 op, 17600.00 ns, 17.6000 us/op
WorkloadResult   7: 1 op, 16800.00 ns, 16.8000 us/op
WorkloadResult   8: 1 op, 18400.00 ns, 18.4000 us/op
WorkloadResult   9: 1 op, 16000.00 ns, 16.0000 us/op
WorkloadResult  10: 1 op, 18400.00 ns, 18.4000 us/op
WorkloadResult  11: 1 op, 15400.00 ns, 15.4000 us/op
WorkloadResult  12: 1 op, 15000.00 ns, 15.0000 us/op
WorkloadResult  13: 1 op, 18500.00 ns, 18.5000 us/op
WorkloadResult  14: 1 op, 16100.00 ns, 16.1000 us/op
WorkloadResult  15: 1 op, 15900.00 ns, 15.9000 us/op
WorkloadResult  16: 1 op, 16300.00 ns, 16.3000 us/op
WorkloadResult  17: 1 op, 18700.00 ns, 18.7000 us/op
WorkloadResult  18: 1 op, 15300.00 ns, 15.3000 us/op
WorkloadResult  19: 1 op, 14800.00 ns, 14.8000 us/op
WorkloadResult  20: 1 op, 20700.00 ns, 20.7000 us/op
WorkloadResult  21: 1 op, 18400.00 ns, 18.4000 us/op
WorkloadResult  22: 1 op, 15800.00 ns, 15.8000 us/op
WorkloadResult  23: 1 op, 18000.00 ns, 18.0000 us/op
WorkloadResult  24: 1 op, 14400.00 ns, 14.4000 us/op
WorkloadResult  25: 1 op, 13600.00 ns, 13.6000 us/op
WorkloadResult  26: 1 op, 19200.00 ns, 19.2000 us/op
WorkloadResult  27: 1 op, 15000.00 ns, 15.0000 us/op
WorkloadResult  28: 1 op, 14600.00 ns, 14.6000 us/op
WorkloadResult  29: 1 op, 14600.00 ns, 14.6000 us/op
WorkloadResult  30: 1 op, 13100.00 ns, 13.1000 us/op
WorkloadResult  31: 1 op, 13000.00 ns, 13.0000 us/op
WorkloadResult  32: 1 op, 15000.00 ns, 15.0000 us/op
WorkloadResult  33: 1 op, 13200.00 ns, 13.2000 us/op
WorkloadResult  34: 1 op, 18500.00 ns, 18.5000 us/op
WorkloadResult  35: 1 op, 15400.00 ns, 15.4000 us/op
WorkloadResult  36: 1 op, 18200.00 ns, 18.2000 us/op
WorkloadResult  37: 1 op, 15100.00 ns, 15.1000 us/op
WorkloadResult  38: 1 op, 17000.00 ns, 17.0000 us/op
WorkloadResult  39: 1 op, 13900.00 ns, 13.9000 us/op
WorkloadResult  40: 1 op, 13200.00 ns, 13.2000 us/op
WorkloadResult  41: 1 op, 16800.00 ns, 16.8000 us/op
WorkloadResult  42: 1 op, 17000.00 ns, 17.0000 us/op
WorkloadResult  43: 1 op, 14000.00 ns, 14.0000 us/op
WorkloadResult  44: 1 op, 14800.00 ns, 14.8000 us/op
WorkloadResult  45: 1 op, 13900.00 ns, 13.9000 us/op
WorkloadResult  46: 1 op, 13400.00 ns, 13.4000 us/op
WorkloadResult  47: 1 op, 15000.00 ns, 15.0000 us/op
WorkloadResult  48: 1 op, 13700.00 ns, 13.7000 us/op
WorkloadResult  49: 1 op, 14200.00 ns, 14.2000 us/op
WorkloadResult  50: 1 op, 13900.00 ns, 13.9000 us/op
WorkloadResult  51: 1 op, 13400.00 ns, 13.4000 us/op
WorkloadResult  52: 1 op, 13300.00 ns, 13.3000 us/op
WorkloadResult  53: 1 op, 13900.00 ns, 13.9000 us/op
WorkloadResult  54: 1 op, 13800.00 ns, 13.8000 us/op
WorkloadResult  55: 1 op, 12100.00 ns, 12.1000 us/op
WorkloadResult  56: 1 op, 12800.00 ns, 12.8000 us/op
WorkloadResult  57: 1 op, 12800.00 ns, 12.8000 us/op
WorkloadResult  58: 1 op, 16600.00 ns, 16.6000 us/op
WorkloadResult  59: 1 op, 14000.00 ns, 14.0000 us/op
WorkloadResult  60: 1 op, 13000.00 ns, 13.0000 us/op
WorkloadResult  61: 1 op, 18100.00 ns, 18.1000 us/op
WorkloadResult  62: 1 op, 15400.00 ns, 15.4000 us/op
WorkloadResult  63: 1 op, 13700.00 ns, 13.7000 us/op
WorkloadResult  64: 1 op, 13000.00 ns, 13.0000 us/op
WorkloadResult  65: 1 op, 13500.00 ns, 13.5000 us/op
WorkloadResult  66: 1 op, 12600.00 ns, 12.6000 us/op
WorkloadResult  67: 1 op, 12800.00 ns, 12.8000 us/op
WorkloadResult  68: 1 op, 13900.00 ns, 13.9000 us/op
WorkloadResult  69: 1 op, 13600.00 ns, 13.6000 us/op
WorkloadResult  70: 1 op, 12300.00 ns, 12.3000 us/op
WorkloadResult  71: 1 op, 13300.00 ns, 13.3000 us/op
WorkloadResult  72: 1 op, 13500.00 ns, 13.5000 us/op
WorkloadResult  73: 1 op, 12700.00 ns, 12.7000 us/op
WorkloadResult  74: 1 op, 13100.00 ns, 13.1000 us/op
WorkloadResult  75: 1 op, 13200.00 ns, 13.2000 us/op
WorkloadResult  76: 1 op, 12400.00 ns, 12.4000 us/op
WorkloadResult  77: 1 op, 12700.00 ns, 12.7000 us/op
WorkloadResult  78: 1 op, 12700.00 ns, 12.7000 us/op
WorkloadResult  79: 1 op, 13400.00 ns, 13.4000 us/op
WorkloadResult  80: 1 op, 12600.00 ns, 12.6000 us/op
WorkloadResult  81: 1 op, 13500.00 ns, 13.5000 us/op
WorkloadResult  82: 1 op, 13300.00 ns, 13.3000 us/op
WorkloadResult  83: 1 op, 12800.00 ns, 12.8000 us/op
WorkloadResult  84: 1 op, 12300.00 ns, 12.3000 us/op
WorkloadResult  85: 1 op, 12800.00 ns, 12.8000 us/op
WorkloadResult  86: 1 op, 13100.00 ns, 13.1000 us/op
WorkloadResult  87: 1 op, 12700.00 ns, 12.7000 us/op
WorkloadResult  88: 1 op, 12700.00 ns, 12.7000 us/op
WorkloadResult  89: 1 op, 13500.00 ns, 13.5000 us/op
WorkloadResult  90: 1 op, 12600.00 ns, 12.6000 us/op
WorkloadResult  91: 1 op, 12400.00 ns, 12.4000 us/op
WorkloadResult  92: 1 op, 12600.00 ns, 12.6000 us/op
WorkloadResult  93: 1 op, 14000.00 ns, 14.0000 us/op
WorkloadResult  94: 1 op, 13300.00 ns, 13.3000 us/op
WorkloadResult  95: 1 op, 12600.00 ns, 12.6000 us/op
WorkloadResult  96: 1 op, 13000.00 ns, 13.0000 us/op
// GC:  0 0 0 26992 1
// Threading:  0 0 1

// AfterAll
// Benchmark Process 24392 has exited with code 0.

Mean = 14.683 μs, StdErr = 0.215 μs (1.46%), N = 96, StdDev = 2.107 μs
Min = 12.100 μs, Q1 = 13.075 μs, Median = 13.900 μs, Q3 = 16.025 μs, Max = 20.900 μs
IQR = 2.950 μs, LowerFence = 8.650 μs, UpperFence = 20.450 μs
ConfidenceInterval = [13.953 μs; 15.414 μs] (CI 99.9%), Margin = 0.730 μs (4.97% of Mean)
Skewness = 0.98, Kurtosis = 3.02, MValue = 2.8

// ** Remained 8 (53,3%) benchmark(s) to run. Estimated finish 2026-09-11 16:12 (0h 0m from now) **
Setup power plan (GUID: 8c5e7fda-e8bf-4a96-9a85-a6e23a8c635c FriendlyName: High performance)
// **************************
// Benchmark: HierarchyBenchmarks.Remove: Job-UVKQEI(InvocationCount=1, UnrollFactor=1) [NodeCount=1000]
// *** Execute ***
// Launch: 1 / 1
// Execute: dotnet 75f716e5-150e-4cac-8489-646df18098a3.dll --anonymousPipes 1536 1540 --benchmarkName "HierarchyBenchmarks.Remove(NodeCount: 1000)" --job "InvocationCount=1, UnrollFactor=1" --benchmarkId 7 in D:\HierarchyKit\benchmarks\HierarchyKit.Benchmarks\bin\Release\net10.0\75f716e5-150e-4cac-8489-646df18098a3\bin\Release\net10.0
// BeforeAnythingElse

// Benchmark Process Environment Information:
// BenchmarkDotNet v0.14.0
// Runtime=.NET 10.0.12 (10.0.1226.42308), X64 RyuJIT AVX2
// GC=Non-concurrent Workstation
// HardwareIntrinsics=AVX2,AES,BMI1,BMI2,FMA,LZCNT,PCLMUL,POPCNT,AvxVnni,SERIALIZE VectorSize=256
// Job: Job-ZFLGFO(InvocationCount=1, UnrollFactor=1)

OverheadJitting  1: 1 op, 194600.00 ns, 194.6000 us/op
WorkloadJitting  1: 1 op, 1391900.00 ns, 1.3919 ms/op

OverheadWarmup   1: 1 op, 300.00 ns, 300.0000 ns/op
OverheadWarmup   2: 1 op, 200.00 ns, 200.0000 ns/op
OverheadWarmup   3: 1 op, 100.00 ns, 100.0000 ns/op
OverheadWarmup   4: 1 op, 200.00 ns, 200.0000 ns/op
OverheadWarmup   5: 1 op, 100.00 ns, 100.0000 ns/op
OverheadWarmup   6: 1 op, 100.00 ns, 100.0000 ns/op
OverheadWarmup   7: 1 op, 100.00 ns, 100.0000 ns/op

OverheadActual   1: 1 op, 200.00 ns, 200.0000 ns/op
OverheadActual   2: 1 op, 200.00 ns, 200.0000 ns/op
OverheadActual   3: 1 op, 200.00 ns, 200.0000 ns/op
OverheadActual   4: 1 op, 200.00 ns, 200.0000 ns/op
OverheadActual   5: 1 op, 100.00 ns, 100.0000 ns/op
OverheadActual   6: 1 op, 100.00 ns, 100.0000 ns/op
OverheadActual   7: 1 op, 0.00 ns, 0.0000 ns/op
OverheadActual   8: 1 op, 100.00 ns, 100.0000 ns/op
OverheadActual   9: 1 op, 0.00 ns, 0.0000 ns/op
OverheadActual  10: 1 op, 100.00 ns, 100.0000 ns/op
OverheadActual  11: 1 op, 200.00 ns, 200.0000 ns/op
OverheadActual  12: 1 op, 100.00 ns, 100.0000 ns/op
OverheadActual  13: 1 op, 100.00 ns, 100.0000 ns/op
OverheadActual  14: 1 op, 0.00 ns, 0.0000 ns/op
OverheadActual  15: 1 op, 0.00 ns, 0.0000 ns/op
OverheadActual  16: 1 op, 0.00 ns, 0.0000 ns/op
OverheadActual  17: 1 op, 100.00 ns, 100.0000 ns/op
OverheadActual  18: 1 op, 100.00 ns, 100.0000 ns/op
OverheadActual  19: 1 op, 100.00 ns, 100.0000 ns/op
OverheadActual  20: 1 op, 100.00 ns, 100.0000 ns/op

WorkloadWarmup   1: 1 op, 45200.00 ns, 45.2000 us/op
WorkloadWarmup   2: 1 op, 15400.00 ns, 15.4000 us/op
WorkloadWarmup   3: 1 op, 13600.00 ns, 13.6000 us/op
WorkloadWarmup   4: 1 op, 13400.00 ns, 13.4000 us/op
WorkloadWarmup   5: 1 op, 12600.00 ns, 12.6000 us/op
WorkloadWarmup   6: 1 op, 12600.00 ns, 12.6000 us/op
WorkloadWarmup   7: 1 op, 12900.00 ns, 12.9000 us/op
WorkloadWarmup   8: 1 op, 17500.00 ns, 17.5000 us/op
WorkloadWarmup   9: 1 op, 17200.00 ns, 17.2000 us/op
WorkloadWarmup  10: 1 op, 23500.00 ns, 23.5000 us/op

// BeforeActualRun
WorkloadActual   1: 1 op, 20300.00 ns, 20.3000 us/op
WorkloadActual   2: 1 op, 17500.00 ns, 17.5000 us/op
WorkloadActual   3: 1 op, 18100.00 ns, 18.1000 us/op
WorkloadActual   4: 1 op, 16800.00 ns, 16.8000 us/op
WorkloadActual   5: 1 op, 16800.00 ns, 16.8000 us/op
WorkloadActual   6: 1 op, 16600.00 ns, 16.6000 us/op
WorkloadActual   7: 1 op, 16400.00 ns, 16.4000 us/op
WorkloadActual   8: 1 op, 15100.00 ns, 15.1000 us/op
WorkloadActual   9: 1 op, 15100.00 ns, 15.1000 us/op
WorkloadActual  10: 1 op, 21300.00 ns, 21.3000 us/op
WorkloadActual  11: 1 op, 16800.00 ns, 16.8000 us/op
WorkloadActual  12: 1 op, 15200.00 ns, 15.2000 us/op
WorkloadActual  13: 1 op, 16500.00 ns, 16.5000 us/op
WorkloadActual  14: 1 op, 15100.00 ns, 15.1000 us/op
WorkloadActual  15: 1 op, 15200.00 ns, 15.2000 us/op
WorkloadActual  16: 1 op, 19600.00 ns, 19.6000 us/op
WorkloadActual  17: 1 op, 15900.00 ns, 15.9000 us/op
WorkloadActual  18: 1 op, 15800.00 ns, 15.8000 us/op
WorkloadActual  19: 1 op, 15200.00 ns, 15.2000 us/op
WorkloadActual  20: 1 op, 20800.00 ns, 20.8000 us/op
WorkloadActual  21: 1 op, 19100.00 ns, 19.1000 us/op
WorkloadActual  22: 1 op, 15200.00 ns, 15.2000 us/op
WorkloadActual  23: 1 op, 18200.00 ns, 18.2000 us/op
WorkloadActual  24: 1 op, 15600.00 ns, 15.6000 us/op
WorkloadActual  25: 1 op, 14200.00 ns, 14.2000 us/op
WorkloadActual  26: 1 op, 13800.00 ns, 13.8000 us/op
WorkloadActual  27: 1 op, 14300.00 ns, 14.3000 us/op
WorkloadActual  28: 1 op, 14300.00 ns, 14.3000 us/op
WorkloadActual  29: 1 op, 14400.00 ns, 14.4000 us/op
WorkloadActual  30: 1 op, 19200.00 ns, 19.2000 us/op
WorkloadActual  31: 1 op, 14900.00 ns, 14.9000 us/op
WorkloadActual  32: 1 op, 13900.00 ns, 13.9000 us/op
WorkloadActual  33: 1 op, 18600.00 ns, 18.6000 us/op
WorkloadActual  34: 1 op, 14600.00 ns, 14.6000 us/op
WorkloadActual  35: 1 op, 15000.00 ns, 15.0000 us/op
WorkloadActual  36: 1 op, 13900.00 ns, 13.9000 us/op
WorkloadActual  37: 1 op, 14800.00 ns, 14.8000 us/op
WorkloadActual  38: 1 op, 13500.00 ns, 13.5000 us/op
WorkloadActual  39: 1 op, 13900.00 ns, 13.9000 us/op
WorkloadActual  40: 1 op, 18900.00 ns, 18.9000 us/op
WorkloadActual  41: 1 op, 15100.00 ns, 15.1000 us/op
WorkloadActual  42: 1 op, 14400.00 ns, 14.4000 us/op
WorkloadActual  43: 1 op, 19000.00 ns, 19.0000 us/op
WorkloadActual  44: 1 op, 17300.00 ns, 17.3000 us/op
WorkloadActual  45: 1 op, 14100.00 ns, 14.1000 us/op
WorkloadActual  46: 1 op, 13500.00 ns, 13.5000 us/op
WorkloadActual  47: 1 op, 15300.00 ns, 15.3000 us/op
WorkloadActual  48: 1 op, 14400.00 ns, 14.4000 us/op
WorkloadActual  49: 1 op, 14100.00 ns, 14.1000 us/op
WorkloadActual  50: 1 op, 21400.00 ns, 21.4000 us/op
WorkloadActual  51: 1 op, 15700.00 ns, 15.7000 us/op
WorkloadActual  52: 1 op, 14900.00 ns, 14.9000 us/op
WorkloadActual  53: 1 op, 19900.00 ns, 19.9000 us/op
WorkloadActual  54: 1 op, 15500.00 ns, 15.5000 us/op
WorkloadActual  55: 1 op, 13900.00 ns, 13.9000 us/op
WorkloadActual  56: 1 op, 13300.00 ns, 13.3000 us/op
WorkloadActual  57: 1 op, 14600.00 ns, 14.6000 us/op
WorkloadActual  58: 1 op, 13800.00 ns, 13.8000 us/op
WorkloadActual  59: 1 op, 13400.00 ns, 13.4000 us/op
WorkloadActual  60: 1 op, 13400.00 ns, 13.4000 us/op
WorkloadActual  61: 1 op, 12700.00 ns, 12.7000 us/op
WorkloadActual  62: 1 op, 13600.00 ns, 13.6000 us/op
WorkloadActual  63: 1 op, 17800.00 ns, 17.8000 us/op
WorkloadActual  64: 1 op, 14200.00 ns, 14.2000 us/op
WorkloadActual  65: 1 op, 13300.00 ns, 13.3000 us/op
WorkloadActual  66: 1 op, 13100.00 ns, 13.1000 us/op
WorkloadActual  67: 1 op, 17300.00 ns, 17.3000 us/op
WorkloadActual  68: 1 op, 14400.00 ns, 14.4000 us/op
WorkloadActual  69: 1 op, 13900.00 ns, 13.9000 us/op
WorkloadActual  70: 1 op, 15400.00 ns, 15.4000 us/op
WorkloadActual  71: 1 op, 13600.00 ns, 13.6000 us/op
WorkloadActual  72: 1 op, 14000.00 ns, 14.0000 us/op
WorkloadActual  73: 1 op, 18100.00 ns, 18.1000 us/op
WorkloadActual  74: 1 op, 14100.00 ns, 14.1000 us/op
WorkloadActual  75: 1 op, 13500.00 ns, 13.5000 us/op
WorkloadActual  76: 1 op, 18500.00 ns, 18.5000 us/op
WorkloadActual  77: 1 op, 14000.00 ns, 14.0000 us/op
WorkloadActual  78: 1 op, 13300.00 ns, 13.3000 us/op
WorkloadActual  79: 1 op, 12900.00 ns, 12.9000 us/op
WorkloadActual  80: 1 op, 13800.00 ns, 13.8000 us/op
WorkloadActual  81: 1 op, 12800.00 ns, 12.8000 us/op
WorkloadActual  82: 1 op, 13600.00 ns, 13.6000 us/op
WorkloadActual  83: 1 op, 20100.00 ns, 20.1000 us/op
WorkloadActual  84: 1 op, 14700.00 ns, 14.7000 us/op
WorkloadActual  85: 1 op, 14100.00 ns, 14.1000 us/op
WorkloadActual  86: 1 op, 17600.00 ns, 17.6000 us/op
WorkloadActual  87: 1 op, 13800.00 ns, 13.8000 us/op
WorkloadActual  88: 1 op, 13200.00 ns, 13.2000 us/op
WorkloadActual  89: 1 op, 14000.00 ns, 14.0000 us/op
WorkloadActual  90: 1 op, 14500.00 ns, 14.5000 us/op
WorkloadActual  91: 1 op, 12900.00 ns, 12.9000 us/op
WorkloadActual  92: 1 op, 13700.00 ns, 13.7000 us/op
WorkloadActual  93: 1 op, 14900.00 ns, 14.9000 us/op
WorkloadActual  94: 1 op, 12300.00 ns, 12.3000 us/op
WorkloadActual  95: 1 op, 13500.00 ns, 13.5000 us/op
WorkloadActual  96: 1 op, 17400.00 ns, 17.4000 us/op
WorkloadActual  97: 1 op, 14600.00 ns, 14.6000 us/op
WorkloadActual  98: 1 op, 13700.00 ns, 13.7000 us/op
WorkloadActual  99: 1 op, 13600.00 ns, 13.6000 us/op
WorkloadActual  100: 1 op, 13600.00 ns, 13.6000 us/op

// AfterActualRun
WorkloadResult   1: 1 op, 20200.00 ns, 20.2000 us/op
WorkloadResult   2: 1 op, 17400.00 ns, 17.4000 us/op
WorkloadResult   3: 1 op, 18000.00 ns, 18.0000 us/op
WorkloadResult   4: 1 op, 16700.00 ns, 16.7000 us/op
WorkloadResult   5: 1 op, 16700.00 ns, 16.7000 us/op
WorkloadResult   6: 1 op, 16500.00 ns, 16.5000 us/op
WorkloadResult   7: 1 op, 16300.00 ns, 16.3000 us/op
WorkloadResult   8: 1 op, 15000.00 ns, 15.0000 us/op
WorkloadResult   9: 1 op, 15000.00 ns, 15.0000 us/op
WorkloadResult  10: 1 op, 16700.00 ns, 16.7000 us/op
WorkloadResult  11: 1 op, 15100.00 ns, 15.1000 us/op
WorkloadResult  12: 1 op, 16400.00 ns, 16.4000 us/op
WorkloadResult  13: 1 op, 15000.00 ns, 15.0000 us/op
WorkloadResult  14: 1 op, 15100.00 ns, 15.1000 us/op
WorkloadResult  15: 1 op, 19500.00 ns, 19.5000 us/op
WorkloadResult  16: 1 op, 15800.00 ns, 15.8000 us/op
WorkloadResult  17: 1 op, 15700.00 ns, 15.7000 us/op
WorkloadResult  18: 1 op, 15100.00 ns, 15.1000 us/op
WorkloadResult  19: 1 op, 20700.00 ns, 20.7000 us/op
WorkloadResult  20: 1 op, 19000.00 ns, 19.0000 us/op
WorkloadResult  21: 1 op, 15100.00 ns, 15.1000 us/op
WorkloadResult  22: 1 op, 18100.00 ns, 18.1000 us/op
WorkloadResult  23: 1 op, 15500.00 ns, 15.5000 us/op
WorkloadResult  24: 1 op, 14100.00 ns, 14.1000 us/op
WorkloadResult  25: 1 op, 13700.00 ns, 13.7000 us/op
WorkloadResult  26: 1 op, 14200.00 ns, 14.2000 us/op
WorkloadResult  27: 1 op, 14200.00 ns, 14.2000 us/op
WorkloadResult  28: 1 op, 14300.00 ns, 14.3000 us/op
WorkloadResult  29: 1 op, 19100.00 ns, 19.1000 us/op
WorkloadResult  30: 1 op, 14800.00 ns, 14.8000 us/op
WorkloadResult  31: 1 op, 13800.00 ns, 13.8000 us/op
WorkloadResult  32: 1 op, 18500.00 ns, 18.5000 us/op
WorkloadResult  33: 1 op, 14500.00 ns, 14.5000 us/op
WorkloadResult  34: 1 op, 14900.00 ns, 14.9000 us/op
WorkloadResult  35: 1 op, 13800.00 ns, 13.8000 us/op
WorkloadResult  36: 1 op, 14700.00 ns, 14.7000 us/op
WorkloadResult  37: 1 op, 13400.00 ns, 13.4000 us/op
WorkloadResult  38: 1 op, 13800.00 ns, 13.8000 us/op
WorkloadResult  39: 1 op, 18800.00 ns, 18.8000 us/op
WorkloadResult  40: 1 op, 15000.00 ns, 15.0000 us/op
WorkloadResult  41: 1 op, 14300.00 ns, 14.3000 us/op
WorkloadResult  42: 1 op, 18900.00 ns, 18.9000 us/op
WorkloadResult  43: 1 op, 17200.00 ns, 17.2000 us/op
WorkloadResult  44: 1 op, 14000.00 ns, 14.0000 us/op
WorkloadResult  45: 1 op, 13400.00 ns, 13.4000 us/op
WorkloadResult  46: 1 op, 15200.00 ns, 15.2000 us/op
WorkloadResult  47: 1 op, 14300.00 ns, 14.3000 us/op
WorkloadResult  48: 1 op, 14000.00 ns, 14.0000 us/op
WorkloadResult  49: 1 op, 15600.00 ns, 15.6000 us/op
WorkloadResult  50: 1 op, 14800.00 ns, 14.8000 us/op
WorkloadResult  51: 1 op, 19800.00 ns, 19.8000 us/op
WorkloadResult  52: 1 op, 15400.00 ns, 15.4000 us/op
WorkloadResult  53: 1 op, 13800.00 ns, 13.8000 us/op
WorkloadResult  54: 1 op, 13200.00 ns, 13.2000 us/op
WorkloadResult  55: 1 op, 14500.00 ns, 14.5000 us/op
WorkloadResult  56: 1 op, 13700.00 ns, 13.7000 us/op
WorkloadResult  57: 1 op, 13300.00 ns, 13.3000 us/op
WorkloadResult  58: 1 op, 13300.00 ns, 13.3000 us/op
WorkloadResult  59: 1 op, 12600.00 ns, 12.6000 us/op
WorkloadResult  60: 1 op, 13500.00 ns, 13.5000 us/op
WorkloadResult  61: 1 op, 17700.00 ns, 17.7000 us/op
WorkloadResult  62: 1 op, 14100.00 ns, 14.1000 us/op
WorkloadResult  63: 1 op, 13200.00 ns, 13.2000 us/op
WorkloadResult  64: 1 op, 13000.00 ns, 13.0000 us/op
WorkloadResult  65: 1 op, 17200.00 ns, 17.2000 us/op
WorkloadResult  66: 1 op, 14300.00 ns, 14.3000 us/op
WorkloadResult  67: 1 op, 13800.00 ns, 13.8000 us/op
WorkloadResult  68: 1 op, 15300.00 ns, 15.3000 us/op
WorkloadResult  69: 1 op, 13500.00 ns, 13.5000 us/op
WorkloadResult  70: 1 op, 13900.00 ns, 13.9000 us/op
WorkloadResult  71: 1 op, 18000.00 ns, 18.0000 us/op
WorkloadResult  72: 1 op, 14000.00 ns, 14.0000 us/op
WorkloadResult  73: 1 op, 13400.00 ns, 13.4000 us/op
WorkloadResult  74: 1 op, 18400.00 ns, 18.4000 us/op
WorkloadResult  75: 1 op, 13900.00 ns, 13.9000 us/op
WorkloadResult  76: 1 op, 13200.00 ns, 13.2000 us/op
WorkloadResult  77: 1 op, 12800.00 ns, 12.8000 us/op
WorkloadResult  78: 1 op, 13700.00 ns, 13.7000 us/op
WorkloadResult  79: 1 op, 12700.00 ns, 12.7000 us/op
WorkloadResult  80: 1 op, 13500.00 ns, 13.5000 us/op
WorkloadResult  81: 1 op, 20000.00 ns, 20.0000 us/op
WorkloadResult  82: 1 op, 14600.00 ns, 14.6000 us/op
WorkloadResult  83: 1 op, 14000.00 ns, 14.0000 us/op
WorkloadResult  84: 1 op, 17500.00 ns, 17.5000 us/op
WorkloadResult  85: 1 op, 13700.00 ns, 13.7000 us/op
WorkloadResult  86: 1 op, 13100.00 ns, 13.1000 us/op
WorkloadResult  87: 1 op, 13900.00 ns, 13.9000 us/op
WorkloadResult  88: 1 op, 14400.00 ns, 14.4000 us/op
WorkloadResult  89: 1 op, 12800.00 ns, 12.8000 us/op
WorkloadResult  90: 1 op, 13600.00 ns, 13.6000 us/op
WorkloadResult  91: 1 op, 14800.00 ns, 14.8000 us/op
WorkloadResult  92: 1 op, 12200.00 ns, 12.2000 us/op
WorkloadResult  93: 1 op, 13400.00 ns, 13.4000 us/op
WorkloadResult  94: 1 op, 17300.00 ns, 17.3000 us/op
WorkloadResult  95: 1 op, 14500.00 ns, 14.5000 us/op
WorkloadResult  96: 1 op, 13600.00 ns, 13.6000 us/op
WorkloadResult  97: 1 op, 13500.00 ns, 13.5000 us/op
WorkloadResult  98: 1 op, 13500.00 ns, 13.5000 us/op
// GC:  0 0 0 26736 1
// Threading:  0 0 1

// AfterAll
// Benchmark Process 24644 has exited with code 0.

Mean = 15.153 μs, StdErr = 0.204 μs (1.35%), N = 98, StdDev = 2.019 μs
Min = 12.200 μs, Q1 = 13.700 μs, Median = 14.500 μs, Q3 = 16.375 μs, Max = 20.700 μs
IQR = 2.675 μs, LowerFence = 9.688 μs, UpperFence = 20.387 μs
ConfidenceInterval = [14.461 μs; 15.845 μs] (CI 99.9%), Margin = 0.692 μs (4.57% of Mean)
Skewness = 1.01, Kurtosis = 3.01, MValue = 2.7

// ** Remained 7 (46,7%) benchmark(s) to run. Estimated finish 2026-09-11 16:12 (0h 0m from now) **
Setup power plan (GUID: 8c5e7fda-e8bf-4a96-9a85-a6e23a8c635c FriendlyName: High performance)
// **************************
// Benchmark: HierarchyBenchmarks.GetChildren: Job-UVKQEI(InvocationCount=1, UnrollFactor=1) [NodeCount=1000]
// *** Execute ***
// Launch: 1 / 1
// Execute: dotnet 75f716e5-150e-4cac-8489-646df18098a3.dll --anonymousPipes 1864 1544 --benchmarkName "HierarchyBenchmarks.GetChildren(NodeCount: 1000)" --job "InvocationCount=1, UnrollFactor=1" --benchmarkId 8 in D:\HierarchyKit\benchmarks\HierarchyKit.Benchmarks\bin\Release\net10.0\75f716e5-150e-4cac-8489-646df18098a3\bin\Release\net10.0
// BeforeAnythingElse

// Benchmark Process Environment Information:
// BenchmarkDotNet v0.14.0
// Runtime=.NET 10.0.12 (10.0.1226.42308), X64 RyuJIT AVX2
// GC=Non-concurrent Workstation
// HardwareIntrinsics=AVX2,AES,BMI1,BMI2,FMA,LZCNT,PCLMUL,POPCNT,AvxVnni,SERIALIZE VectorSize=256
// Job: Job-VVWTAC(InvocationCount=1, UnrollFactor=1)

OverheadJitting  1: 1 op, 194700.00 ns, 194.7000 us/op
WorkloadJitting  1: 1 op, 818900.00 ns, 818.9000 us/op

OverheadWarmup   1: 1 op, 200.00 ns, 200.0000 ns/op
OverheadWarmup   2: 1 op, 200.00 ns, 200.0000 ns/op
OverheadWarmup   3: 1 op, 200.00 ns, 200.0000 ns/op
OverheadWarmup   4: 1 op, 100.00 ns, 100.0000 ns/op
OverheadWarmup   5: 1 op, 100.00 ns, 100.0000 ns/op

OverheadActual   1: 1 op, 100.00 ns, 100.0000 ns/op
OverheadActual   2: 1 op, 200.00 ns, 200.0000 ns/op
OverheadActual   3: 1 op, 4600.00 ns, 4.6000 us/op
OverheadActual   4: 1 op, 200.00 ns, 200.0000 ns/op
OverheadActual   5: 1 op, 200.00 ns, 200.0000 ns/op
OverheadActual   6: 1 op, 100.00 ns, 100.0000 ns/op
OverheadActual   7: 1 op, 0.00 ns, 0.0000 ns/op
OverheadActual   8: 1 op, 100.00 ns, 100.0000 ns/op
OverheadActual   9: 1 op, 0.00 ns, 0.0000 ns/op
OverheadActual  10: 1 op, 100.00 ns, 100.0000 ns/op
OverheadActual  11: 1 op, 100.00 ns, 100.0000 ns/op
OverheadActual  12: 1 op, 0.00 ns, 0.0000 ns/op
OverheadActual  13: 1 op, 100.00 ns, 100.0000 ns/op
OverheadActual  14: 1 op, 0.00 ns, 0.0000 ns/op
OverheadActual  15: 1 op, 100.00 ns, 100.0000 ns/op
OverheadActual  16: 1 op, 100.00 ns, 100.0000 ns/op
OverheadActual  17: 1 op, 100.00 ns, 100.0000 ns/op
OverheadActual  18: 1 op, 100.00 ns, 100.0000 ns/op
OverheadActual  19: 1 op, 100.00 ns, 100.0000 ns/op
OverheadActual  20: 1 op, 100.00 ns, 100.0000 ns/op

WorkloadWarmup   1: 1 op, 29200.00 ns, 29.2000 us/op
WorkloadWarmup   2: 1 op, 21300.00 ns, 21.3000 us/op
WorkloadWarmup   3: 1 op, 19300.00 ns, 19.3000 us/op
WorkloadWarmup   4: 1 op, 18600.00 ns, 18.6000 us/op
WorkloadWarmup   5: 1 op, 17200.00 ns, 17.2000 us/op
WorkloadWarmup   6: 1 op, 17700.00 ns, 17.7000 us/op
WorkloadWarmup   7: 1 op, 23500.00 ns, 23.5000 us/op
WorkloadWarmup   8: 1 op, 22800.00 ns, 22.8000 us/op
WorkloadWarmup   9: 1 op, 22700.00 ns, 22.7000 us/op
WorkloadWarmup  10: 1 op, 22400.00 ns, 22.4000 us/op
WorkloadWarmup  11: 1 op, 23700.00 ns, 23.7000 us/op
WorkloadWarmup  12: 1 op, 25300.00 ns, 25.3000 us/op
WorkloadWarmup  13: 1 op, 22200.00 ns, 22.2000 us/op

// BeforeActualRun
WorkloadActual   1: 1 op, 25400.00 ns, 25.4000 us/op
WorkloadActual   2: 1 op, 21500.00 ns, 21.5000 us/op
WorkloadActual   3: 1 op, 20400.00 ns, 20.4000 us/op
WorkloadActual   4: 1 op, 20500.00 ns, 20.5000 us/op
WorkloadActual   5: 1 op, 20800.00 ns, 20.8000 us/op
WorkloadActual   6: 1 op, 19900.00 ns, 19.9000 us/op
WorkloadActual   7: 1 op, 20900.00 ns, 20.9000 us/op
WorkloadActual   8: 1 op, 23900.00 ns, 23.9000 us/op
WorkloadActual   9: 1 op, 22700.00 ns, 22.7000 us/op
WorkloadActual  10: 1 op, 20700.00 ns, 20.7000 us/op
WorkloadActual  11: 1 op, 20700.00 ns, 20.7000 us/op
WorkloadActual  12: 1 op, 21600.00 ns, 21.6000 us/op
WorkloadActual  13: 1 op, 20900.00 ns, 20.9000 us/op
WorkloadActual  14: 1 op, 19400.00 ns, 19.4000 us/op
WorkloadActual  15: 1 op, 24700.00 ns, 24.7000 us/op
WorkloadActual  16: 1 op, 21900.00 ns, 21.9000 us/op
WorkloadActual  17: 1 op, 20700.00 ns, 20.7000 us/op
WorkloadActual  18: 1 op, 21700.00 ns, 21.7000 us/op
WorkloadActual  19: 1 op, 20500.00 ns, 20.5000 us/op
WorkloadActual  20: 1 op, 19300.00 ns, 19.3000 us/op
WorkloadActual  21: 1 op, 19100.00 ns, 19.1000 us/op
WorkloadActual  22: 1 op, 21800.00 ns, 21.8000 us/op
WorkloadActual  23: 1 op, 21600.00 ns, 21.6000 us/op
WorkloadActual  24: 1 op, 20000.00 ns, 20.0000 us/op
WorkloadActual  25: 1 op, 18800.00 ns, 18.8000 us/op
WorkloadActual  26: 1 op, 28000.00 ns, 28.0000 us/op
WorkloadActual  27: 1 op, 20400.00 ns, 20.4000 us/op
WorkloadActual  28: 1 op, 18600.00 ns, 18.6000 us/op
WorkloadActual  29: 1 op, 20800.00 ns, 20.8000 us/op
WorkloadActual  30: 1 op, 22500.00 ns, 22.5000 us/op
WorkloadActual  31: 1 op, 18500.00 ns, 18.5000 us/op
WorkloadActual  32: 1 op, 19400.00 ns, 19.4000 us/op
WorkloadActual  33: 1 op, 24000.00 ns, 24.0000 us/op
WorkloadActual  34: 1 op, 21600.00 ns, 21.6000 us/op
WorkloadActual  35: 1 op, 20000.00 ns, 20.0000 us/op
WorkloadActual  36: 1 op, 19300.00 ns, 19.3000 us/op
WorkloadActual  37: 1 op, 19900.00 ns, 19.9000 us/op
WorkloadActual  38: 1 op, 19000.00 ns, 19.0000 us/op
WorkloadActual  39: 1 op, 19000.00 ns, 19.0000 us/op
WorkloadActual  40: 1 op, 19900.00 ns, 19.9000 us/op
WorkloadActual  41: 1 op, 23500.00 ns, 23.5000 us/op
WorkloadActual  42: 1 op, 19700.00 ns, 19.7000 us/op
WorkloadActual  43: 1 op, 19000.00 ns, 19.0000 us/op
WorkloadActual  44: 1 op, 18800.00 ns, 18.8000 us/op
WorkloadActual  45: 1 op, 21100.00 ns, 21.1000 us/op
WorkloadActual  46: 1 op, 20100.00 ns, 20.1000 us/op
WorkloadActual  47: 1 op, 19600.00 ns, 19.6000 us/op
WorkloadActual  48: 1 op, 21000.00 ns, 21.0000 us/op
WorkloadActual  49: 1 op, 19600.00 ns, 19.6000 us/op
WorkloadActual  50: 1 op, 19200.00 ns, 19.2000 us/op
WorkloadActual  51: 1 op, 18800.00 ns, 18.8000 us/op
WorkloadActual  52: 1 op, 20500.00 ns, 20.5000 us/op
WorkloadActual  53: 1 op, 19000.00 ns, 19.0000 us/op
WorkloadActual  54: 1 op, 18800.00 ns, 18.8000 us/op
WorkloadActual  55: 1 op, 22200.00 ns, 22.2000 us/op
WorkloadActual  56: 1 op, 20700.00 ns, 20.7000 us/op
WorkloadActual  57: 1 op, 19500.00 ns, 19.5000 us/op
WorkloadActual  58: 1 op, 18900.00 ns, 18.9000 us/op
WorkloadActual  59: 1 op, 20200.00 ns, 20.2000 us/op
WorkloadActual  60: 1 op, 18500.00 ns, 18.5000 us/op
WorkloadActual  61: 1 op, 18700.00 ns, 18.7000 us/op
WorkloadActual  62: 1 op, 18400.00 ns, 18.4000 us/op
WorkloadActual  63: 1 op, 19600.00 ns, 19.6000 us/op
WorkloadActual  64: 1 op, 18500.00 ns, 18.5000 us/op
WorkloadActual  65: 1 op, 20000.00 ns, 20.0000 us/op
WorkloadActual  66: 1 op, 18200.00 ns, 18.2000 us/op
WorkloadActual  67: 1 op, 19700.00 ns, 19.7000 us/op
WorkloadActual  68: 1 op, 18400.00 ns, 18.4000 us/op
WorkloadActual  69: 1 op, 18600.00 ns, 18.6000 us/op
WorkloadActual  70: 1 op, 22100.00 ns, 22.1000 us/op
WorkloadActual  71: 1 op, 20300.00 ns, 20.3000 us/op
WorkloadActual  72: 1 op, 19100.00 ns, 19.1000 us/op
WorkloadActual  73: 1 op, 18700.00 ns, 18.7000 us/op
WorkloadActual  74: 1 op, 20100.00 ns, 20.1000 us/op
WorkloadActual  75: 1 op, 18500.00 ns, 18.5000 us/op
WorkloadActual  76: 1 op, 18100.00 ns, 18.1000 us/op
WorkloadActual  77: 1 op, 18200.00 ns, 18.2000 us/op
WorkloadActual  78: 1 op, 23100.00 ns, 23.1000 us/op
WorkloadActual  79: 1 op, 19900.00 ns, 19.9000 us/op
WorkloadActual  80: 1 op, 18300.00 ns, 18.3000 us/op
WorkloadActual  81: 1 op, 23100.00 ns, 23.1000 us/op
WorkloadActual  82: 1 op, 19700.00 ns, 19.7000 us/op
WorkloadActual  83: 1 op, 18400.00 ns, 18.4000 us/op
WorkloadActual  84: 1 op, 18600.00 ns, 18.6000 us/op
WorkloadActual  85: 1 op, 19700.00 ns, 19.7000 us/op
WorkloadActual  86: 1 op, 19500.00 ns, 19.5000 us/op
WorkloadActual  87: 1 op, 19100.00 ns, 19.1000 us/op
WorkloadActual  88: 1 op, 22100.00 ns, 22.1000 us/op
WorkloadActual  89: 1 op, 21200.00 ns, 21.2000 us/op
WorkloadActual  90: 1 op, 19500.00 ns, 19.5000 us/op
WorkloadActual  91: 1 op, 18400.00 ns, 18.4000 us/op
WorkloadActual  92: 1 op, 23300.00 ns, 23.3000 us/op
WorkloadActual  93: 1 op, 20500.00 ns, 20.5000 us/op
WorkloadActual  94: 1 op, 19400.00 ns, 19.4000 us/op
WorkloadActual  95: 1 op, 20000.00 ns, 20.0000 us/op
WorkloadActual  96: 1 op, 19300.00 ns, 19.3000 us/op
WorkloadActual  97: 1 op, 18700.00 ns, 18.7000 us/op
WorkloadActual  98: 1 op, 23400.00 ns, 23.4000 us/op
WorkloadActual  99: 1 op, 21100.00 ns, 21.1000 us/op
WorkloadActual  100: 1 op, 19400.00 ns, 19.4000 us/op

// AfterActualRun
WorkloadResult   1: 1 op, 21400.00 ns, 21.4000 us/op
WorkloadResult   2: 1 op, 20300.00 ns, 20.3000 us/op
WorkloadResult   3: 1 op, 20400.00 ns, 20.4000 us/op
WorkloadResult   4: 1 op, 20700.00 ns, 20.7000 us/op
WorkloadResult   5: 1 op, 19800.00 ns, 19.8000 us/op
WorkloadResult   6: 1 op, 20800.00 ns, 20.8000 us/op
WorkloadResult   7: 1 op, 23800.00 ns, 23.8000 us/op
WorkloadResult   8: 1 op, 22600.00 ns, 22.6000 us/op
WorkloadResult   9: 1 op, 20600.00 ns, 20.6000 us/op
WorkloadResult  10: 1 op, 20600.00 ns, 20.6000 us/op
WorkloadResult  11: 1 op, 21500.00 ns, 21.5000 us/op
WorkloadResult  12: 1 op, 20800.00 ns, 20.8000 us/op
WorkloadResult  13: 1 op, 19300.00 ns, 19.3000 us/op
WorkloadResult  14: 1 op, 21800.00 ns, 21.8000 us/op
WorkloadResult  15: 1 op, 20600.00 ns, 20.6000 us/op
WorkloadResult  16: 1 op, 21600.00 ns, 21.6000 us/op
WorkloadResult  17: 1 op, 20400.00 ns, 20.4000 us/op
WorkloadResult  18: 1 op, 19200.00 ns, 19.2000 us/op
WorkloadResult  19: 1 op, 19000.00 ns, 19.0000 us/op
WorkloadResult  20: 1 op, 21700.00 ns, 21.7000 us/op
WorkloadResult  21: 1 op, 21500.00 ns, 21.5000 us/op
WorkloadResult  22: 1 op, 19900.00 ns, 19.9000 us/op
WorkloadResult  23: 1 op, 18700.00 ns, 18.7000 us/op
WorkloadResult  24: 1 op, 20300.00 ns, 20.3000 us/op
WorkloadResult  25: 1 op, 18500.00 ns, 18.5000 us/op
WorkloadResult  26: 1 op, 20700.00 ns, 20.7000 us/op
WorkloadResult  27: 1 op, 22400.00 ns, 22.4000 us/op
WorkloadResult  28: 1 op, 18400.00 ns, 18.4000 us/op
WorkloadResult  29: 1 op, 19300.00 ns, 19.3000 us/op
WorkloadResult  30: 1 op, 23900.00 ns, 23.9000 us/op
WorkloadResult  31: 1 op, 21500.00 ns, 21.5000 us/op
WorkloadResult  32: 1 op, 19900.00 ns, 19.9000 us/op
WorkloadResult  33: 1 op, 19200.00 ns, 19.2000 us/op
WorkloadResult  34: 1 op, 19800.00 ns, 19.8000 us/op
WorkloadResult  35: 1 op, 18900.00 ns, 18.9000 us/op
WorkloadResult  36: 1 op, 18900.00 ns, 18.9000 us/op
WorkloadResult  37: 1 op, 19800.00 ns, 19.8000 us/op
WorkloadResult  38: 1 op, 23400.00 ns, 23.4000 us/op
WorkloadResult  39: 1 op, 19600.00 ns, 19.6000 us/op
WorkloadResult  40: 1 op, 18900.00 ns, 18.9000 us/op
WorkloadResult  41: 1 op, 18700.00 ns, 18.7000 us/op
WorkloadResult  42: 1 op, 21000.00 ns, 21.0000 us/op
WorkloadResult  43: 1 op, 20000.00 ns, 20.0000 us/op
WorkloadResult  44: 1 op, 19500.00 ns, 19.5000 us/op
WorkloadResult  45: 1 op, 20900.00 ns, 20.9000 us/op
WorkloadResult  46: 1 op, 19500.00 ns, 19.5000 us/op
WorkloadResult  47: 1 op, 19100.00 ns, 19.1000 us/op
WorkloadResult  48: 1 op, 18700.00 ns, 18.7000 us/op
WorkloadResult  49: 1 op, 20400.00 ns, 20.4000 us/op
WorkloadResult  50: 1 op, 18900.00 ns, 18.9000 us/op
WorkloadResult  51: 1 op, 18700.00 ns, 18.7000 us/op
WorkloadResult  52: 1 op, 22100.00 ns, 22.1000 us/op
WorkloadResult  53: 1 op, 20600.00 ns, 20.6000 us/op
WorkloadResult  54: 1 op, 19400.00 ns, 19.4000 us/op
WorkloadResult  55: 1 op, 18800.00 ns, 18.8000 us/op
WorkloadResult  56: 1 op, 20100.00 ns, 20.1000 us/op
WorkloadResult  57: 1 op, 18400.00 ns, 18.4000 us/op
WorkloadResult  58: 1 op, 18600.00 ns, 18.6000 us/op
WorkloadResult  59: 1 op, 18300.00 ns, 18.3000 us/op
WorkloadResult  60: 1 op, 19500.00 ns, 19.5000 us/op
WorkloadResult  61: 1 op, 18400.00 ns, 18.4000 us/op
WorkloadResult  62: 1 op, 19900.00 ns, 19.9000 us/op
WorkloadResult  63: 1 op, 18100.00 ns, 18.1000 us/op
WorkloadResult  64: 1 op, 19600.00 ns, 19.6000 us/op
WorkloadResult  65: 1 op, 18300.00 ns, 18.3000 us/op
WorkloadResult  66: 1 op, 18500.00 ns, 18.5000 us/op
WorkloadResult  67: 1 op, 22000.00 ns, 22.0000 us/op
WorkloadResult  68: 1 op, 20200.00 ns, 20.2000 us/op
WorkloadResult  69: 1 op, 19000.00 ns, 19.0000 us/op
WorkloadResult  70: 1 op, 18600.00 ns, 18.6000 us/op
WorkloadResult  71: 1 op, 20000.00 ns, 20.0000 us/op
WorkloadResult  72: 1 op, 18400.00 ns, 18.4000 us/op
WorkloadResult  73: 1 op, 18000.00 ns, 18.0000 us/op
WorkloadResult  74: 1 op, 18100.00 ns, 18.1000 us/op
WorkloadResult  75: 1 op, 23000.00 ns, 23.0000 us/op
WorkloadResult  76: 1 op, 19800.00 ns, 19.8000 us/op
WorkloadResult  77: 1 op, 18200.00 ns, 18.2000 us/op
WorkloadResult  78: 1 op, 23000.00 ns, 23.0000 us/op
WorkloadResult  79: 1 op, 19600.00 ns, 19.6000 us/op
WorkloadResult  80: 1 op, 18300.00 ns, 18.3000 us/op
WorkloadResult  81: 1 op, 18500.00 ns, 18.5000 us/op
WorkloadResult  82: 1 op, 19600.00 ns, 19.6000 us/op
WorkloadResult  83: 1 op, 19400.00 ns, 19.4000 us/op
WorkloadResult  84: 1 op, 19000.00 ns, 19.0000 us/op
WorkloadResult  85: 1 op, 22000.00 ns, 22.0000 us/op
WorkloadResult  86: 1 op, 21100.00 ns, 21.1000 us/op
WorkloadResult  87: 1 op, 19400.00 ns, 19.4000 us/op
WorkloadResult  88: 1 op, 18300.00 ns, 18.3000 us/op
WorkloadResult  89: 1 op, 23200.00 ns, 23.2000 us/op
WorkloadResult  90: 1 op, 20400.00 ns, 20.4000 us/op
WorkloadResult  91: 1 op, 19300.00 ns, 19.3000 us/op
WorkloadResult  92: 1 op, 19900.00 ns, 19.9000 us/op
WorkloadResult  93: 1 op, 19200.00 ns, 19.2000 us/op
WorkloadResult  94: 1 op, 18600.00 ns, 18.6000 us/op
WorkloadResult  95: 1 op, 23300.00 ns, 23.3000 us/op
WorkloadResult  96: 1 op, 21000.00 ns, 21.0000 us/op
WorkloadResult  97: 1 op, 19300.00 ns, 19.3000 us/op
// GC:  0 0 0 12528 1
// Threading:  0 0 1

// AfterAll
// Benchmark Process 24188 has exited with code 0.

Mean = 20.022 μs, StdErr = 0.148 μs (0.74%), N = 97, StdDev = 1.456 μs
Min = 18.000 μs, Q1 = 18.900 μs, Median = 19.800 μs, Q3 = 20.800 μs, Max = 23.900 μs
IQR = 1.900 μs, LowerFence = 16.050 μs, UpperFence = 23.650 μs
ConfidenceInterval = [19.520 μs; 20.524 μs] (CI 99.9%), Margin = 0.502 μs (2.51% of Mean)
Skewness = 0.83, Kurtosis = 2.94, MValue = 2.23

// ** Remained 6 (40,0%) benchmark(s) to run. Estimated finish 2026-09-11 16:12 (0h 0m from now) **
Setup power plan (GUID: 8c5e7fda-e8bf-4a96-9a85-a6e23a8c635c FriendlyName: High performance)
// **************************
// Benchmark: HierarchyBenchmarks.Descendants: Job-UVKQEI(InvocationCount=1, UnrollFactor=1) [NodeCount=1000]
// *** Execute ***
// Launch: 1 / 1
// Execute: dotnet 75f716e5-150e-4cac-8489-646df18098a3.dll --anonymousPipes 1608 2072 --benchmarkName "HierarchyBenchmarks.Descendants(NodeCount: 1000)" --job "InvocationCount=1, UnrollFactor=1" --benchmarkId 9 in D:\HierarchyKit\benchmarks\HierarchyKit.Benchmarks\bin\Release\net10.0\75f716e5-150e-4cac-8489-646df18098a3\bin\Release\net10.0
// BeforeAnythingElse

// Benchmark Process Environment Information:
// BenchmarkDotNet v0.14.0
// Runtime=.NET 10.0.12 (10.0.1226.42308), X64 RyuJIT AVX2
// GC=Non-concurrent Workstation
// HardwareIntrinsics=AVX2,AES,BMI1,BMI2,FMA,LZCNT,PCLMUL,POPCNT,AvxVnni,SERIALIZE VectorSize=256
// Job: Job-BICKJN(InvocationCount=1, UnrollFactor=1)

OverheadJitting  1: 1 op, 184100.00 ns, 184.1000 us/op
WorkloadJitting  1: 1 op, 2568100.00 ns, 2.5681 ms/op

OverheadWarmup   1: 1 op, 200.00 ns, 200.0000 ns/op
OverheadWarmup   2: 1 op, 200.00 ns, 200.0000 ns/op
OverheadWarmup   3: 1 op, 200.00 ns, 200.0000 ns/op
OverheadWarmup   4: 1 op, 200.00 ns, 200.0000 ns/op
OverheadWarmup   5: 1 op, 200.00 ns, 200.0000 ns/op

OverheadActual   1: 1 op, 200.00 ns, 200.0000 ns/op
OverheadActual   2: 1 op, 200.00 ns, 200.0000 ns/op
OverheadActual   3: 1 op, 100.00 ns, 100.0000 ns/op
OverheadActual   4: 1 op, 100.00 ns, 100.0000 ns/op
OverheadActual   5: 1 op, 200.00 ns, 200.0000 ns/op
OverheadActual   6: 1 op, 100.00 ns, 100.0000 ns/op
OverheadActual   7: 1 op, 200.00 ns, 200.0000 ns/op
OverheadActual   8: 1 op, 100.00 ns, 100.0000 ns/op
OverheadActual   9: 1 op, 200.00 ns, 200.0000 ns/op
OverheadActual  10: 1 op, 0.00 ns, 0.0000 ns/op
OverheadActual  11: 1 op, 0.00 ns, 0.0000 ns/op
OverheadActual  12: 1 op, 200.00 ns, 200.0000 ns/op
OverheadActual  13: 1 op, 100.00 ns, 100.0000 ns/op
OverheadActual  14: 1 op, 100.00 ns, 100.0000 ns/op
OverheadActual  15: 1 op, 200.00 ns, 200.0000 ns/op
OverheadActual  16: 1 op, 100.00 ns, 100.0000 ns/op
OverheadActual  17: 1 op, 100.00 ns, 100.0000 ns/op
OverheadActual  18: 1 op, 100.00 ns, 100.0000 ns/op
OverheadActual  19: 1 op, 100.00 ns, 100.0000 ns/op
OverheadActual  20: 1 op, 100.00 ns, 100.0000 ns/op

WorkloadWarmup   1: 1 op, 114100.00 ns, 114.1000 us/op
WorkloadWarmup   2: 1 op, 105800.00 ns, 105.8000 us/op
WorkloadWarmup   3: 1 op, 97000.00 ns, 97.0000 us/op
WorkloadWarmup   4: 1 op, 97600.00 ns, 97.6000 us/op
WorkloadWarmup   5: 1 op, 96100.00 ns, 96.1000 us/op
WorkloadWarmup   6: 1 op, 93600.00 ns, 93.6000 us/op
WorkloadWarmup   7: 1 op, 112200.00 ns, 112.2000 us/op
WorkloadWarmup   8: 1 op, 122100.00 ns, 122.1000 us/op
WorkloadWarmup   9: 1 op, 125800.00 ns, 125.8000 us/op
WorkloadWarmup  10: 1 op, 124700.00 ns, 124.7000 us/op

// BeforeActualRun
WorkloadActual   1: 1 op, 136200.00 ns, 136.2000 us/op
WorkloadActual   2: 1 op, 128600.00 ns, 128.6000 us/op
WorkloadActual   3: 1 op, 134900.00 ns, 134.9000 us/op
WorkloadActual   4: 1 op, 132600.00 ns, 132.6000 us/op
WorkloadActual   5: 1 op, 130200.00 ns, 130.2000 us/op
WorkloadActual   6: 1 op, 118400.00 ns, 118.4000 us/op
WorkloadActual   7: 1 op, 114900.00 ns, 114.9000 us/op
WorkloadActual   8: 1 op, 111700.00 ns, 111.7000 us/op
WorkloadActual   9: 1 op, 110200.00 ns, 110.2000 us/op
WorkloadActual  10: 1 op, 126600.00 ns, 126.6000 us/op
WorkloadActual  11: 1 op, 116700.00 ns, 116.7000 us/op
WorkloadActual  12: 1 op, 116100.00 ns, 116.1000 us/op
WorkloadActual  13: 1 op, 120200.00 ns, 120.2000 us/op
WorkloadActual  14: 1 op, 117300.00 ns, 117.3000 us/op
WorkloadActual  15: 1 op, 112900.00 ns, 112.9000 us/op
WorkloadActual  16: 1 op, 123600.00 ns, 123.6000 us/op
WorkloadActual  17: 1 op, 119100.00 ns, 119.1000 us/op
WorkloadActual  18: 1 op, 112500.00 ns, 112.5000 us/op
WorkloadActual  19: 1 op, 112700.00 ns, 112.7000 us/op
WorkloadActual  20: 1 op, 122300.00 ns, 122.3000 us/op
WorkloadActual  21: 1 op, 112100.00 ns, 112.1000 us/op
WorkloadActual  22: 1 op, 110100.00 ns, 110.1000 us/op
WorkloadActual  23: 1 op, 112400.00 ns, 112.4000 us/op
WorkloadActual  24: 1 op, 106000.00 ns, 106.0000 us/op
WorkloadActual  25: 1 op, 100800.00 ns, 100.8000 us/op
WorkloadActual  26: 1 op, 102200.00 ns, 102.2000 us/op
WorkloadActual  27: 1 op, 106300.00 ns, 106.3000 us/op
WorkloadActual  28: 1 op, 102900.00 ns, 102.9000 us/op
WorkloadActual  29: 1 op, 103100.00 ns, 103.1000 us/op
WorkloadActual  30: 1 op, 115100.00 ns, 115.1000 us/op
WorkloadActual  31: 1 op, 109900.00 ns, 109.9000 us/op
WorkloadActual  32: 1 op, 105700.00 ns, 105.7000 us/op
WorkloadActual  33: 1 op, 120000.00 ns, 120.0000 us/op
WorkloadActual  34: 1 op, 109600.00 ns, 109.6000 us/op
WorkloadActual  35: 1 op, 110100.00 ns, 110.1000 us/op
WorkloadActual  36: 1 op, 108900.00 ns, 108.9000 us/op
WorkloadActual  37: 1 op, 107800.00 ns, 107.8000 us/op
WorkloadActual  38: 1 op, 104400.00 ns, 104.4000 us/op
WorkloadActual  39: 1 op, 116900.00 ns, 116.9000 us/op
WorkloadActual  40: 1 op, 108000.00 ns, 108.0000 us/op
WorkloadActual  41: 1 op, 108700.00 ns, 108.7000 us/op
WorkloadActual  42: 1 op, 113400.00 ns, 113.4000 us/op
WorkloadActual  43: 1 op, 103500.00 ns, 103.5000 us/op
WorkloadActual  44: 1 op, 103600.00 ns, 103.6000 us/op
WorkloadActual  45: 1 op, 114800.00 ns, 114.8000 us/op
WorkloadActual  46: 1 op, 107300.00 ns, 107.3000 us/op
WorkloadActual  47: 1 op, 105300.00 ns, 105.3000 us/op
WorkloadActual  48: 1 op, 118400.00 ns, 118.4000 us/op
WorkloadActual  49: 1 op, 107300.00 ns, 107.3000 us/op
WorkloadActual  50: 1 op, 104700.00 ns, 104.7000 us/op
WorkloadActual  51: 1 op, 106700.00 ns, 106.7000 us/op
WorkloadActual  52: 1 op, 109000.00 ns, 109.0000 us/op
WorkloadActual  53: 1 op, 106300.00 ns, 106.3000 us/op
WorkloadActual  54: 1 op, 106300.00 ns, 106.3000 us/op
WorkloadActual  55: 1 op, 102700.00 ns, 102.7000 us/op
WorkloadActual  56: 1 op, 100600.00 ns, 100.6000 us/op
WorkloadActual  57: 1 op, 158000.00 ns, 158.0000 us/op
WorkloadActual  58: 1 op, 103300.00 ns, 103.3000 us/op
WorkloadActual  59: 1 op, 99300.00 ns, 99.3000 us/op
WorkloadActual  60: 1 op, 99000.00 ns, 99.0000 us/op
WorkloadActual  61: 1 op, 113000.00 ns, 113.0000 us/op
WorkloadActual  62: 1 op, 118300.00 ns, 118.3000 us/op
WorkloadActual  63: 1 op, 143700.00 ns, 143.7000 us/op
WorkloadActual  64: 1 op, 147200.00 ns, 147.2000 us/op
WorkloadActual  65: 1 op, 143400.00 ns, 143.4000 us/op
WorkloadActual  66: 1 op, 176400.00 ns, 176.4000 us/op
WorkloadActual  67: 1 op, 158000.00 ns, 158.0000 us/op
WorkloadActual  68: 1 op, 152800.00 ns, 152.8000 us/op
WorkloadActual  69: 1 op, 148700.00 ns, 148.7000 us/op
WorkloadActual  70: 1 op, 153300.00 ns, 153.3000 us/op
WorkloadActual  71: 1 op, 152900.00 ns, 152.9000 us/op
WorkloadActual  72: 1 op, 152500.00 ns, 152.5000 us/op
WorkloadActual  73: 1 op, 154900.00 ns, 154.9000 us/op
WorkloadActual  74: 1 op, 148900.00 ns, 148.9000 us/op
WorkloadActual  75: 1 op, 154300.00 ns, 154.3000 us/op
WorkloadActual  76: 1 op, 153000.00 ns, 153.0000 us/op
WorkloadActual  77: 1 op, 151300.00 ns, 151.3000 us/op
WorkloadActual  78: 1 op, 150500.00 ns, 150.5000 us/op
WorkloadActual  79: 1 op, 153900.00 ns, 153.9000 us/op
WorkloadActual  80: 1 op, 150000.00 ns, 150.0000 us/op
WorkloadActual  81: 1 op, 148000.00 ns, 148.0000 us/op
WorkloadActual  82: 1 op, 199600.00 ns, 199.6000 us/op
WorkloadActual  83: 1 op, 153400.00 ns, 153.4000 us/op
WorkloadActual  84: 1 op, 148200.00 ns, 148.2000 us/op
WorkloadActual  85: 1 op, 276800.00 ns, 276.8000 us/op
WorkloadActual  86: 1 op, 152600.00 ns, 152.6000 us/op
WorkloadActual  87: 1 op, 146100.00 ns, 146.1000 us/op
WorkloadActual  88: 1 op, 159500.00 ns, 159.5000 us/op
WorkloadActual  89: 1 op, 146600.00 ns, 146.6000 us/op
WorkloadActual  90: 1 op, 145000.00 ns, 145.0000 us/op
WorkloadActual  91: 1 op, 155100.00 ns, 155.1000 us/op
WorkloadActual  92: 1 op, 151200.00 ns, 151.2000 us/op
WorkloadActual  93: 1 op, 146700.00 ns, 146.7000 us/op
WorkloadActual  94: 1 op, 163600.00 ns, 163.6000 us/op
WorkloadActual  95: 1 op, 148200.00 ns, 148.2000 us/op
WorkloadActual  96: 1 op, 144700.00 ns, 144.7000 us/op
WorkloadActual  97: 1 op, 155600.00 ns, 155.6000 us/op
WorkloadActual  98: 1 op, 148300.00 ns, 148.3000 us/op
WorkloadActual  99: 1 op, 143700.00 ns, 143.7000 us/op
WorkloadActual  100: 1 op, 161000.00 ns, 161.0000 us/op

// AfterActualRun
WorkloadResult   1: 1 op, 136100.00 ns, 136.1000 us/op
WorkloadResult   2: 1 op, 128500.00 ns, 128.5000 us/op
WorkloadResult   3: 1 op, 134800.00 ns, 134.8000 us/op
WorkloadResult   4: 1 op, 132500.00 ns, 132.5000 us/op
WorkloadResult   5: 1 op, 130100.00 ns, 130.1000 us/op
WorkloadResult   6: 1 op, 118300.00 ns, 118.3000 us/op
WorkloadResult   7: 1 op, 114800.00 ns, 114.8000 us/op
WorkloadResult   8: 1 op, 111600.00 ns, 111.6000 us/op
WorkloadResult   9: 1 op, 110100.00 ns, 110.1000 us/op
WorkloadResult  10: 1 op, 126500.00 ns, 126.5000 us/op
WorkloadResult  11: 1 op, 116600.00 ns, 116.6000 us/op
WorkloadResult  12: 1 op, 116000.00 ns, 116.0000 us/op
WorkloadResult  13: 1 op, 120100.00 ns, 120.1000 us/op
WorkloadResult  14: 1 op, 117200.00 ns, 117.2000 us/op
WorkloadResult  15: 1 op, 112800.00 ns, 112.8000 us/op
WorkloadResult  16: 1 op, 123500.00 ns, 123.5000 us/op
WorkloadResult  17: 1 op, 119000.00 ns, 119.0000 us/op
WorkloadResult  18: 1 op, 112400.00 ns, 112.4000 us/op
WorkloadResult  19: 1 op, 112600.00 ns, 112.6000 us/op
WorkloadResult  20: 1 op, 122200.00 ns, 122.2000 us/op
WorkloadResult  21: 1 op, 112000.00 ns, 112.0000 us/op
WorkloadResult  22: 1 op, 110000.00 ns, 110.0000 us/op
WorkloadResult  23: 1 op, 112300.00 ns, 112.3000 us/op
WorkloadResult  24: 1 op, 105900.00 ns, 105.9000 us/op
WorkloadResult  25: 1 op, 100700.00 ns, 100.7000 us/op
WorkloadResult  26: 1 op, 102100.00 ns, 102.1000 us/op
WorkloadResult  27: 1 op, 106200.00 ns, 106.2000 us/op
WorkloadResult  28: 1 op, 102800.00 ns, 102.8000 us/op
WorkloadResult  29: 1 op, 103000.00 ns, 103.0000 us/op
WorkloadResult  30: 1 op, 115000.00 ns, 115.0000 us/op
WorkloadResult  31: 1 op, 109800.00 ns, 109.8000 us/op
WorkloadResult  32: 1 op, 105600.00 ns, 105.6000 us/op
WorkloadResult  33: 1 op, 119900.00 ns, 119.9000 us/op
WorkloadResult  34: 1 op, 109500.00 ns, 109.5000 us/op
WorkloadResult  35: 1 op, 110000.00 ns, 110.0000 us/op
WorkloadResult  36: 1 op, 108800.00 ns, 108.8000 us/op
WorkloadResult  37: 1 op, 107700.00 ns, 107.7000 us/op
WorkloadResult  38: 1 op, 104300.00 ns, 104.3000 us/op
WorkloadResult  39: 1 op, 116800.00 ns, 116.8000 us/op
WorkloadResult  40: 1 op, 107900.00 ns, 107.9000 us/op
WorkloadResult  41: 1 op, 108600.00 ns, 108.6000 us/op
WorkloadResult  42: 1 op, 113300.00 ns, 113.3000 us/op
WorkloadResult  43: 1 op, 103400.00 ns, 103.4000 us/op
WorkloadResult  44: 1 op, 103500.00 ns, 103.5000 us/op
WorkloadResult  45: 1 op, 114700.00 ns, 114.7000 us/op
WorkloadResult  46: 1 op, 107200.00 ns, 107.2000 us/op
WorkloadResult  47: 1 op, 105200.00 ns, 105.2000 us/op
WorkloadResult  48: 1 op, 118300.00 ns, 118.3000 us/op
WorkloadResult  49: 1 op, 107200.00 ns, 107.2000 us/op
WorkloadResult  50: 1 op, 104600.00 ns, 104.6000 us/op
WorkloadResult  51: 1 op, 106600.00 ns, 106.6000 us/op
WorkloadResult  52: 1 op, 108900.00 ns, 108.9000 us/op
WorkloadResult  53: 1 op, 106200.00 ns, 106.2000 us/op
WorkloadResult  54: 1 op, 106200.00 ns, 106.2000 us/op
WorkloadResult  55: 1 op, 102600.00 ns, 102.6000 us/op
WorkloadResult  56: 1 op, 100500.00 ns, 100.5000 us/op
WorkloadResult  57: 1 op, 157900.00 ns, 157.9000 us/op
WorkloadResult  58: 1 op, 103200.00 ns, 103.2000 us/op
WorkloadResult  59: 1 op, 99200.00 ns, 99.2000 us/op
WorkloadResult  60: 1 op, 98900.00 ns, 98.9000 us/op
WorkloadResult  61: 1 op, 112900.00 ns, 112.9000 us/op
WorkloadResult  62: 1 op, 118200.00 ns, 118.2000 us/op
WorkloadResult  63: 1 op, 143600.00 ns, 143.6000 us/op
WorkloadResult  64: 1 op, 147100.00 ns, 147.1000 us/op
WorkloadResult  65: 1 op, 143300.00 ns, 143.3000 us/op
WorkloadResult  66: 1 op, 176300.00 ns, 176.3000 us/op
WorkloadResult  67: 1 op, 157900.00 ns, 157.9000 us/op
WorkloadResult  68: 1 op, 152700.00 ns, 152.7000 us/op
WorkloadResult  69: 1 op, 148600.00 ns, 148.6000 us/op
WorkloadResult  70: 1 op, 153200.00 ns, 153.2000 us/op
WorkloadResult  71: 1 op, 152800.00 ns, 152.8000 us/op
WorkloadResult  72: 1 op, 152400.00 ns, 152.4000 us/op
WorkloadResult  73: 1 op, 154800.00 ns, 154.8000 us/op
WorkloadResult  74: 1 op, 148800.00 ns, 148.8000 us/op
WorkloadResult  75: 1 op, 154200.00 ns, 154.2000 us/op
WorkloadResult  76: 1 op, 152900.00 ns, 152.9000 us/op
WorkloadResult  77: 1 op, 151200.00 ns, 151.2000 us/op
WorkloadResult  78: 1 op, 150400.00 ns, 150.4000 us/op
WorkloadResult  79: 1 op, 153800.00 ns, 153.8000 us/op
WorkloadResult  80: 1 op, 149900.00 ns, 149.9000 us/op
WorkloadResult  81: 1 op, 147900.00 ns, 147.9000 us/op
WorkloadResult  82: 1 op, 199500.00 ns, 199.5000 us/op
WorkloadResult  83: 1 op, 153300.00 ns, 153.3000 us/op
WorkloadResult  84: 1 op, 148100.00 ns, 148.1000 us/op
WorkloadResult  85: 1 op, 152500.00 ns, 152.5000 us/op
WorkloadResult  86: 1 op, 146000.00 ns, 146.0000 us/op
WorkloadResult  87: 1 op, 159400.00 ns, 159.4000 us/op
WorkloadResult  88: 1 op, 146500.00 ns, 146.5000 us/op
WorkloadResult  89: 1 op, 144900.00 ns, 144.9000 us/op
WorkloadResult  90: 1 op, 155000.00 ns, 155.0000 us/op
WorkloadResult  91: 1 op, 151100.00 ns, 151.1000 us/op
WorkloadResult  92: 1 op, 146600.00 ns, 146.6000 us/op
WorkloadResult  93: 1 op, 163500.00 ns, 163.5000 us/op
WorkloadResult  94: 1 op, 148100.00 ns, 148.1000 us/op
WorkloadResult  95: 1 op, 144600.00 ns, 144.6000 us/op
WorkloadResult  96: 1 op, 155500.00 ns, 155.5000 us/op
WorkloadResult  97: 1 op, 148200.00 ns, 148.2000 us/op
WorkloadResult  98: 1 op, 143600.00 ns, 143.6000 us/op
WorkloadResult  99: 1 op, 160900.00 ns, 160.9000 us/op
// GC:  0 0 0 25304 1
// Threading:  0 0 1

// AfterAll
// Benchmark Process 28376 has exited with code 0.

Mean = 127.802 μs, StdErr = 2.219 μs (1.74%), N = 99, StdDev = 22.078 μs
Min = 98.900 μs, Q1 = 108.700 μs, Median = 118.300 μs, Q3 = 148.400 μs, Max = 199.500 μs
IQR = 39.700 μs, LowerFence = 49.150 μs, UpperFence = 207.950 μs
ConfidenceInterval = [120.274 μs; 135.330 μs] (CI 99.9%), Margin = 7.528 μs (5.89% of Mean)
Skewness = 0.55, Kurtosis = 2.35, MValue = 3.47

// ** Remained 5 (33,3%) benchmark(s) to run. Estimated finish 2026-09-11 16:12 (0h 0m from now) **
Setup power plan (GUID: 8c5e7fda-e8bf-4a96-9a85-a6e23a8c635c FriendlyName: High performance)
// **************************
// Benchmark: HierarchyBenchmarks.Add: Job-UVKQEI(InvocationCount=1, UnrollFactor=1) [NodeCount=5000]
// *** Execute ***
// Launch: 1 / 1
// Execute: dotnet 75f716e5-150e-4cac-8489-646df18098a3.dll --anonymousPipes 1536 1540 --benchmarkName "HierarchyBenchmarks.Add(NodeCount: 5000)" --job "InvocationCount=1, UnrollFactor=1" --benchmarkId 10 in D:\HierarchyKit\benchmarks\HierarchyKit.Benchmarks\bin\Release\net10.0\75f716e5-150e-4cac-8489-646df18098a3\bin\Release\net10.0
// BeforeAnythingElse

// Benchmark Process Environment Information:
// BenchmarkDotNet v0.14.0
// Runtime=.NET 10.0.12 (10.0.1226.42308), X64 RyuJIT AVX2
// GC=Non-concurrent Workstation
// HardwareIntrinsics=AVX2,AES,BMI1,BMI2,FMA,LZCNT,PCLMUL,POPCNT,AvxVnni,SERIALIZE VectorSize=256
// Job: Job-HSMFFS(InvocationCount=1, UnrollFactor=1)

OverheadJitting  1: 1 op, 190200.00 ns, 190.2000 us/op
WorkloadJitting  1: 1 op, 310400.00 ns, 310.4000 us/op

OverheadWarmup   1: 1 op, 300.00 ns, 300.0000 ns/op
OverheadWarmup   2: 1 op, 300.00 ns, 300.0000 ns/op
OverheadWarmup   3: 1 op, 200.00 ns, 200.0000 ns/op
OverheadWarmup   4: 1 op, 400.00 ns, 400.0000 ns/op
OverheadWarmup   5: 1 op, 200.00 ns, 200.0000 ns/op

OverheadActual   1: 1 op, 200.00 ns, 200.0000 ns/op
OverheadActual   2: 1 op, 200.00 ns, 200.0000 ns/op
OverheadActual   3: 1 op, 100.00 ns, 100.0000 ns/op
OverheadActual   4: 1 op, 100.00 ns, 100.0000 ns/op
OverheadActual   5: 1 op, 100.00 ns, 100.0000 ns/op
OverheadActual   6: 1 op, 200.00 ns, 200.0000 ns/op
OverheadActual   7: 1 op, 100.00 ns, 100.0000 ns/op
OverheadActual   8: 1 op, 100.00 ns, 100.0000 ns/op
OverheadActual   9: 1 op, 100.00 ns, 100.0000 ns/op
OverheadActual  10: 1 op, 0.00 ns, 0.0000 ns/op
OverheadActual  11: 1 op, 100.00 ns, 100.0000 ns/op
OverheadActual  12: 1 op, 100.00 ns, 100.0000 ns/op
OverheadActual  13: 1 op, 0.00 ns, 0.0000 ns/op
OverheadActual  14: 1 op, 100.00 ns, 100.0000 ns/op
OverheadActual  15: 1 op, 100.00 ns, 100.0000 ns/op
OverheadActual  16: 1 op, 100.00 ns, 100.0000 ns/op
OverheadActual  17: 1 op, 100.00 ns, 100.0000 ns/op
OverheadActual  18: 1 op, 100.00 ns, 100.0000 ns/op
OverheadActual  19: 1 op, 100.00 ns, 100.0000 ns/op
OverheadActual  20: 1 op, 200.00 ns, 200.0000 ns/op

WorkloadWarmup   1: 1 op, 10800.00 ns, 10.8000 us/op
WorkloadWarmup   2: 1 op, 10900.00 ns, 10.9000 us/op
WorkloadWarmup   3: 1 op, 9500.00 ns, 9.5000 us/op
WorkloadWarmup   4: 1 op, 12200.00 ns, 12.2000 us/op
WorkloadWarmup   5: 1 op, 11600.00 ns, 11.6000 us/op
WorkloadWarmup   6: 1 op, 11700.00 ns, 11.7000 us/op

// BeforeActualRun
WorkloadActual   1: 1 op, 15400.00 ns, 15.4000 us/op
WorkloadActual   2: 1 op, 16400.00 ns, 16.4000 us/op
WorkloadActual   3: 1 op, 21300.00 ns, 21.3000 us/op
WorkloadActual   4: 1 op, 12800.00 ns, 12.8000 us/op
WorkloadActual   5: 1 op, 16100.00 ns, 16.1000 us/op
WorkloadActual   6: 1 op, 18400.00 ns, 18.4000 us/op
WorkloadActual   7: 1 op, 14800.00 ns, 14.8000 us/op
WorkloadActual   8: 1 op, 10800.00 ns, 10.8000 us/op
WorkloadActual   9: 1 op, 10200.00 ns, 10.2000 us/op
WorkloadActual  10: 1 op, 11200.00 ns, 11.2000 us/op
WorkloadActual  11: 1 op, 10600.00 ns, 10.6000 us/op
WorkloadActual  12: 1 op, 24100.00 ns, 24.1000 us/op
WorkloadActual  13: 1 op, 25500.00 ns, 25.5000 us/op
WorkloadActual  14: 1 op, 14300.00 ns, 14.3000 us/op
WorkloadActual  15: 1 op, 11300.00 ns, 11.3000 us/op
WorkloadActual  16: 1 op, 11300.00 ns, 11.3000 us/op
WorkloadActual  17: 1 op, 10900.00 ns, 10.9000 us/op
WorkloadActual  18: 1 op, 10900.00 ns, 10.9000 us/op
WorkloadActual  19: 1 op, 10500.00 ns, 10.5000 us/op
WorkloadActual  20: 1 op, 11100.00 ns, 11.1000 us/op
WorkloadActual  21: 1 op, 10500.00 ns, 10.5000 us/op
WorkloadActual  22: 1 op, 10900.00 ns, 10.9000 us/op
WorkloadActual  23: 1 op, 13500.00 ns, 13.5000 us/op
WorkloadActual  24: 1 op, 13300.00 ns, 13.3000 us/op
WorkloadActual  25: 1 op, 13400.00 ns, 13.4000 us/op
WorkloadActual  26: 1 op, 10700.00 ns, 10.7000 us/op
WorkloadActual  27: 1 op, 11200.00 ns, 11.2000 us/op
WorkloadActual  28: 1 op, 11000.00 ns, 11.0000 us/op
WorkloadActual  29: 1 op, 10300.00 ns, 10.3000 us/op
WorkloadActual  30: 1 op, 11400.00 ns, 11.4000 us/op
WorkloadActual  31: 1 op, 11100.00 ns, 11.1000 us/op
WorkloadActual  32: 1 op, 11500.00 ns, 11.5000 us/op
WorkloadActual  33: 1 op, 10900.00 ns, 10.9000 us/op
WorkloadActual  34: 1 op, 13000.00 ns, 13.0000 us/op
WorkloadActual  35: 1 op, 10400.00 ns, 10.4000 us/op
WorkloadActual  36: 1 op, 10800.00 ns, 10.8000 us/op
WorkloadActual  37: 1 op, 10700.00 ns, 10.7000 us/op
WorkloadActual  38: 1 op, 10900.00 ns, 10.9000 us/op
WorkloadActual  39: 1 op, 10300.00 ns, 10.3000 us/op
WorkloadActual  40: 1 op, 10800.00 ns, 10.8000 us/op
WorkloadActual  41: 1 op, 10700.00 ns, 10.7000 us/op
WorkloadActual  42: 1 op, 11200.00 ns, 11.2000 us/op
WorkloadActual  43: 1 op, 10400.00 ns, 10.4000 us/op
WorkloadActual  44: 1 op, 11000.00 ns, 11.0000 us/op
WorkloadActual  45: 1 op, 10600.00 ns, 10.6000 us/op
WorkloadActual  46: 1 op, 15300.00 ns, 15.3000 us/op
WorkloadActual  47: 1 op, 11100.00 ns, 11.1000 us/op
WorkloadActual  48: 1 op, 10700.00 ns, 10.7000 us/op
WorkloadActual  49: 1 op, 10600.00 ns, 10.6000 us/op
WorkloadActual  50: 1 op, 11100.00 ns, 11.1000 us/op
WorkloadActual  51: 1 op, 26100.00 ns, 26.1000 us/op
WorkloadActual  52: 1 op, 10800.00 ns, 10.8000 us/op
WorkloadActual  53: 1 op, 10500.00 ns, 10.5000 us/op
WorkloadActual  54: 1 op, 10800.00 ns, 10.8000 us/op
WorkloadActual  55: 1 op, 10900.00 ns, 10.9000 us/op
WorkloadActual  56: 1 op, 11200.00 ns, 11.2000 us/op
WorkloadActual  57: 1 op, 10700.00 ns, 10.7000 us/op
WorkloadActual  58: 1 op, 12400.00 ns, 12.4000 us/op
WorkloadActual  59: 1 op, 11200.00 ns, 11.2000 us/op
WorkloadActual  60: 1 op, 10400.00 ns, 10.4000 us/op
WorkloadActual  61: 1 op, 13500.00 ns, 13.5000 us/op
WorkloadActual  62: 1 op, 13100.00 ns, 13.1000 us/op
WorkloadActual  63: 1 op, 10600.00 ns, 10.6000 us/op
WorkloadActual  64: 1 op, 13200.00 ns, 13.2000 us/op
WorkloadActual  65: 1 op, 15300.00 ns, 15.3000 us/op
WorkloadActual  66: 1 op, 11200.00 ns, 11.2000 us/op
WorkloadActual  67: 1 op, 10800.00 ns, 10.8000 us/op
WorkloadActual  68: 1 op, 13200.00 ns, 13.2000 us/op
WorkloadActual  69: 1 op, 11200.00 ns, 11.2000 us/op
WorkloadActual  70: 1 op, 11900.00 ns, 11.9000 us/op
WorkloadActual  71: 1 op, 10800.00 ns, 10.8000 us/op
WorkloadActual  72: 1 op, 14000.00 ns, 14.0000 us/op
WorkloadActual  73: 1 op, 11000.00 ns, 11.0000 us/op
WorkloadActual  74: 1 op, 20600.00 ns, 20.6000 us/op
WorkloadActual  75: 1 op, 12500.00 ns, 12.5000 us/op
WorkloadActual  76: 1 op, 11400.00 ns, 11.4000 us/op
WorkloadActual  77: 1 op, 14100.00 ns, 14.1000 us/op
WorkloadActual  78: 1 op, 11200.00 ns, 11.2000 us/op
WorkloadActual  79: 1 op, 11000.00 ns, 11.0000 us/op
WorkloadActual  80: 1 op, 10800.00 ns, 10.8000 us/op
WorkloadActual  81: 1 op, 10900.00 ns, 10.9000 us/op
WorkloadActual  82: 1 op, 14100.00 ns, 14.1000 us/op
WorkloadActual  83: 1 op, 12100.00 ns, 12.1000 us/op
WorkloadActual  84: 1 op, 22200.00 ns, 22.2000 us/op
WorkloadActual  85: 1 op, 19400.00 ns, 19.4000 us/op
WorkloadActual  86: 1 op, 19800.00 ns, 19.8000 us/op
WorkloadActual  87: 1 op, 18800.00 ns, 18.8000 us/op
WorkloadActual  88: 1 op, 19300.00 ns, 19.3000 us/op
WorkloadActual  89: 1 op, 19300.00 ns, 19.3000 us/op
WorkloadActual  90: 1 op, 19500.00 ns, 19.5000 us/op
WorkloadActual  91: 1 op, 19000.00 ns, 19.0000 us/op
WorkloadActual  92: 1 op, 19200.00 ns, 19.2000 us/op
WorkloadActual  93: 1 op, 20800.00 ns, 20.8000 us/op
WorkloadActual  94: 1 op, 21200.00 ns, 21.2000 us/op
WorkloadActual  95: 1 op, 24700.00 ns, 24.7000 us/op
WorkloadActual  96: 1 op, 23800.00 ns, 23.8000 us/op
WorkloadActual  97: 1 op, 25400.00 ns, 25.4000 us/op
WorkloadActual  98: 1 op, 20300.00 ns, 20.3000 us/op
WorkloadActual  99: 1 op, 22500.00 ns, 22.5000 us/op
WorkloadActual  100: 1 op, 25200.00 ns, 25.2000 us/op

// AfterActualRun
WorkloadResult   1: 1 op, 15300.00 ns, 15.3000 us/op
WorkloadResult   2: 1 op, 16300.00 ns, 16.3000 us/op
WorkloadResult   3: 1 op, 21200.00 ns, 21.2000 us/op
WorkloadResult   4: 1 op, 12700.00 ns, 12.7000 us/op
WorkloadResult   5: 1 op, 16000.00 ns, 16.0000 us/op
WorkloadResult   6: 1 op, 18300.00 ns, 18.3000 us/op
WorkloadResult   7: 1 op, 14700.00 ns, 14.7000 us/op
WorkloadResult   8: 1 op, 10700.00 ns, 10.7000 us/op
WorkloadResult   9: 1 op, 10100.00 ns, 10.1000 us/op
WorkloadResult  10: 1 op, 11100.00 ns, 11.1000 us/op
WorkloadResult  11: 1 op, 10500.00 ns, 10.5000 us/op
WorkloadResult  12: 1 op, 14200.00 ns, 14.2000 us/op
WorkloadResult  13: 1 op, 11200.00 ns, 11.2000 us/op
WorkloadResult  14: 1 op, 11200.00 ns, 11.2000 us/op
WorkloadResult  15: 1 op, 10800.00 ns, 10.8000 us/op
WorkloadResult  16: 1 op, 10800.00 ns, 10.8000 us/op
WorkloadResult  17: 1 op, 10400.00 ns, 10.4000 us/op
WorkloadResult  18: 1 op, 11000.00 ns, 11.0000 us/op
WorkloadResult  19: 1 op, 10400.00 ns, 10.4000 us/op
WorkloadResult  20: 1 op, 10800.00 ns, 10.8000 us/op
WorkloadResult  21: 1 op, 13400.00 ns, 13.4000 us/op
WorkloadResult  22: 1 op, 13200.00 ns, 13.2000 us/op
WorkloadResult  23: 1 op, 13300.00 ns, 13.3000 us/op
WorkloadResult  24: 1 op, 10600.00 ns, 10.6000 us/op
WorkloadResult  25: 1 op, 11100.00 ns, 11.1000 us/op
WorkloadResult  26: 1 op, 10900.00 ns, 10.9000 us/op
WorkloadResult  27: 1 op, 10200.00 ns, 10.2000 us/op
WorkloadResult  28: 1 op, 11300.00 ns, 11.3000 us/op
WorkloadResult  29: 1 op, 11000.00 ns, 11.0000 us/op
WorkloadResult  30: 1 op, 11400.00 ns, 11.4000 us/op
WorkloadResult  31: 1 op, 10800.00 ns, 10.8000 us/op
WorkloadResult  32: 1 op, 12900.00 ns, 12.9000 us/op
WorkloadResult  33: 1 op, 10300.00 ns, 10.3000 us/op
WorkloadResult  34: 1 op, 10700.00 ns, 10.7000 us/op
WorkloadResult  35: 1 op, 10600.00 ns, 10.6000 us/op
WorkloadResult  36: 1 op, 10800.00 ns, 10.8000 us/op
WorkloadResult  37: 1 op, 10200.00 ns, 10.2000 us/op
WorkloadResult  38: 1 op, 10700.00 ns, 10.7000 us/op
WorkloadResult  39: 1 op, 10600.00 ns, 10.6000 us/op
WorkloadResult  40: 1 op, 11100.00 ns, 11.1000 us/op
WorkloadResult  41: 1 op, 10300.00 ns, 10.3000 us/op
WorkloadResult  42: 1 op, 10900.00 ns, 10.9000 us/op
WorkloadResult  43: 1 op, 10500.00 ns, 10.5000 us/op
WorkloadResult  44: 1 op, 15200.00 ns, 15.2000 us/op
WorkloadResult  45: 1 op, 11000.00 ns, 11.0000 us/op
WorkloadResult  46: 1 op, 10600.00 ns, 10.6000 us/op
WorkloadResult  47: 1 op, 10500.00 ns, 10.5000 us/op
WorkloadResult  48: 1 op, 11000.00 ns, 11.0000 us/op
WorkloadResult  49: 1 op, 10700.00 ns, 10.7000 us/op
WorkloadResult  50: 1 op, 10400.00 ns, 10.4000 us/op
WorkloadResult  51: 1 op, 10700.00 ns, 10.7000 us/op
WorkloadResult  52: 1 op, 10800.00 ns, 10.8000 us/op
WorkloadResult  53: 1 op, 11100.00 ns, 11.1000 us/op
WorkloadResult  54: 1 op, 10600.00 ns, 10.6000 us/op
WorkloadResult  55: 1 op, 12300.00 ns, 12.3000 us/op
WorkloadResult  56: 1 op, 11100.00 ns, 11.1000 us/op
WorkloadResult  57: 1 op, 10300.00 ns, 10.3000 us/op
WorkloadResult  58: 1 op, 13400.00 ns, 13.4000 us/op
WorkloadResult  59: 1 op, 13000.00 ns, 13.0000 us/op
WorkloadResult  60: 1 op, 10500.00 ns, 10.5000 us/op
WorkloadResult  61: 1 op, 13100.00 ns, 13.1000 us/op
WorkloadResult  62: 1 op, 15200.00 ns, 15.2000 us/op
WorkloadResult  63: 1 op, 11100.00 ns, 11.1000 us/op
WorkloadResult  64: 1 op, 10700.00 ns, 10.7000 us/op
WorkloadResult  65: 1 op, 13100.00 ns, 13.1000 us/op
WorkloadResult  66: 1 op, 11100.00 ns, 11.1000 us/op
WorkloadResult  67: 1 op, 11800.00 ns, 11.8000 us/op
WorkloadResult  68: 1 op, 10700.00 ns, 10.7000 us/op
WorkloadResult  69: 1 op, 13900.00 ns, 13.9000 us/op
WorkloadResult  70: 1 op, 10900.00 ns, 10.9000 us/op
WorkloadResult  71: 1 op, 20500.00 ns, 20.5000 us/op
WorkloadResult  72: 1 op, 12400.00 ns, 12.4000 us/op
WorkloadResult  73: 1 op, 11300.00 ns, 11.3000 us/op
WorkloadResult  74: 1 op, 14000.00 ns, 14.0000 us/op
WorkloadResult  75: 1 op, 11100.00 ns, 11.1000 us/op
WorkloadResult  76: 1 op, 10900.00 ns, 10.9000 us/op
WorkloadResult  77: 1 op, 10700.00 ns, 10.7000 us/op
WorkloadResult  78: 1 op, 10800.00 ns, 10.8000 us/op
WorkloadResult  79: 1 op, 14000.00 ns, 14.0000 us/op
WorkloadResult  80: 1 op, 12000.00 ns, 12.0000 us/op
WorkloadResult  81: 1 op, 22100.00 ns, 22.1000 us/op
WorkloadResult  82: 1 op, 19300.00 ns, 19.3000 us/op
WorkloadResult  83: 1 op, 19700.00 ns, 19.7000 us/op
WorkloadResult  84: 1 op, 18700.00 ns, 18.7000 us/op
WorkloadResult  85: 1 op, 19200.00 ns, 19.2000 us/op
WorkloadResult  86: 1 op, 19200.00 ns, 19.2000 us/op
WorkloadResult  87: 1 op, 19400.00 ns, 19.4000 us/op
WorkloadResult  88: 1 op, 18900.00 ns, 18.9000 us/op
WorkloadResult  89: 1 op, 19100.00 ns, 19.1000 us/op
WorkloadResult  90: 1 op, 20700.00 ns, 20.7000 us/op
WorkloadResult  91: 1 op, 21100.00 ns, 21.1000 us/op
WorkloadResult  92: 1 op, 20200.00 ns, 20.2000 us/op
WorkloadResult  93: 1 op, 22400.00 ns, 22.4000 us/op
// GC:  0 0 0 137448 1
// Threading:  0 0 1

// AfterAll
// Benchmark Process 22820 has exited with code 0.

Mean = 13.086 μs, StdErr = 0.363 μs (2.77%), N = 93, StdDev = 3.497 μs
Min = 10.100 μs, Q1 = 10.700 μs, Median = 11.100 μs, Q3 = 14.000 μs, Max = 22.400 μs
IQR = 3.300 μs, LowerFence = 5.750 μs, UpperFence = 18.950 μs
ConfidenceInterval = [11.853 μs; 14.319 μs] (CI 99.9%), Margin = 1.233 μs (9.42% of Mean)
Skewness = 1.3, Kurtosis = 3.27, MValue = 2.6

// ** Remained 4 (26,7%) benchmark(s) to run. Estimated finish 2026-09-11 16:12 (0h 0m from now) **
Setup power plan (GUID: 8c5e7fda-e8bf-4a96-9a85-a6e23a8c635c FriendlyName: High performance)
// **************************
// Benchmark: HierarchyBenchmarks.Move: Job-UVKQEI(InvocationCount=1, UnrollFactor=1) [NodeCount=5000]
// *** Execute ***
// Launch: 1 / 1
// Execute: dotnet 75f716e5-150e-4cac-8489-646df18098a3.dll --anonymousPipes 2192 2188 --benchmarkName "HierarchyBenchmarks.Move(NodeCount: 5000)" --job "InvocationCount=1, UnrollFactor=1" --benchmarkId 11 in D:\HierarchyKit\benchmarks\HierarchyKit.Benchmarks\bin\Release\net10.0\75f716e5-150e-4cac-8489-646df18098a3\bin\Release\net10.0
// BeforeAnythingElse

// Benchmark Process Environment Information:
// BenchmarkDotNet v0.14.0
// Runtime=.NET 10.0.12 (10.0.1226.42308), X64 RyuJIT AVX2
// GC=Non-concurrent Workstation
// HardwareIntrinsics=AVX2,AES,BMI1,BMI2,FMA,LZCNT,PCLMUL,POPCNT,AvxVnni,SERIALIZE VectorSize=256
// Job: Job-CRBZMF(InvocationCount=1, UnrollFactor=1)

OverheadJitting  1: 1 op, 181900.00 ns, 181.9000 us/op
WorkloadJitting  1: 1 op, 831500.00 ns, 831.5000 us/op

OverheadWarmup   1: 1 op, 200.00 ns, 200.0000 ns/op
OverheadWarmup   2: 1 op, 100.00 ns, 100.0000 ns/op
OverheadWarmup   3: 1 op, 100.00 ns, 100.0000 ns/op
OverheadWarmup   4: 1 op, 200.00 ns, 200.0000 ns/op
OverheadWarmup   5: 1 op, 100.00 ns, 100.0000 ns/op
OverheadWarmup   6: 1 op, 200.00 ns, 200.0000 ns/op

OverheadActual   1: 1 op, 200.00 ns, 200.0000 ns/op
OverheadActual   2: 1 op, 100.00 ns, 100.0000 ns/op
OverheadActual   3: 1 op, 100.00 ns, 100.0000 ns/op
OverheadActual   4: 1 op, 100.00 ns, 100.0000 ns/op
OverheadActual   5: 1 op, 100.00 ns, 100.0000 ns/op
OverheadActual   6: 1 op, 100.00 ns, 100.0000 ns/op
OverheadActual   7: 1 op, 100.00 ns, 100.0000 ns/op
OverheadActual   8: 1 op, 100.00 ns, 100.0000 ns/op
OverheadActual   9: 1 op, 100.00 ns, 100.0000 ns/op
OverheadActual  10: 1 op, 0.00 ns, 0.0000 ns/op
OverheadActual  11: 1 op, 300.00 ns, 300.0000 ns/op
OverheadActual  12: 1 op, 200.00 ns, 200.0000 ns/op
OverheadActual  13: 1 op, 100.00 ns, 100.0000 ns/op
OverheadActual  14: 1 op, 100.00 ns, 100.0000 ns/op
OverheadActual  15: 1 op, 100.00 ns, 100.0000 ns/op
OverheadActual  16: 1 op, 100.00 ns, 100.0000 ns/op
OverheadActual  17: 1 op, 0.00 ns, 0.0000 ns/op
OverheadActual  18: 1 op, 100.00 ns, 100.0000 ns/op
OverheadActual  19: 1 op, 100.00 ns, 100.0000 ns/op
OverheadActual  20: 1 op, 100.00 ns, 100.0000 ns/op

WorkloadWarmup   1: 1 op, 98700.00 ns, 98.7000 us/op
WorkloadWarmup   2: 1 op, 412100.00 ns, 412.1000 us/op
WorkloadWarmup   3: 1 op, 31000.00 ns, 31.0000 us/op
WorkloadWarmup   4: 1 op, 39500.00 ns, 39.5000 us/op
WorkloadWarmup   5: 1 op, 39600.00 ns, 39.6000 us/op
WorkloadWarmup   6: 1 op, 39400.00 ns, 39.4000 us/op

// BeforeActualRun
WorkloadActual   1: 1 op, 33100.00 ns, 33.1000 us/op
WorkloadActual   2: 1 op, 34500.00 ns, 34.5000 us/op
WorkloadActual   3: 1 op, 31300.00 ns, 31.3000 us/op
WorkloadActual   4: 1 op, 32700.00 ns, 32.7000 us/op
WorkloadActual   5: 1 op, 31700.00 ns, 31.7000 us/op
WorkloadActual   6: 1 op, 30300.00 ns, 30.3000 us/op
WorkloadActual   7: 1 op, 29500.00 ns, 29.5000 us/op
WorkloadActual   8: 1 op, 30500.00 ns, 30.5000 us/op
WorkloadActual   9: 1 op, 57300.00 ns, 57.3000 us/op
WorkloadActual  10: 1 op, 46600.00 ns, 46.6000 us/op
WorkloadActual  11: 1 op, 38700.00 ns, 38.7000 us/op
WorkloadActual  12: 1 op, 40100.00 ns, 40.1000 us/op
WorkloadActual  13: 1 op, 46300.00 ns, 46.3000 us/op
WorkloadActual  14: 1 op, 37000.00 ns, 37.0000 us/op
WorkloadActual  15: 1 op, 36500.00 ns, 36.5000 us/op
WorkloadActual  16: 1 op, 32600.00 ns, 32.6000 us/op
WorkloadActual  17: 1 op, 31200.00 ns, 31.2000 us/op
WorkloadActual  18: 1 op, 33300.00 ns, 33.3000 us/op
WorkloadActual  19: 1 op, 37400.00 ns, 37.4000 us/op
WorkloadActual  20: 1 op, 33300.00 ns, 33.3000 us/op
WorkloadActual  21: 1 op, 34000.00 ns, 34.0000 us/op
WorkloadActual  22: 1 op, 31400.00 ns, 31.4000 us/op
WorkloadActual  23: 1 op, 31400.00 ns, 31.4000 us/op
WorkloadActual  24: 1 op, 34900.00 ns, 34.9000 us/op
WorkloadActual  25: 1 op, 30600.00 ns, 30.6000 us/op
WorkloadActual  26: 1 op, 30000.00 ns, 30.0000 us/op
WorkloadActual  27: 1 op, 38600.00 ns, 38.6000 us/op
WorkloadActual  28: 1 op, 36900.00 ns, 36.9000 us/op
WorkloadActual  29: 1 op, 35000.00 ns, 35.0000 us/op
WorkloadActual  30: 1 op, 33200.00 ns, 33.2000 us/op
WorkloadActual  31: 1 op, 35300.00 ns, 35.3000 us/op
WorkloadActual  32: 1 op, 33600.00 ns, 33.6000 us/op
WorkloadActual  33: 1 op, 30200.00 ns, 30.2000 us/op
WorkloadActual  34: 1 op, 29700.00 ns, 29.7000 us/op
WorkloadActual  35: 1 op, 28800.00 ns, 28.8000 us/op
WorkloadActual  36: 1 op, 29800.00 ns, 29.8000 us/op
WorkloadActual  37: 1 op, 30500.00 ns, 30.5000 us/op
WorkloadActual  38: 1 op, 36100.00 ns, 36.1000 us/op
WorkloadActual  39: 1 op, 33500.00 ns, 33.5000 us/op
WorkloadActual  40: 1 op, 34400.00 ns, 34.4000 us/op
WorkloadActual  41: 1 op, 34600.00 ns, 34.6000 us/op
WorkloadActual  42: 1 op, 33700.00 ns, 33.7000 us/op
WorkloadActual  43: 1 op, 40600.00 ns, 40.6000 us/op
WorkloadActual  44: 1 op, 33400.00 ns, 33.4000 us/op
WorkloadActual  45: 1 op, 33200.00 ns, 33.2000 us/op
WorkloadActual  46: 1 op, 46800.00 ns, 46.8000 us/op
WorkloadActual  47: 1 op, 36200.00 ns, 36.2000 us/op
WorkloadActual  48: 1 op, 31700.00 ns, 31.7000 us/op
WorkloadActual  49: 1 op, 33500.00 ns, 33.5000 us/op
WorkloadActual  50: 1 op, 31100.00 ns, 31.1000 us/op
WorkloadActual  51: 1 op, 34000.00 ns, 34.0000 us/op
WorkloadActual  52: 1 op, 31900.00 ns, 31.9000 us/op
WorkloadActual  53: 1 op, 34300.00 ns, 34.3000 us/op
WorkloadActual  54: 1 op, 37300.00 ns, 37.3000 us/op
WorkloadActual  55: 1 op, 30500.00 ns, 30.5000 us/op
WorkloadActual  56: 1 op, 32900.00 ns, 32.9000 us/op
WorkloadActual  57: 1 op, 33200.00 ns, 33.2000 us/op
WorkloadActual  58: 1 op, 32800.00 ns, 32.8000 us/op
WorkloadActual  59: 1 op, 37900.00 ns, 37.9000 us/op
WorkloadActual  60: 1 op, 31600.00 ns, 31.6000 us/op
WorkloadActual  61: 1 op, 30600.00 ns, 30.6000 us/op
WorkloadActual  62: 1 op, 34800.00 ns, 34.8000 us/op
WorkloadActual  63: 1 op, 34600.00 ns, 34.6000 us/op
WorkloadActual  64: 1 op, 31000.00 ns, 31.0000 us/op
WorkloadActual  65: 1 op, 30100.00 ns, 30.1000 us/op
WorkloadActual  66: 1 op, 35500.00 ns, 35.5000 us/op
WorkloadActual  67: 1 op, 30700.00 ns, 30.7000 us/op
WorkloadActual  68: 1 op, 28800.00 ns, 28.8000 us/op
WorkloadActual  69: 1 op, 28900.00 ns, 28.9000 us/op
WorkloadActual  70: 1 op, 32100.00 ns, 32.1000 us/op
WorkloadActual  71: 1 op, 30100.00 ns, 30.1000 us/op
WorkloadActual  72: 1 op, 29700.00 ns, 29.7000 us/op
WorkloadActual  73: 1 op, 28900.00 ns, 28.9000 us/op
WorkloadActual  74: 1 op, 33400.00 ns, 33.4000 us/op
WorkloadActual  75: 1 op, 30500.00 ns, 30.5000 us/op
WorkloadActual  76: 1 op, 32500.00 ns, 32.5000 us/op
WorkloadActual  77: 1 op, 30400.00 ns, 30.4000 us/op
WorkloadActual  78: 1 op, 30300.00 ns, 30.3000 us/op
WorkloadActual  79: 1 op, 32500.00 ns, 32.5000 us/op
WorkloadActual  80: 1 op, 33700.00 ns, 33.7000 us/op
WorkloadActual  81: 1 op, 55700.00 ns, 55.7000 us/op
WorkloadActual  82: 1 op, 51100.00 ns, 51.1000 us/op
WorkloadActual  83: 1 op, 57200.00 ns, 57.2000 us/op
WorkloadActual  84: 1 op, 54300.00 ns, 54.3000 us/op
WorkloadActual  85: 1 op, 46900.00 ns, 46.9000 us/op
WorkloadActual  86: 1 op, 51400.00 ns, 51.4000 us/op
WorkloadActual  87: 1 op, 60100.00 ns, 60.1000 us/op
WorkloadActual  88: 1 op, 31400.00 ns, 31.4000 us/op
WorkloadActual  89: 1 op, 49400.00 ns, 49.4000 us/op
WorkloadActual  90: 1 op, 55900.00 ns, 55.9000 us/op
WorkloadActual  91: 1 op, 56600.00 ns, 56.6000 us/op
WorkloadActual  92: 1 op, 49000.00 ns, 49.0000 us/op
WorkloadActual  93: 1 op, 56900.00 ns, 56.9000 us/op
WorkloadActual  94: 1 op, 57800.00 ns, 57.8000 us/op
WorkloadActual  95: 1 op, 56800.00 ns, 56.8000 us/op
WorkloadActual  96: 1 op, 54800.00 ns, 54.8000 us/op
WorkloadActual  97: 1 op, 46300.00 ns, 46.3000 us/op
WorkloadActual  98: 1 op, 49400.00 ns, 49.4000 us/op
WorkloadActual  99: 1 op, 49500.00 ns, 49.5000 us/op
WorkloadActual  100: 1 op, 51600.00 ns, 51.6000 us/op

// AfterActualRun
WorkloadResult   1: 1 op, 33000.00 ns, 33.0000 us/op
WorkloadResult   2: 1 op, 34400.00 ns, 34.4000 us/op
WorkloadResult   3: 1 op, 31200.00 ns, 31.2000 us/op
WorkloadResult   4: 1 op, 32600.00 ns, 32.6000 us/op
WorkloadResult   5: 1 op, 31600.00 ns, 31.6000 us/op
WorkloadResult   6: 1 op, 30200.00 ns, 30.2000 us/op
WorkloadResult   7: 1 op, 29400.00 ns, 29.4000 us/op
WorkloadResult   8: 1 op, 30400.00 ns, 30.4000 us/op
WorkloadResult   9: 1 op, 46500.00 ns, 46.5000 us/op
WorkloadResult  10: 1 op, 38600.00 ns, 38.6000 us/op
WorkloadResult  11: 1 op, 40000.00 ns, 40.0000 us/op
WorkloadResult  12: 1 op, 46200.00 ns, 46.2000 us/op
WorkloadResult  13: 1 op, 36900.00 ns, 36.9000 us/op
WorkloadResult  14: 1 op, 36400.00 ns, 36.4000 us/op
WorkloadResult  15: 1 op, 32500.00 ns, 32.5000 us/op
WorkloadResult  16: 1 op, 31100.00 ns, 31.1000 us/op
WorkloadResult  17: 1 op, 33200.00 ns, 33.2000 us/op
WorkloadResult  18: 1 op, 37300.00 ns, 37.3000 us/op
WorkloadResult  19: 1 op, 33200.00 ns, 33.2000 us/op
WorkloadResult  20: 1 op, 33900.00 ns, 33.9000 us/op
WorkloadResult  21: 1 op, 31300.00 ns, 31.3000 us/op
WorkloadResult  22: 1 op, 31300.00 ns, 31.3000 us/op
WorkloadResult  23: 1 op, 34800.00 ns, 34.8000 us/op
WorkloadResult  24: 1 op, 30500.00 ns, 30.5000 us/op
WorkloadResult  25: 1 op, 29900.00 ns, 29.9000 us/op
WorkloadResult  26: 1 op, 38500.00 ns, 38.5000 us/op
WorkloadResult  27: 1 op, 36800.00 ns, 36.8000 us/op
WorkloadResult  28: 1 op, 34900.00 ns, 34.9000 us/op
WorkloadResult  29: 1 op, 33100.00 ns, 33.1000 us/op
WorkloadResult  30: 1 op, 35200.00 ns, 35.2000 us/op
WorkloadResult  31: 1 op, 33500.00 ns, 33.5000 us/op
WorkloadResult  32: 1 op, 30100.00 ns, 30.1000 us/op
WorkloadResult  33: 1 op, 29600.00 ns, 29.6000 us/op
WorkloadResult  34: 1 op, 28700.00 ns, 28.7000 us/op
WorkloadResult  35: 1 op, 29700.00 ns, 29.7000 us/op
WorkloadResult  36: 1 op, 30400.00 ns, 30.4000 us/op
WorkloadResult  37: 1 op, 36000.00 ns, 36.0000 us/op
WorkloadResult  38: 1 op, 33400.00 ns, 33.4000 us/op
WorkloadResult  39: 1 op, 34300.00 ns, 34.3000 us/op
WorkloadResult  40: 1 op, 34500.00 ns, 34.5000 us/op
WorkloadResult  41: 1 op, 33600.00 ns, 33.6000 us/op
WorkloadResult  42: 1 op, 40500.00 ns, 40.5000 us/op
WorkloadResult  43: 1 op, 33300.00 ns, 33.3000 us/op
WorkloadResult  44: 1 op, 33100.00 ns, 33.1000 us/op
WorkloadResult  45: 1 op, 46700.00 ns, 46.7000 us/op
WorkloadResult  46: 1 op, 36100.00 ns, 36.1000 us/op
WorkloadResult  47: 1 op, 31600.00 ns, 31.6000 us/op
WorkloadResult  48: 1 op, 33400.00 ns, 33.4000 us/op
WorkloadResult  49: 1 op, 31000.00 ns, 31.0000 us/op
WorkloadResult  50: 1 op, 33900.00 ns, 33.9000 us/op
WorkloadResult  51: 1 op, 31800.00 ns, 31.8000 us/op
WorkloadResult  52: 1 op, 34200.00 ns, 34.2000 us/op
WorkloadResult  53: 1 op, 37200.00 ns, 37.2000 us/op
WorkloadResult  54: 1 op, 30400.00 ns, 30.4000 us/op
WorkloadResult  55: 1 op, 32800.00 ns, 32.8000 us/op
WorkloadResult  56: 1 op, 33100.00 ns, 33.1000 us/op
WorkloadResult  57: 1 op, 32700.00 ns, 32.7000 us/op
WorkloadResult  58: 1 op, 37800.00 ns, 37.8000 us/op
WorkloadResult  59: 1 op, 31500.00 ns, 31.5000 us/op
WorkloadResult  60: 1 op, 30500.00 ns, 30.5000 us/op
WorkloadResult  61: 1 op, 34700.00 ns, 34.7000 us/op
WorkloadResult  62: 1 op, 34500.00 ns, 34.5000 us/op
WorkloadResult  63: 1 op, 30900.00 ns, 30.9000 us/op
WorkloadResult  64: 1 op, 30000.00 ns, 30.0000 us/op
WorkloadResult  65: 1 op, 35400.00 ns, 35.4000 us/op
WorkloadResult  66: 1 op, 30600.00 ns, 30.6000 us/op
WorkloadResult  67: 1 op, 28700.00 ns, 28.7000 us/op
WorkloadResult  68: 1 op, 28800.00 ns, 28.8000 us/op
WorkloadResult  69: 1 op, 32000.00 ns, 32.0000 us/op
WorkloadResult  70: 1 op, 30000.00 ns, 30.0000 us/op
WorkloadResult  71: 1 op, 29600.00 ns, 29.6000 us/op
WorkloadResult  72: 1 op, 28800.00 ns, 28.8000 us/op
WorkloadResult  73: 1 op, 33300.00 ns, 33.3000 us/op
WorkloadResult  74: 1 op, 30400.00 ns, 30.4000 us/op
WorkloadResult  75: 1 op, 32400.00 ns, 32.4000 us/op
WorkloadResult  76: 1 op, 30300.00 ns, 30.3000 us/op
WorkloadResult  77: 1 op, 30200.00 ns, 30.2000 us/op
WorkloadResult  78: 1 op, 32400.00 ns, 32.4000 us/op
WorkloadResult  79: 1 op, 33600.00 ns, 33.6000 us/op
WorkloadResult  80: 1 op, 46800.00 ns, 46.8000 us/op
WorkloadResult  81: 1 op, 31300.00 ns, 31.3000 us/op
WorkloadResult  82: 1 op, 49300.00 ns, 49.3000 us/op
WorkloadResult  83: 1 op, 48900.00 ns, 48.9000 us/op
WorkloadResult  84: 1 op, 46200.00 ns, 46.2000 us/op
WorkloadResult  85: 1 op, 49300.00 ns, 49.3000 us/op
WorkloadResult  86: 1 op, 49400.00 ns, 49.4000 us/op
// GC:  0 0 0 137712 1
// Threading:  0 0 1

// AfterAll
// Benchmark Process 32468 has exited with code 0.

Mean = 34.397 μs, StdErr = 0.569 μs (1.66%), N = 86, StdDev = 5.281 μs
Min = 28.700 μs, Q1 = 30.675 μs, Median = 33.100 μs, Q3 = 35.350 μs, Max = 49.400 μs
IQR = 4.675 μs, LowerFence = 23.663 μs, UpperFence = 42.362 μs
ConfidenceInterval = [32.455 μs; 36.338 μs] (CI 99.9%), Margin = 1.941 μs (5.64% of Mean)
Skewness = 1.58, Kurtosis = 4.71, MValue = 3.65

// ** Remained 3 (20,0%) benchmark(s) to run. Estimated finish 2026-09-11 16:12 (0h 0m from now) **
Setup power plan (GUID: 8c5e7fda-e8bf-4a96-9a85-a6e23a8c635c FriendlyName: High performance)
// **************************
// Benchmark: HierarchyBenchmarks.Remove: Job-UVKQEI(InvocationCount=1, UnrollFactor=1) [NodeCount=5000]
// *** Execute ***
// Launch: 1 / 1
// Execute: dotnet 75f716e5-150e-4cac-8489-646df18098a3.dll --anonymousPipes 1664 1736 --benchmarkName "HierarchyBenchmarks.Remove(NodeCount: 5000)" --job "InvocationCount=1, UnrollFactor=1" --benchmarkId 12 in D:\HierarchyKit\benchmarks\HierarchyKit.Benchmarks\bin\Release\net10.0\75f716e5-150e-4cac-8489-646df18098a3\bin\Release\net10.0
// BeforeAnythingElse

// Benchmark Process Environment Information:
// BenchmarkDotNet v0.14.0
// Runtime=.NET 10.0.12 (10.0.1226.42308), X64 RyuJIT AVX2
// GC=Non-concurrent Workstation
// HardwareIntrinsics=AVX2,AES,BMI1,BMI2,FMA,LZCNT,PCLMUL,POPCNT,AvxVnni,SERIALIZE VectorSize=256
// Job: Job-BQINYY(InvocationCount=1, UnrollFactor=1)

OverheadJitting  1: 1 op, 178000.00 ns, 178.0000 us/op
WorkloadJitting  1: 1 op, 1574600.00 ns, 1.5746 ms/op

OverheadWarmup   1: 1 op, 200.00 ns, 200.0000 ns/op
OverheadWarmup   2: 1 op, 300.00 ns, 300.0000 ns/op
OverheadWarmup   3: 1 op, 300.00 ns, 300.0000 ns/op
OverheadWarmup   4: 1 op, 200.00 ns, 200.0000 ns/op
OverheadWarmup   5: 1 op, 200.00 ns, 200.0000 ns/op

OverheadActual   1: 1 op, 100.00 ns, 100.0000 ns/op
OverheadActual   2: 1 op, 100.00 ns, 100.0000 ns/op
OverheadActual   3: 1 op, 200.00 ns, 200.0000 ns/op
OverheadActual   4: 1 op, 200.00 ns, 200.0000 ns/op
OverheadActual   5: 1 op, 200.00 ns, 200.0000 ns/op
OverheadActual   6: 1 op, 100.00 ns, 100.0000 ns/op
OverheadActual   7: 1 op, 0.00 ns, 0.0000 ns/op
OverheadActual   8: 1 op, 100.00 ns, 100.0000 ns/op
OverheadActual   9: 1 op, 0.00 ns, 0.0000 ns/op
OverheadActual  10: 1 op, 100.00 ns, 100.0000 ns/op
OverheadActual  11: 1 op, 100.00 ns, 100.0000 ns/op
OverheadActual  12: 1 op, 100.00 ns, 100.0000 ns/op
OverheadActual  13: 1 op, 100.00 ns, 100.0000 ns/op
OverheadActual  14: 1 op, 100.00 ns, 100.0000 ns/op
OverheadActual  15: 1 op, 0.00 ns, 0.0000 ns/op
OverheadActual  16: 1 op, 100.00 ns, 100.0000 ns/op
OverheadActual  17: 1 op, 200.00 ns, 200.0000 ns/op
OverheadActual  18: 1 op, 200.00 ns, 200.0000 ns/op
OverheadActual  19: 1 op, 100.00 ns, 100.0000 ns/op
OverheadActual  20: 1 op, 100.00 ns, 100.0000 ns/op

WorkloadWarmup   1: 1 op, 103700.00 ns, 103.7000 us/op
WorkloadWarmup   2: 1 op, 413400.00 ns, 413.4000 us/op
WorkloadWarmup   3: 1 op, 37500.00 ns, 37.5000 us/op
WorkloadWarmup   4: 1 op, 34000.00 ns, 34.0000 us/op
WorkloadWarmup   5: 1 op, 33100.00 ns, 33.1000 us/op
WorkloadWarmup   6: 1 op, 33100.00 ns, 33.1000 us/op
WorkloadWarmup   7: 1 op, 35800.00 ns, 35.8000 us/op

// BeforeActualRun
WorkloadActual   1: 1 op, 38600.00 ns, 38.6000 us/op
WorkloadActual   2: 1 op, 34400.00 ns, 34.4000 us/op
WorkloadActual   3: 1 op, 44200.00 ns, 44.2000 us/op
WorkloadActual   4: 1 op, 36000.00 ns, 36.0000 us/op
WorkloadActual   5: 1 op, 34500.00 ns, 34.5000 us/op
WorkloadActual   6: 1 op, 37500.00 ns, 37.5000 us/op
WorkloadActual   7: 1 op, 51100.00 ns, 51.1000 us/op
WorkloadActual   8: 1 op, 51700.00 ns, 51.7000 us/op
WorkloadActual   9: 1 op, 39600.00 ns, 39.6000 us/op
WorkloadActual  10: 1 op, 35600.00 ns, 35.6000 us/op
WorkloadActual  11: 1 op, 43700.00 ns, 43.7000 us/op
WorkloadActual  12: 1 op, 40500.00 ns, 40.5000 us/op
WorkloadActual  13: 1 op, 36700.00 ns, 36.7000 us/op
WorkloadActual  14: 1 op, 33500.00 ns, 33.5000 us/op
WorkloadActual  15: 1 op, 34800.00 ns, 34.8000 us/op
WorkloadActual  16: 1 op, 39000.00 ns, 39.0000 us/op
WorkloadActual  17: 1 op, 34500.00 ns, 34.5000 us/op
WorkloadActual  18: 1 op, 36800.00 ns, 36.8000 us/op
WorkloadActual  19: 1 op, 35100.00 ns, 35.1000 us/op
WorkloadActual  20: 1 op, 39500.00 ns, 39.5000 us/op
WorkloadActual  21: 1 op, 38000.00 ns, 38.0000 us/op
WorkloadActual  22: 1 op, 32800.00 ns, 32.8000 us/op
WorkloadActual  23: 1 op, 33000.00 ns, 33.0000 us/op
WorkloadActual  24: 1 op, 33000.00 ns, 33.0000 us/op
WorkloadActual  25: 1 op, 35900.00 ns, 35.9000 us/op
WorkloadActual  26: 1 op, 35400.00 ns, 35.4000 us/op
WorkloadActual  27: 1 op, 38600.00 ns, 38.6000 us/op
WorkloadActual  28: 1 op, 33800.00 ns, 33.8000 us/op
WorkloadActual  29: 1 op, 34600.00 ns, 34.6000 us/op
WorkloadActual  30: 1 op, 32100.00 ns, 32.1000 us/op
WorkloadActual  31: 1 op, 32600.00 ns, 32.6000 us/op
WorkloadActual  32: 1 op, 32700.00 ns, 32.7000 us/op
WorkloadActual  33: 1 op, 32600.00 ns, 32.6000 us/op
WorkloadActual  34: 1 op, 32100.00 ns, 32.1000 us/op
WorkloadActual  35: 1 op, 33100.00 ns, 33.1000 us/op
WorkloadActual  36: 1 op, 36400.00 ns, 36.4000 us/op
WorkloadActual  37: 1 op, 35900.00 ns, 35.9000 us/op
WorkloadActual  38: 1 op, 35400.00 ns, 35.4000 us/op
WorkloadActual  39: 1 op, 33200.00 ns, 33.2000 us/op
WorkloadActual  40: 1 op, 33600.00 ns, 33.6000 us/op
WorkloadActual  41: 1 op, 32600.00 ns, 32.6000 us/op
WorkloadActual  42: 1 op, 35800.00 ns, 35.8000 us/op
WorkloadActual  43: 1 op, 35500.00 ns, 35.5000 us/op
WorkloadActual  44: 1 op, 36700.00 ns, 36.7000 us/op
WorkloadActual  45: 1 op, 37000.00 ns, 37.0000 us/op
WorkloadActual  46: 1 op, 42400.00 ns, 42.4000 us/op
WorkloadActual  47: 1 op, 38000.00 ns, 38.0000 us/op
WorkloadActual  48: 1 op, 36500.00 ns, 36.5000 us/op
WorkloadActual  49: 1 op, 36000.00 ns, 36.0000 us/op
WorkloadActual  50: 1 op, 33900.00 ns, 33.9000 us/op
WorkloadActual  51: 1 op, 40600.00 ns, 40.6000 us/op
WorkloadActual  52: 1 op, 34100.00 ns, 34.1000 us/op
WorkloadActual  53: 1 op, 34600.00 ns, 34.6000 us/op
WorkloadActual  54: 1 op, 34400.00 ns, 34.4000 us/op
WorkloadActual  55: 1 op, 32500.00 ns, 32.5000 us/op
WorkloadActual  56: 1 op, 37900.00 ns, 37.9000 us/op
WorkloadActual  57: 1 op, 35900.00 ns, 35.9000 us/op
WorkloadActual  58: 1 op, 34400.00 ns, 34.4000 us/op
WorkloadActual  59: 1 op, 32100.00 ns, 32.1000 us/op
WorkloadActual  60: 1 op, 31700.00 ns, 31.7000 us/op
WorkloadActual  61: 1 op, 30700.00 ns, 30.7000 us/op
WorkloadActual  62: 1 op, 33600.00 ns, 33.6000 us/op
WorkloadActual  63: 1 op, 33600.00 ns, 33.6000 us/op
WorkloadActual  64: 1 op, 36300.00 ns, 36.3000 us/op
WorkloadActual  65: 1 op, 36700.00 ns, 36.7000 us/op
WorkloadActual  66: 1 op, 41400.00 ns, 41.4000 us/op
WorkloadActual  67: 1 op, 38400.00 ns, 38.4000 us/op
WorkloadActual  68: 1 op, 36100.00 ns, 36.1000 us/op
WorkloadActual  69: 1 op, 39100.00 ns, 39.1000 us/op
WorkloadActual  70: 1 op, 34600.00 ns, 34.6000 us/op
WorkloadActual  71: 1 op, 31100.00 ns, 31.1000 us/op
WorkloadActual  72: 1 op, 31100.00 ns, 31.1000 us/op
WorkloadActual  73: 1 op, 34400.00 ns, 34.4000 us/op
WorkloadActual  74: 1 op, 41900.00 ns, 41.9000 us/op
WorkloadActual  75: 1 op, 35500.00 ns, 35.5000 us/op
WorkloadActual  76: 1 op, 35800.00 ns, 35.8000 us/op
WorkloadActual  77: 1 op, 34100.00 ns, 34.1000 us/op
WorkloadActual  78: 1 op, 32100.00 ns, 32.1000 us/op
WorkloadActual  79: 1 op, 33800.00 ns, 33.8000 us/op
WorkloadActual  80: 1 op, 32600.00 ns, 32.6000 us/op
WorkloadActual  81: 1 op, 34900.00 ns, 34.9000 us/op
WorkloadActual  82: 1 op, 34200.00 ns, 34.2000 us/op
WorkloadActual  83: 1 op, 34400.00 ns, 34.4000 us/op
WorkloadActual  84: 1 op, 56300.00 ns, 56.3000 us/op
WorkloadActual  85: 1 op, 60700.00 ns, 60.7000 us/op
WorkloadActual  86: 1 op, 35400.00 ns, 35.4000 us/op
WorkloadActual  87: 1 op, 34400.00 ns, 34.4000 us/op
WorkloadActual  88: 1 op, 34900.00 ns, 34.9000 us/op
WorkloadActual  89: 1 op, 35200.00 ns, 35.2000 us/op
WorkloadActual  90: 1 op, 57100.00 ns, 57.1000 us/op
WorkloadActual  91: 1 op, 55300.00 ns, 55.3000 us/op
WorkloadActual  92: 1 op, 57100.00 ns, 57.1000 us/op
WorkloadActual  93: 1 op, 59800.00 ns, 59.8000 us/op
WorkloadActual  94: 1 op, 496500.00 ns, 496.5000 us/op
WorkloadActual  95: 1 op, 51600.00 ns, 51.6000 us/op
WorkloadActual  96: 1 op, 54300.00 ns, 54.3000 us/op
WorkloadActual  97: 1 op, 153400.00 ns, 153.4000 us/op
WorkloadActual  98: 1 op, 51300.00 ns, 51.3000 us/op
WorkloadActual  99: 1 op, 51600.00 ns, 51.6000 us/op
WorkloadActual  100: 1 op, 51700.00 ns, 51.7000 us/op

// AfterActualRun
WorkloadResult   1: 1 op, 38500.00 ns, 38.5000 us/op
WorkloadResult   2: 1 op, 34300.00 ns, 34.3000 us/op
WorkloadResult   3: 1 op, 44100.00 ns, 44.1000 us/op
WorkloadResult   4: 1 op, 35900.00 ns, 35.9000 us/op
WorkloadResult   5: 1 op, 34400.00 ns, 34.4000 us/op
WorkloadResult   6: 1 op, 37400.00 ns, 37.4000 us/op
WorkloadResult   7: 1 op, 39500.00 ns, 39.5000 us/op
WorkloadResult   8: 1 op, 35500.00 ns, 35.5000 us/op
WorkloadResult   9: 1 op, 43600.00 ns, 43.6000 us/op
WorkloadResult  10: 1 op, 40400.00 ns, 40.4000 us/op
WorkloadResult  11: 1 op, 36600.00 ns, 36.6000 us/op
WorkloadResult  12: 1 op, 33400.00 ns, 33.4000 us/op
WorkloadResult  13: 1 op, 34700.00 ns, 34.7000 us/op
WorkloadResult  14: 1 op, 38900.00 ns, 38.9000 us/op
WorkloadResult  15: 1 op, 34400.00 ns, 34.4000 us/op
WorkloadResult  16: 1 op, 36700.00 ns, 36.7000 us/op
WorkloadResult  17: 1 op, 35000.00 ns, 35.0000 us/op
WorkloadResult  18: 1 op, 39400.00 ns, 39.4000 us/op
WorkloadResult  19: 1 op, 37900.00 ns, 37.9000 us/op
WorkloadResult  20: 1 op, 32700.00 ns, 32.7000 us/op
WorkloadResult  21: 1 op, 32900.00 ns, 32.9000 us/op
WorkloadResult  22: 1 op, 32900.00 ns, 32.9000 us/op
WorkloadResult  23: 1 op, 35800.00 ns, 35.8000 us/op
WorkloadResult  24: 1 op, 35300.00 ns, 35.3000 us/op
WorkloadResult  25: 1 op, 38500.00 ns, 38.5000 us/op
WorkloadResult  26: 1 op, 33700.00 ns, 33.7000 us/op
WorkloadResult  27: 1 op, 34500.00 ns, 34.5000 us/op
WorkloadResult  28: 1 op, 32000.00 ns, 32.0000 us/op
WorkloadResult  29: 1 op, 32500.00 ns, 32.5000 us/op
WorkloadResult  30: 1 op, 32600.00 ns, 32.6000 us/op
WorkloadResult  31: 1 op, 32500.00 ns, 32.5000 us/op
WorkloadResult  32: 1 op, 32000.00 ns, 32.0000 us/op
WorkloadResult  33: 1 op, 33000.00 ns, 33.0000 us/op
WorkloadResult  34: 1 op, 36300.00 ns, 36.3000 us/op
WorkloadResult  35: 1 op, 35800.00 ns, 35.8000 us/op
WorkloadResult  36: 1 op, 35300.00 ns, 35.3000 us/op
WorkloadResult  37: 1 op, 33100.00 ns, 33.1000 us/op
WorkloadResult  38: 1 op, 33500.00 ns, 33.5000 us/op
WorkloadResult  39: 1 op, 32500.00 ns, 32.5000 us/op
WorkloadResult  40: 1 op, 35700.00 ns, 35.7000 us/op
WorkloadResult  41: 1 op, 35400.00 ns, 35.4000 us/op
WorkloadResult  42: 1 op, 36600.00 ns, 36.6000 us/op
WorkloadResult  43: 1 op, 36900.00 ns, 36.9000 us/op
WorkloadResult  44: 1 op, 42300.00 ns, 42.3000 us/op
WorkloadResult  45: 1 op, 37900.00 ns, 37.9000 us/op
WorkloadResult  46: 1 op, 36400.00 ns, 36.4000 us/op
WorkloadResult  47: 1 op, 35900.00 ns, 35.9000 us/op
WorkloadResult  48: 1 op, 33800.00 ns, 33.8000 us/op
WorkloadResult  49: 1 op, 40500.00 ns, 40.5000 us/op
WorkloadResult  50: 1 op, 34000.00 ns, 34.0000 us/op
WorkloadResult  51: 1 op, 34500.00 ns, 34.5000 us/op
WorkloadResult  52: 1 op, 34300.00 ns, 34.3000 us/op
WorkloadResult  53: 1 op, 32400.00 ns, 32.4000 us/op
WorkloadResult  54: 1 op, 37800.00 ns, 37.8000 us/op
WorkloadResult  55: 1 op, 35800.00 ns, 35.8000 us/op
WorkloadResult  56: 1 op, 34300.00 ns, 34.3000 us/op
WorkloadResult  57: 1 op, 32000.00 ns, 32.0000 us/op
WorkloadResult  58: 1 op, 31600.00 ns, 31.6000 us/op
WorkloadResult  59: 1 op, 30600.00 ns, 30.6000 us/op
WorkloadResult  60: 1 op, 33500.00 ns, 33.5000 us/op
WorkloadResult  61: 1 op, 33500.00 ns, 33.5000 us/op
WorkloadResult  62: 1 op, 36200.00 ns, 36.2000 us/op
WorkloadResult  63: 1 op, 36600.00 ns, 36.6000 us/op
WorkloadResult  64: 1 op, 41300.00 ns, 41.3000 us/op
WorkloadResult  65: 1 op, 38300.00 ns, 38.3000 us/op
WorkloadResult  66: 1 op, 36000.00 ns, 36.0000 us/op
WorkloadResult  67: 1 op, 39000.00 ns, 39.0000 us/op
WorkloadResult  68: 1 op, 34500.00 ns, 34.5000 us/op
WorkloadResult  69: 1 op, 31000.00 ns, 31.0000 us/op
WorkloadResult  70: 1 op, 31000.00 ns, 31.0000 us/op
WorkloadResult  71: 1 op, 34300.00 ns, 34.3000 us/op
WorkloadResult  72: 1 op, 41800.00 ns, 41.8000 us/op
WorkloadResult  73: 1 op, 35400.00 ns, 35.4000 us/op
WorkloadResult  74: 1 op, 35700.00 ns, 35.7000 us/op
WorkloadResult  75: 1 op, 34000.00 ns, 34.0000 us/op
WorkloadResult  76: 1 op, 32000.00 ns, 32.0000 us/op
WorkloadResult  77: 1 op, 33700.00 ns, 33.7000 us/op
WorkloadResult  78: 1 op, 32500.00 ns, 32.5000 us/op
WorkloadResult  79: 1 op, 34800.00 ns, 34.8000 us/op
WorkloadResult  80: 1 op, 34100.00 ns, 34.1000 us/op
WorkloadResult  81: 1 op, 34300.00 ns, 34.3000 us/op
WorkloadResult  82: 1 op, 35300.00 ns, 35.3000 us/op
WorkloadResult  83: 1 op, 34300.00 ns, 34.3000 us/op
WorkloadResult  84: 1 op, 34800.00 ns, 34.8000 us/op
WorkloadResult  85: 1 op, 35100.00 ns, 35.1000 us/op
// GC:  0 0 0 137744 1
// Threading:  0 0 1

// AfterAll
// Benchmark Process 17640 has exited with code 0.

Mean = 35.408 μs, StdErr = 0.309 μs (0.87%), N = 85, StdDev = 2.852 μs
Min = 30.600 μs, Q1 = 33.500 μs, Median = 34.800 μs, Q3 = 36.600 μs, Max = 44.100 μs
IQR = 3.100 μs, LowerFence = 28.850 μs, UpperFence = 41.250 μs
ConfidenceInterval = [34.353 μs; 36.463 μs] (CI 99.9%), Margin = 1.055 μs (2.98% of Mean)
Skewness = 0.93, Kurtosis = 3.67, MValue = 2.43

// ** Remained 2 (13,3%) benchmark(s) to run. Estimated finish 2026-09-11 16:12 (0h 0m from now) **
Setup power plan (GUID: 8c5e7fda-e8bf-4a96-9a85-a6e23a8c635c FriendlyName: High performance)
// **************************
// Benchmark: HierarchyBenchmarks.GetChildren: Job-UVKQEI(InvocationCount=1, UnrollFactor=1) [NodeCount=5000]
// *** Execute ***
// Launch: 1 / 1
// Execute: dotnet 75f716e5-150e-4cac-8489-646df18098a3.dll --anonymousPipes 1640 1616 --benchmarkName "HierarchyBenchmarks.GetChildren(NodeCount: 5000)" --job "InvocationCount=1, UnrollFactor=1" --benchmarkId 13 in D:\HierarchyKit\benchmarks\HierarchyKit.Benchmarks\bin\Release\net10.0\75f716e5-150e-4cac-8489-646df18098a3\bin\Release\net10.0
// BeforeAnythingElse

// Benchmark Process Environment Information:
// BenchmarkDotNet v0.14.0
// Runtime=.NET 10.0.12 (10.0.1226.42308), X64 RyuJIT AVX2
// GC=Non-concurrent Workstation
// HardwareIntrinsics=AVX2,AES,BMI1,BMI2,FMA,LZCNT,PCLMUL,POPCNT,AvxVnni,SERIALIZE VectorSize=256
// Job: Job-IQWAPC(InvocationCount=1, UnrollFactor=1)

OverheadJitting  1: 1 op, 184100.00 ns, 184.1000 us/op
WorkloadJitting  1: 1 op, 976100.00 ns, 976.1000 us/op

OverheadWarmup   1: 1 op, 100.00 ns, 100.0000 ns/op
OverheadWarmup   2: 1 op, 200.00 ns, 200.0000 ns/op
OverheadWarmup   3: 1 op, 200.00 ns, 200.0000 ns/op
OverheadWarmup   4: 1 op, 100.00 ns, 100.0000 ns/op
OverheadWarmup   5: 1 op, 100.00 ns, 100.0000 ns/op

OverheadActual   1: 1 op, 200.00 ns, 200.0000 ns/op
OverheadActual   2: 1 op, 100.00 ns, 100.0000 ns/op
OverheadActual   3: 1 op, 100.00 ns, 100.0000 ns/op
OverheadActual   4: 1 op, 200.00 ns, 200.0000 ns/op
OverheadActual   5: 1 op, 200.00 ns, 200.0000 ns/op
OverheadActual   6: 1 op, 200.00 ns, 200.0000 ns/op
OverheadActual   7: 1 op, 200.00 ns, 200.0000 ns/op
OverheadActual   8: 1 op, 100.00 ns, 100.0000 ns/op
OverheadActual   9: 1 op, 100.00 ns, 100.0000 ns/op
OverheadActual  10: 1 op, 100.00 ns, 100.0000 ns/op
OverheadActual  11: 1 op, 0.00 ns, 0.0000 ns/op
OverheadActual  12: 1 op, 100.00 ns, 100.0000 ns/op
OverheadActual  13: 1 op, 100.00 ns, 100.0000 ns/op
OverheadActual  14: 1 op, 0.00 ns, 0.0000 ns/op
OverheadActual  15: 1 op, 0.00 ns, 0.0000 ns/op
OverheadActual  16: 1 op, 0.00 ns, 0.0000 ns/op
OverheadActual  17: 1 op, 100.00 ns, 100.0000 ns/op
OverheadActual  18: 1 op, 200.00 ns, 200.0000 ns/op
OverheadActual  19: 1 op, 200.00 ns, 200.0000 ns/op
OverheadActual  20: 1 op, 200.00 ns, 200.0000 ns/op

WorkloadWarmup   1: 1 op, 116200.00 ns, 116.2000 us/op
WorkloadWarmup   2: 1 op, 560900.00 ns, 560.9000 us/op
WorkloadWarmup   3: 1 op, 51900.00 ns, 51.9000 us/op
WorkloadWarmup   4: 1 op, 54200.00 ns, 54.2000 us/op
WorkloadWarmup   5: 1 op, 49300.00 ns, 49.3000 us/op
WorkloadWarmup   6: 1 op, 48600.00 ns, 48.6000 us/op

// BeforeActualRun
WorkloadActual   1: 1 op, 49100.00 ns, 49.1000 us/op
WorkloadActual   2: 1 op, 53100.00 ns, 53.1000 us/op
WorkloadActual   3: 1 op, 61500.00 ns, 61.5000 us/op
WorkloadActual   4: 1 op, 57900.00 ns, 57.9000 us/op
WorkloadActual   5: 1 op, 200900.00 ns, 200.9000 us/op
WorkloadActual   6: 1 op, 174000.00 ns, 174.0000 us/op
WorkloadActual   7: 1 op, 145600.00 ns, 145.6000 us/op
WorkloadActual   8: 1 op, 44700.00 ns, 44.7000 us/op
WorkloadActual   9: 1 op, 45400.00 ns, 45.4000 us/op
WorkloadActual  10: 1 op, 56700.00 ns, 56.7000 us/op
WorkloadActual  11: 1 op, 42200.00 ns, 42.2000 us/op
WorkloadActual  12: 1 op, 48100.00 ns, 48.1000 us/op
WorkloadActual  13: 1 op, 45000.00 ns, 45.0000 us/op
WorkloadActual  14: 1 op, 49100.00 ns, 49.1000 us/op
WorkloadActual  15: 1 op, 48500.00 ns, 48.5000 us/op
WorkloadActual  16: 1 op, 43800.00 ns, 43.8000 us/op
WorkloadActual  17: 1 op, 45500.00 ns, 45.5000 us/op
WorkloadActual  18: 1 op, 42400.00 ns, 42.4000 us/op
WorkloadActual  19: 1 op, 41600.00 ns, 41.6000 us/op
WorkloadActual  20: 1 op, 43300.00 ns, 43.3000 us/op
WorkloadActual  21: 1 op, 40700.00 ns, 40.7000 us/op
WorkloadActual  22: 1 op, 44400.00 ns, 44.4000 us/op
WorkloadActual  23: 1 op, 54200.00 ns, 54.2000 us/op
WorkloadActual  24: 1 op, 43500.00 ns, 43.5000 us/op
WorkloadActual  25: 1 op, 39100.00 ns, 39.1000 us/op
WorkloadActual  26: 1 op, 39900.00 ns, 39.9000 us/op
WorkloadActual  27: 1 op, 39600.00 ns, 39.6000 us/op
WorkloadActual  28: 1 op, 41100.00 ns, 41.1000 us/op
WorkloadActual  29: 1 op, 38800.00 ns, 38.8000 us/op
WorkloadActual  30: 1 op, 44100.00 ns, 44.1000 us/op
WorkloadActual  31: 1 op, 45600.00 ns, 45.6000 us/op
WorkloadActual  32: 1 op, 57800.00 ns, 57.8000 us/op
WorkloadActual  33: 1 op, 40300.00 ns, 40.3000 us/op
WorkloadActual  34: 1 op, 43100.00 ns, 43.1000 us/op
WorkloadActual  35: 1 op, 48800.00 ns, 48.8000 us/op
WorkloadActual  36: 1 op, 47500.00 ns, 47.5000 us/op
WorkloadActual  37: 1 op, 42300.00 ns, 42.3000 us/op
WorkloadActual  38: 1 op, 40700.00 ns, 40.7000 us/op
WorkloadActual  39: 1 op, 42700.00 ns, 42.7000 us/op
WorkloadActual  40: 1 op, 42500.00 ns, 42.5000 us/op
WorkloadActual  41: 1 op, 41300.00 ns, 41.3000 us/op
WorkloadActual  42: 1 op, 37600.00 ns, 37.6000 us/op
WorkloadActual  43: 1 op, 37600.00 ns, 37.6000 us/op
WorkloadActual  44: 1 op, 35700.00 ns, 35.7000 us/op
WorkloadActual  45: 1 op, 49000.00 ns, 49.0000 us/op
WorkloadActual  46: 1 op, 43100.00 ns, 43.1000 us/op
WorkloadActual  47: 1 op, 42500.00 ns, 42.5000 us/op
WorkloadActual  48: 1 op, 42300.00 ns, 42.3000 us/op
WorkloadActual  49: 1 op, 42100.00 ns, 42.1000 us/op
WorkloadActual  50: 1 op, 39900.00 ns, 39.9000 us/op
WorkloadActual  51: 1 op, 40700.00 ns, 40.7000 us/op
WorkloadActual  52: 1 op, 36900.00 ns, 36.9000 us/op
WorkloadActual  53: 1 op, 39500.00 ns, 39.5000 us/op
WorkloadActual  54: 1 op, 36600.00 ns, 36.6000 us/op
WorkloadActual  55: 1 op, 37600.00 ns, 37.6000 us/op
WorkloadActual  56: 1 op, 41000.00 ns, 41.0000 us/op
WorkloadActual  57: 1 op, 45500.00 ns, 45.5000 us/op
WorkloadActual  58: 1 op, 43600.00 ns, 43.6000 us/op
WorkloadActual  59: 1 op, 40600.00 ns, 40.6000 us/op
WorkloadActual  60: 1 op, 44300.00 ns, 44.3000 us/op
WorkloadActual  61: 1 op, 41900.00 ns, 41.9000 us/op
WorkloadActual  62: 1 op, 37600.00 ns, 37.6000 us/op
WorkloadActual  63: 1 op, 36400.00 ns, 36.4000 us/op
WorkloadActual  64: 1 op, 37400.00 ns, 37.4000 us/op
WorkloadActual  65: 1 op, 43000.00 ns, 43.0000 us/op
WorkloadActual  66: 1 op, 50200.00 ns, 50.2000 us/op
WorkloadActual  67: 1 op, 43000.00 ns, 43.0000 us/op
WorkloadActual  68: 1 op, 43000.00 ns, 43.0000 us/op
WorkloadActual  69: 1 op, 41900.00 ns, 41.9000 us/op
WorkloadActual  70: 1 op, 50300.00 ns, 50.3000 us/op
WorkloadActual  71: 1 op, 42100.00 ns, 42.1000 us/op
WorkloadActual  72: 1 op, 41600.00 ns, 41.6000 us/op
WorkloadActual  73: 1 op, 46600.00 ns, 46.6000 us/op
WorkloadActual  74: 1 op, 43800.00 ns, 43.8000 us/op
WorkloadActual  75: 1 op, 39600.00 ns, 39.6000 us/op
WorkloadActual  76: 1 op, 38600.00 ns, 38.6000 us/op
WorkloadActual  77: 1 op, 42500.00 ns, 42.5000 us/op
WorkloadActual  78: 1 op, 68100.00 ns, 68.1000 us/op
WorkloadActual  79: 1 op, 63700.00 ns, 63.7000 us/op
WorkloadActual  80: 1 op, 63100.00 ns, 63.1000 us/op
WorkloadActual  81: 1 op, 67000.00 ns, 67.0000 us/op
WorkloadActual  82: 1 op, 63400.00 ns, 63.4000 us/op
WorkloadActual  83: 1 op, 61500.00 ns, 61.5000 us/op
WorkloadActual  84: 1 op, 70800.00 ns, 70.8000 us/op
WorkloadActual  85: 1 op, 63100.00 ns, 63.1000 us/op
WorkloadActual  86: 1 op, 65000.00 ns, 65.0000 us/op
WorkloadActual  87: 1 op, 66100.00 ns, 66.1000 us/op
WorkloadActual  88: 1 op, 65300.00 ns, 65.3000 us/op
WorkloadActual  89: 1 op, 63900.00 ns, 63.9000 us/op
WorkloadActual  90: 1 op, 61900.00 ns, 61.9000 us/op
WorkloadActual  91: 1 op, 63200.00 ns, 63.2000 us/op
WorkloadActual  92: 1 op, 64400.00 ns, 64.4000 us/op
WorkloadActual  93: 1 op, 64000.00 ns, 64.0000 us/op
WorkloadActual  94: 1 op, 63300.00 ns, 63.3000 us/op
WorkloadActual  95: 1 op, 67600.00 ns, 67.6000 us/op
WorkloadActual  96: 1 op, 72600.00 ns, 72.6000 us/op
WorkloadActual  97: 1 op, 64200.00 ns, 64.2000 us/op
WorkloadActual  98: 1 op, 63500.00 ns, 63.5000 us/op
WorkloadActual  99: 1 op, 63000.00 ns, 63.0000 us/op
WorkloadActual  100: 1 op, 66300.00 ns, 66.3000 us/op

// AfterActualRun
WorkloadResult   1: 1 op, 49000.00 ns, 49.0000 us/op
WorkloadResult   2: 1 op, 53000.00 ns, 53.0000 us/op
WorkloadResult   3: 1 op, 61400.00 ns, 61.4000 us/op
WorkloadResult   4: 1 op, 57800.00 ns, 57.8000 us/op
WorkloadResult   5: 1 op, 44600.00 ns, 44.6000 us/op
WorkloadResult   6: 1 op, 45300.00 ns, 45.3000 us/op
WorkloadResult   7: 1 op, 56600.00 ns, 56.6000 us/op
WorkloadResult   8: 1 op, 42100.00 ns, 42.1000 us/op
WorkloadResult   9: 1 op, 48000.00 ns, 48.0000 us/op
WorkloadResult  10: 1 op, 44900.00 ns, 44.9000 us/op
WorkloadResult  11: 1 op, 49000.00 ns, 49.0000 us/op
WorkloadResult  12: 1 op, 48400.00 ns, 48.4000 us/op
WorkloadResult  13: 1 op, 43700.00 ns, 43.7000 us/op
WorkloadResult  14: 1 op, 45400.00 ns, 45.4000 us/op
WorkloadResult  15: 1 op, 42300.00 ns, 42.3000 us/op
WorkloadResult  16: 1 op, 41500.00 ns, 41.5000 us/op
WorkloadResult  17: 1 op, 43200.00 ns, 43.2000 us/op
WorkloadResult  18: 1 op, 40600.00 ns, 40.6000 us/op
WorkloadResult  19: 1 op, 44300.00 ns, 44.3000 us/op
WorkloadResult  20: 1 op, 54100.00 ns, 54.1000 us/op
WorkloadResult  21: 1 op, 43400.00 ns, 43.4000 us/op
WorkloadResult  22: 1 op, 39000.00 ns, 39.0000 us/op
WorkloadResult  23: 1 op, 39800.00 ns, 39.8000 us/op
WorkloadResult  24: 1 op, 39500.00 ns, 39.5000 us/op
WorkloadResult  25: 1 op, 41000.00 ns, 41.0000 us/op
WorkloadResult  26: 1 op, 38700.00 ns, 38.7000 us/op
WorkloadResult  27: 1 op, 44000.00 ns, 44.0000 us/op
WorkloadResult  28: 1 op, 45500.00 ns, 45.5000 us/op
WorkloadResult  29: 1 op, 57700.00 ns, 57.7000 us/op
WorkloadResult  30: 1 op, 40200.00 ns, 40.2000 us/op
WorkloadResult  31: 1 op, 43000.00 ns, 43.0000 us/op
WorkloadResult  32: 1 op, 48700.00 ns, 48.7000 us/op
WorkloadResult  33: 1 op, 47400.00 ns, 47.4000 us/op
WorkloadResult  34: 1 op, 42200.00 ns, 42.2000 us/op
WorkloadResult  35: 1 op, 40600.00 ns, 40.6000 us/op
WorkloadResult  36: 1 op, 42600.00 ns, 42.6000 us/op
WorkloadResult  37: 1 op, 42400.00 ns, 42.4000 us/op
WorkloadResult  38: 1 op, 41200.00 ns, 41.2000 us/op
WorkloadResult  39: 1 op, 37500.00 ns, 37.5000 us/op
WorkloadResult  40: 1 op, 37500.00 ns, 37.5000 us/op
WorkloadResult  41: 1 op, 35600.00 ns, 35.6000 us/op
WorkloadResult  42: 1 op, 48900.00 ns, 48.9000 us/op
WorkloadResult  43: 1 op, 43000.00 ns, 43.0000 us/op
WorkloadResult  44: 1 op, 42400.00 ns, 42.4000 us/op
WorkloadResult  45: 1 op, 42200.00 ns, 42.2000 us/op
WorkloadResult  46: 1 op, 42000.00 ns, 42.0000 us/op
WorkloadResult  47: 1 op, 39800.00 ns, 39.8000 us/op
WorkloadResult  48: 1 op, 40600.00 ns, 40.6000 us/op
WorkloadResult  49: 1 op, 36800.00 ns, 36.8000 us/op
WorkloadResult  50: 1 op, 39400.00 ns, 39.4000 us/op
WorkloadResult  51: 1 op, 36500.00 ns, 36.5000 us/op
WorkloadResult  52: 1 op, 37500.00 ns, 37.5000 us/op
WorkloadResult  53: 1 op, 40900.00 ns, 40.9000 us/op
WorkloadResult  54: 1 op, 45400.00 ns, 45.4000 us/op
WorkloadResult  55: 1 op, 43500.00 ns, 43.5000 us/op
WorkloadResult  56: 1 op, 40500.00 ns, 40.5000 us/op
WorkloadResult  57: 1 op, 44200.00 ns, 44.2000 us/op
WorkloadResult  58: 1 op, 41800.00 ns, 41.8000 us/op
WorkloadResult  59: 1 op, 37500.00 ns, 37.5000 us/op
WorkloadResult  60: 1 op, 36300.00 ns, 36.3000 us/op
WorkloadResult  61: 1 op, 37300.00 ns, 37.3000 us/op
WorkloadResult  62: 1 op, 42900.00 ns, 42.9000 us/op
WorkloadResult  63: 1 op, 50100.00 ns, 50.1000 us/op
WorkloadResult  64: 1 op, 42900.00 ns, 42.9000 us/op
WorkloadResult  65: 1 op, 42900.00 ns, 42.9000 us/op
WorkloadResult  66: 1 op, 41800.00 ns, 41.8000 us/op
WorkloadResult  67: 1 op, 50200.00 ns, 50.2000 us/op
WorkloadResult  68: 1 op, 42000.00 ns, 42.0000 us/op
WorkloadResult  69: 1 op, 41500.00 ns, 41.5000 us/op
WorkloadResult  70: 1 op, 46500.00 ns, 46.5000 us/op
WorkloadResult  71: 1 op, 43700.00 ns, 43.7000 us/op
WorkloadResult  72: 1 op, 39500.00 ns, 39.5000 us/op
WorkloadResult  73: 1 op, 38500.00 ns, 38.5000 us/op
WorkloadResult  74: 1 op, 42400.00 ns, 42.4000 us/op
WorkloadResult  75: 1 op, 68000.00 ns, 68.0000 us/op
WorkloadResult  76: 1 op, 63600.00 ns, 63.6000 us/op
WorkloadResult  77: 1 op, 63000.00 ns, 63.0000 us/op
WorkloadResult  78: 1 op, 66900.00 ns, 66.9000 us/op
WorkloadResult  79: 1 op, 63300.00 ns, 63.3000 us/op
WorkloadResult  80: 1 op, 61400.00 ns, 61.4000 us/op
WorkloadResult  81: 1 op, 70700.00 ns, 70.7000 us/op
WorkloadResult  82: 1 op, 63000.00 ns, 63.0000 us/op
WorkloadResult  83: 1 op, 64900.00 ns, 64.9000 us/op
WorkloadResult  84: 1 op, 66000.00 ns, 66.0000 us/op
WorkloadResult  85: 1 op, 65200.00 ns, 65.2000 us/op
WorkloadResult  86: 1 op, 63800.00 ns, 63.8000 us/op
WorkloadResult  87: 1 op, 61800.00 ns, 61.8000 us/op
WorkloadResult  88: 1 op, 63100.00 ns, 63.1000 us/op
WorkloadResult  89: 1 op, 64300.00 ns, 64.3000 us/op
WorkloadResult  90: 1 op, 63900.00 ns, 63.9000 us/op
WorkloadResult  91: 1 op, 63200.00 ns, 63.2000 us/op
WorkloadResult  92: 1 op, 67500.00 ns, 67.5000 us/op
WorkloadResult  93: 1 op, 72500.00 ns, 72.5000 us/op
WorkloadResult  94: 1 op, 64100.00 ns, 64.1000 us/op
WorkloadResult  95: 1 op, 63400.00 ns, 63.4000 us/op
WorkloadResult  96: 1 op, 62900.00 ns, 62.9000 us/op
WorkloadResult  97: 1 op, 66200.00 ns, 66.2000 us/op
// GC:  0 0 0 60528 1
// Threading:  0 0 1

// AfterAll
// Benchmark Process 34520 has exited with code 0.

Mean = 48.627 μs, StdErr = 1.045 μs (2.15%), N = 97, StdDev = 10.293 μs
Min = 35.600 μs, Q1 = 41.200 μs, Median = 43.700 μs, Q3 = 57.800 μs, Max = 72.500 μs
IQR = 16.600 μs, LowerFence = 16.300 μs, UpperFence = 82.700 μs
ConfidenceInterval = [45.079 μs; 52.175 μs] (CI 99.9%), Margin = 3.548 μs (7.30% of Mean)
Skewness = 0.76, Kurtosis = 2.08, MValue = 2.93

// ** Remained 1 (6,7%) benchmark(s) to run. Estimated finish 2026-09-11 16:12 (0h 0m from now) **
Setup power plan (GUID: 8c5e7fda-e8bf-4a96-9a85-a6e23a8c635c FriendlyName: High performance)
// **************************
// Benchmark: HierarchyBenchmarks.Descendants: Job-UVKQEI(InvocationCount=1, UnrollFactor=1) [NodeCount=5000]
// *** Execute ***
// Launch: 1 / 1
// Execute: dotnet 75f716e5-150e-4cac-8489-646df18098a3.dll --anonymousPipes 2192 1860 --benchmarkName "HierarchyBenchmarks.Descendants(NodeCount: 5000)" --job "InvocationCount=1, UnrollFactor=1" --benchmarkId 14 in D:\HierarchyKit\benchmarks\HierarchyKit.Benchmarks\bin\Release\net10.0\75f716e5-150e-4cac-8489-646df18098a3\bin\Release\net10.0
// BeforeAnythingElse

// Benchmark Process Environment Information:
// BenchmarkDotNet v0.14.0
// Runtime=.NET 10.0.12 (10.0.1226.42308), X64 RyuJIT AVX2
// GC=Non-concurrent Workstation
// HardwareIntrinsics=AVX2,AES,BMI1,BMI2,FMA,LZCNT,PCLMUL,POPCNT,AvxVnni,SERIALIZE VectorSize=256
// Job: Job-CZGBSR(InvocationCount=1, UnrollFactor=1)

OverheadJitting  1: 1 op, 174200.00 ns, 174.2000 us/op
WorkloadJitting  1: 1 op, 3054300.00 ns, 3.0543 ms/op

OverheadWarmup   1: 1 op, 200.00 ns, 200.0000 ns/op
OverheadWarmup   2: 1 op, 100.00 ns, 100.0000 ns/op
OverheadWarmup   3: 1 op, 0.00 ns, 0.0000 ns/op
OverheadWarmup   4: 1 op, 100.00 ns, 100.0000 ns/op
OverheadWarmup   5: 1 op, 100.00 ns, 100.0000 ns/op
OverheadWarmup   6: 1 op, 200.00 ns, 200.0000 ns/op
OverheadWarmup   7: 1 op, 200.00 ns, 200.0000 ns/op

OverheadActual   1: 1 op, 200.00 ns, 200.0000 ns/op
OverheadActual   2: 1 op, 200.00 ns, 200.0000 ns/op
OverheadActual   3: 1 op, 200.00 ns, 200.0000 ns/op
OverheadActual   4: 1 op, 200.00 ns, 200.0000 ns/op
OverheadActual   5: 1 op, 100.00 ns, 100.0000 ns/op
OverheadActual   6: 1 op, 100.00 ns, 100.0000 ns/op
OverheadActual   7: 1 op, 100.00 ns, 100.0000 ns/op
OverheadActual   8: 1 op, 0.00 ns, 0.0000 ns/op
OverheadActual   9: 1 op, 200.00 ns, 200.0000 ns/op
OverheadActual  10: 1 op, 200.00 ns, 200.0000 ns/op
OverheadActual  11: 1 op, 200.00 ns, 200.0000 ns/op
OverheadActual  12: 1 op, 200.00 ns, 200.0000 ns/op
OverheadActual  13: 1 op, 100.00 ns, 100.0000 ns/op
OverheadActual  14: 1 op, 100.00 ns, 100.0000 ns/op
OverheadActual  15: 1 op, 200.00 ns, 200.0000 ns/op
OverheadActual  16: 1 op, 100.00 ns, 100.0000 ns/op
OverheadActual  17: 1 op, 100.00 ns, 100.0000 ns/op
OverheadActual  18: 1 op, 200.00 ns, 200.0000 ns/op
OverheadActual  19: 1 op, 100.00 ns, 100.0000 ns/op
OverheadActual  20: 1 op, 100.00 ns, 100.0000 ns/op

WorkloadWarmup   1: 1 op, 547000.00 ns, 547.0000 us/op
WorkloadWarmup   2: 1 op, 2717900.00 ns, 2.7179 ms/op
WorkloadWarmup   3: 1 op, 501500.00 ns, 501.5000 us/op
WorkloadWarmup   4: 1 op, 485900.00 ns, 485.9000 us/op
WorkloadWarmup   5: 1 op, 489000.00 ns, 489.0000 us/op
WorkloadWarmup   6: 1 op, 474500.00 ns, 474.5000 us/op

// BeforeActualRun
WorkloadActual   1: 1 op, 449400.00 ns, 449.4000 us/op
WorkloadActual   2: 1 op, 449600.00 ns, 449.6000 us/op
WorkloadActual   3: 1 op, 441800.00 ns, 441.8000 us/op
WorkloadActual   4: 1 op, 562300.00 ns, 562.3000 us/op
WorkloadActual   5: 1 op, 752100.00 ns, 752.1000 us/op
WorkloadActual   6: 1 op, 625500.00 ns, 625.5000 us/op
WorkloadActual   7: 1 op, 622400.00 ns, 622.4000 us/op
WorkloadActual   8: 1 op, 867900.00 ns, 867.9000 us/op
WorkloadActual   9: 1 op, 950900.00 ns, 950.9000 us/op
WorkloadActual  10: 1 op, 2220300.00 ns, 2.2203 ms/op
WorkloadActual  11: 1 op, 655300.00 ns, 655.3000 us/op
WorkloadActual  12: 1 op, 612400.00 ns, 612.4000 us/op
WorkloadActual  13: 1 op, 632200.00 ns, 632.2000 us/op
WorkloadActual  14: 1 op, 615700.00 ns, 615.7000 us/op
WorkloadActual  15: 1 op, 121100.00 ns, 121.1000 us/op
WorkloadActual  16: 1 op, 103100.00 ns, 103.1000 us/op
WorkloadActual  17: 1 op, 81500.00 ns, 81.5000 us/op
WorkloadActual  18: 1 op, 72200.00 ns, 72.2000 us/op
WorkloadActual  19: 1 op, 72400.00 ns, 72.4000 us/op
WorkloadActual  20: 1 op, 83300.00 ns, 83.3000 us/op
WorkloadActual  21: 1 op, 72600.00 ns, 72.6000 us/op
WorkloadActual  22: 1 op, 67300.00 ns, 67.3000 us/op
WorkloadActual  23: 1 op, 72100.00 ns, 72.1000 us/op
WorkloadActual  24: 1 op, 83200.00 ns, 83.2000 us/op
WorkloadActual  25: 1 op, 78600.00 ns, 78.6000 us/op
WorkloadActual  26: 1 op, 76100.00 ns, 76.1000 us/op
WorkloadActual  27: 1 op, 80100.00 ns, 80.1000 us/op
WorkloadActual  28: 1 op, 83300.00 ns, 83.3000 us/op
WorkloadActual  29: 1 op, 77000.00 ns, 77.0000 us/op
WorkloadActual  30: 1 op, 75100.00 ns, 75.1000 us/op
WorkloadActual  31: 1 op, 86400.00 ns, 86.4000 us/op
WorkloadActual  32: 1 op, 75700.00 ns, 75.7000 us/op
WorkloadActual  33: 1 op, 76300.00 ns, 76.3000 us/op
WorkloadActual  34: 1 op, 83100.00 ns, 83.1000 us/op
WorkloadActual  35: 1 op, 75400.00 ns, 75.4000 us/op
WorkloadActual  36: 1 op, 74400.00 ns, 74.4000 us/op
WorkloadActual  37: 1 op, 68600.00 ns, 68.6000 us/op
WorkloadActual  38: 1 op, 69800.00 ns, 69.8000 us/op
WorkloadActual  39: 1 op, 67900.00 ns, 67.9000 us/op
WorkloadActual  40: 1 op, 140700.00 ns, 140.7000 us/op
WorkloadActual  41: 1 op, 76300.00 ns, 76.3000 us/op
WorkloadActual  42: 1 op, 71100.00 ns, 71.1000 us/op
WorkloadActual  43: 1 op, 84100.00 ns, 84.1000 us/op
WorkloadActual  44: 1 op, 84500.00 ns, 84.5000 us/op
WorkloadActual  45: 1 op, 73600.00 ns, 73.6000 us/op
WorkloadActual  46: 1 op, 73400.00 ns, 73.4000 us/op
WorkloadActual  47: 1 op, 79800.00 ns, 79.8000 us/op
WorkloadActual  48: 1 op, 79700.00 ns, 79.7000 us/op
WorkloadActual  49: 1 op, 74300.00 ns, 74.3000 us/op
WorkloadActual  50: 1 op, 70400.00 ns, 70.4000 us/op
WorkloadActual  51: 1 op, 73900.00 ns, 73.9000 us/op
WorkloadActual  52: 1 op, 86900.00 ns, 86.9000 us/op
WorkloadActual  53: 1 op, 85900.00 ns, 85.9000 us/op
WorkloadActual  54: 1 op, 73800.00 ns, 73.8000 us/op
WorkloadActual  55: 1 op, 95900.00 ns, 95.9000 us/op
WorkloadActual  56: 1 op, 76100.00 ns, 76.1000 us/op
WorkloadActual  57: 1 op, 80300.00 ns, 80.3000 us/op
WorkloadActual  58: 1 op, 70800.00 ns, 70.8000 us/op
WorkloadActual  59: 1 op, 69400.00 ns, 69.4000 us/op
WorkloadActual  60: 1 op, 74300.00 ns, 74.3000 us/op
WorkloadActual  61: 1 op, 87400.00 ns, 87.4000 us/op
WorkloadActual  62: 1 op, 73200.00 ns, 73.2000 us/op
WorkloadActual  63: 1 op, 71000.00 ns, 71.0000 us/op
WorkloadActual  64: 1 op, 71000.00 ns, 71.0000 us/op
WorkloadActual  65: 1 op, 199500.00 ns, 199.5000 us/op
WorkloadActual  66: 1 op, 77600.00 ns, 77.6000 us/op
WorkloadActual  67: 1 op, 77400.00 ns, 77.4000 us/op
WorkloadActual  68: 1 op, 71100.00 ns, 71.1000 us/op
WorkloadActual  69: 1 op, 73300.00 ns, 73.3000 us/op
WorkloadActual  70: 1 op, 70700.00 ns, 70.7000 us/op
WorkloadActual  71: 1 op, 78500.00 ns, 78.5000 us/op
WorkloadActual  72: 1 op, 81800.00 ns, 81.8000 us/op
WorkloadActual  73: 1 op, 70700.00 ns, 70.7000 us/op
WorkloadActual  74: 1 op, 72000.00 ns, 72.0000 us/op
WorkloadActual  75: 1 op, 70500.00 ns, 70.5000 us/op
WorkloadActual  76: 1 op, 69400.00 ns, 69.4000 us/op
WorkloadActual  77: 1 op, 81400.00 ns, 81.4000 us/op
WorkloadActual  78: 1 op, 73300.00 ns, 73.3000 us/op
WorkloadActual  79: 1 op, 72400.00 ns, 72.4000 us/op
WorkloadActual  80: 1 op, 70900.00 ns, 70.9000 us/op
WorkloadActual  81: 1 op, 72900.00 ns, 72.9000 us/op
WorkloadActual  82: 1 op, 74600.00 ns, 74.6000 us/op
WorkloadActual  83: 1 op, 545900.00 ns, 545.9000 us/op
WorkloadActual  84: 1 op, 124400.00 ns, 124.4000 us/op
WorkloadActual  85: 1 op, 125100.00 ns, 125.1000 us/op
WorkloadActual  86: 1 op, 124100.00 ns, 124.1000 us/op
WorkloadActual  87: 1 op, 124000.00 ns, 124.0000 us/op
WorkloadActual  88: 1 op, 123700.00 ns, 123.7000 us/op
WorkloadActual  89: 1 op, 124300.00 ns, 124.3000 us/op
WorkloadActual  90: 1 op, 127300.00 ns, 127.3000 us/op
WorkloadActual  91: 1 op, 135600.00 ns, 135.6000 us/op
WorkloadActual  92: 1 op, 124800.00 ns, 124.8000 us/op
WorkloadActual  93: 1 op, 127700.00 ns, 127.7000 us/op
WorkloadActual  94: 1 op, 241500.00 ns, 241.5000 us/op
WorkloadActual  95: 1 op, 124300.00 ns, 124.3000 us/op
WorkloadActual  96: 1 op, 135600.00 ns, 135.6000 us/op
WorkloadActual  97: 1 op, 128100.00 ns, 128.1000 us/op
WorkloadActual  98: 1 op, 124800.00 ns, 124.8000 us/op
WorkloadActual  99: 1 op, 132700.00 ns, 132.7000 us/op
WorkloadActual  100: 1 op, 135200.00 ns, 135.2000 us/op

// AfterActualRun
WorkloadResult   1: 1 op, 120950.00 ns, 120.9500 us/op
WorkloadResult   2: 1 op, 102950.00 ns, 102.9500 us/op
WorkloadResult   3: 1 op, 81350.00 ns, 81.3500 us/op
WorkloadResult   4: 1 op, 72050.00 ns, 72.0500 us/op
WorkloadResult   5: 1 op, 72250.00 ns, 72.2500 us/op
WorkloadResult   6: 1 op, 83150.00 ns, 83.1500 us/op
WorkloadResult   7: 1 op, 72450.00 ns, 72.4500 us/op
WorkloadResult   8: 1 op, 67150.00 ns, 67.1500 us/op
WorkloadResult   9: 1 op, 71950.00 ns, 71.9500 us/op
WorkloadResult  10: 1 op, 83050.00 ns, 83.0500 us/op
WorkloadResult  11: 1 op, 78450.00 ns, 78.4500 us/op
WorkloadResult  12: 1 op, 75950.00 ns, 75.9500 us/op
WorkloadResult  13: 1 op, 79950.00 ns, 79.9500 us/op
WorkloadResult  14: 1 op, 83150.00 ns, 83.1500 us/op
WorkloadResult  15: 1 op, 76850.00 ns, 76.8500 us/op
WorkloadResult  16: 1 op, 74950.00 ns, 74.9500 us/op
WorkloadResult  17: 1 op, 86250.00 ns, 86.2500 us/op
WorkloadResult  18: 1 op, 75550.00 ns, 75.5500 us/op
WorkloadResult  19: 1 op, 76150.00 ns, 76.1500 us/op
WorkloadResult  20: 1 op, 82950.00 ns, 82.9500 us/op
WorkloadResult  21: 1 op, 75250.00 ns, 75.2500 us/op
WorkloadResult  22: 1 op, 74250.00 ns, 74.2500 us/op
WorkloadResult  23: 1 op, 68450.00 ns, 68.4500 us/op
WorkloadResult  24: 1 op, 69650.00 ns, 69.6500 us/op
WorkloadResult  25: 1 op, 67750.00 ns, 67.7500 us/op
WorkloadResult  26: 1 op, 140550.00 ns, 140.5500 us/op
WorkloadResult  27: 1 op, 76150.00 ns, 76.1500 us/op
WorkloadResult  28: 1 op, 70950.00 ns, 70.9500 us/op
WorkloadResult  29: 1 op, 83950.00 ns, 83.9500 us/op
WorkloadResult  30: 1 op, 84350.00 ns, 84.3500 us/op
WorkloadResult  31: 1 op, 73450.00 ns, 73.4500 us/op
WorkloadResult  32: 1 op, 73250.00 ns, 73.2500 us/op
WorkloadResult  33: 1 op, 79650.00 ns, 79.6500 us/op
WorkloadResult  34: 1 op, 79550.00 ns, 79.5500 us/op
WorkloadResult  35: 1 op, 74150.00 ns, 74.1500 us/op
WorkloadResult  36: 1 op, 70250.00 ns, 70.2500 us/op
WorkloadResult  37: 1 op, 73750.00 ns, 73.7500 us/op
WorkloadResult  38: 1 op, 86750.00 ns, 86.7500 us/op
WorkloadResult  39: 1 op, 85750.00 ns, 85.7500 us/op
WorkloadResult  40: 1 op, 73650.00 ns, 73.6500 us/op
WorkloadResult  41: 1 op, 95750.00 ns, 95.7500 us/op
WorkloadResult  42: 1 op, 75950.00 ns, 75.9500 us/op
WorkloadResult  43: 1 op, 80150.00 ns, 80.1500 us/op
WorkloadResult  44: 1 op, 70650.00 ns, 70.6500 us/op
WorkloadResult  45: 1 op, 69250.00 ns, 69.2500 us/op
WorkloadResult  46: 1 op, 74150.00 ns, 74.1500 us/op
WorkloadResult  47: 1 op, 87250.00 ns, 87.2500 us/op
WorkloadResult  48: 1 op, 73050.00 ns, 73.0500 us/op
WorkloadResult  49: 1 op, 70850.00 ns, 70.8500 us/op
WorkloadResult  50: 1 op, 70850.00 ns, 70.8500 us/op
WorkloadResult  51: 1 op, 199350.00 ns, 199.3500 us/op
WorkloadResult  52: 1 op, 77450.00 ns, 77.4500 us/op
WorkloadResult  53: 1 op, 77250.00 ns, 77.2500 us/op
WorkloadResult  54: 1 op, 70950.00 ns, 70.9500 us/op
WorkloadResult  55: 1 op, 73150.00 ns, 73.1500 us/op
WorkloadResult  56: 1 op, 70550.00 ns, 70.5500 us/op
WorkloadResult  57: 1 op, 78350.00 ns, 78.3500 us/op
WorkloadResult  58: 1 op, 81650.00 ns, 81.6500 us/op
WorkloadResult  59: 1 op, 70550.00 ns, 70.5500 us/op
WorkloadResult  60: 1 op, 71850.00 ns, 71.8500 us/op
WorkloadResult  61: 1 op, 70350.00 ns, 70.3500 us/op
WorkloadResult  62: 1 op, 69250.00 ns, 69.2500 us/op
WorkloadResult  63: 1 op, 81250.00 ns, 81.2500 us/op
WorkloadResult  64: 1 op, 73150.00 ns, 73.1500 us/op
WorkloadResult  65: 1 op, 72250.00 ns, 72.2500 us/op
WorkloadResult  66: 1 op, 70750.00 ns, 70.7500 us/op
WorkloadResult  67: 1 op, 72750.00 ns, 72.7500 us/op
WorkloadResult  68: 1 op, 74450.00 ns, 74.4500 us/op
WorkloadResult  69: 1 op, 124250.00 ns, 124.2500 us/op
WorkloadResult  70: 1 op, 124950.00 ns, 124.9500 us/op
WorkloadResult  71: 1 op, 123950.00 ns, 123.9500 us/op
WorkloadResult  72: 1 op, 123850.00 ns, 123.8500 us/op
WorkloadResult  73: 1 op, 123550.00 ns, 123.5500 us/op
WorkloadResult  74: 1 op, 124150.00 ns, 124.1500 us/op
WorkloadResult  75: 1 op, 127150.00 ns, 127.1500 us/op
WorkloadResult  76: 1 op, 135450.00 ns, 135.4500 us/op
WorkloadResult  77: 1 op, 124650.00 ns, 124.6500 us/op
WorkloadResult  78: 1 op, 127550.00 ns, 127.5500 us/op
WorkloadResult  79: 1 op, 124150.00 ns, 124.1500 us/op
WorkloadResult  80: 1 op, 135450.00 ns, 135.4500 us/op
WorkloadResult  81: 1 op, 127950.00 ns, 127.9500 us/op
WorkloadResult  82: 1 op, 124650.00 ns, 124.6500 us/op
WorkloadResult  83: 1 op, 132550.00 ns, 132.5500 us/op
WorkloadResult  84: 1 op, 135050.00 ns, 135.0500 us/op
// GC:  0 0 0 172352 1
// Threading:  0 0 1

// AfterAll
// Benchmark Process 22224 has exited with code 0.

Mean = 88.827 μs, StdErr = 2.759 μs (3.11%), N = 84, StdDev = 25.291 μs
Min = 67.150 μs, Q1 = 72.400 μs, Median = 77.050 μs, Q3 = 89.375 μs, Max = 199.350 μs
IQR = 16.975 μs, LowerFence = 46.938 μs, UpperFence = 114.838 μs
ConfidenceInterval = [79.413 μs; 98.242 μs] (CI 99.9%), Margin = 9.414 μs (10.60% of Mean)
Skewness = 1.67, Kurtosis = 5.81, MValue = 2.64

// ** Remained 0 (0,0%) benchmark(s) to run. Estimated finish 2026-09-11 16:12 (0h 0m from now) **
Successfully reverted power plan (GUID: 381b4222-f694-41f0-9685-ff5bb260df2e FriendlyName: Balanced)
// ***** BenchmarkRunner: Finish  *****

// * Export *
  BenchmarkDotNet.Artifacts\results\HierarchyBenchmarks-report.csv
  BenchmarkDotNet.Artifacts\results\HierarchyBenchmarks-report-github.md
  BenchmarkDotNet.Artifacts\results\HierarchyBenchmarks-report.html

// * Detailed results *
HierarchyBenchmarks.Add: Job-UVKQEI(InvocationCount=1, UnrollFactor=1) [NodeCount=100]
Runtime = .NET 10.0.12 (10.0.1226.42308), X64 RyuJIT AVX2; GC = Non-concurrent Workstation
Mean = 718.750 ns, StdErr = 6.678 ns (0.93%), N = 80, StdDev = 59.733 ns
Min = 600.000 ns, Q1 = 700.000 ns, Median = 700.000 ns, Q3 = 700.000 ns, Max = 900.000 ns
IQR = 0.000 ns, LowerFence = 700.000 ns, UpperFence = 700.000 ns
ConfidenceInterval = [695.923 ns; 741.577 ns] (CI 99.9%), Margin = 22.827 ns (3.18% of Mean)
Skewness = 0.97, Kurtosis = 4.76, MValue = 2
-------------------- Histogram --------------------
[581.805 ns ; 618.195 ns) | @@@@@
[618.195 ns ; 654.585 ns) | 
[654.585 ns ; 681.805 ns) | 
[681.805 ns ; 718.195 ns) | @@@@@@@@@@@@@@@@@@@@@@@@@@@@@@@@@@@@@@@@@@@@@@@@@@@@@@@@@@
[718.195 ns ; 754.585 ns) | 
[754.585 ns ; 781.805 ns) | 
[781.805 ns ; 818.195 ns) | @@@@@@@@@@@@@@
[818.195 ns ; 854.585 ns) | 
[854.585 ns ; 881.805 ns) | 
[881.805 ns ; 918.195 ns) | @@@
---------------------------------------------------

HierarchyBenchmarks.Move: Job-UVKQEI(InvocationCount=1, UnrollFactor=1) [NodeCount=100]
Runtime = .NET 10.0.12 (10.0.1226.42308), X64 RyuJIT AVX2; GC = Non-concurrent Workstation
Mean = 1.997 μs, StdErr = 0.038 μs (1.88%), N = 88, StdDev = 0.352 μs
Min = 1.600 μs, Q1 = 1.700 μs, Median = 1.800 μs, Q3 = 2.200 μs, Max = 3.200 μs
IQR = 0.500 μs, LowerFence = 0.950 μs, UpperFence = 2.950 μs
ConfidenceInterval = [1.869 μs; 2.124 μs] (CI 99.9%), Margin = 0.128 μs (6.40% of Mean)
Skewness = 1.35, Kurtosis = 4.68, MValue = 2.63
-------------------- Histogram --------------------
[1.496 μs ; 1.696 μs) | @@@@
[1.696 μs ; 1.904 μs) | @@@@@@@@@@@@@@@@@@@@@@@@@@@@@@@@@@@@@@@@@@@@@@@@
[1.904 μs ; 2.096 μs) | @
[2.096 μs ; 2.304 μs) | @@@@@@@@@@@@@@@@@@@@@@@@@@
[2.304 μs ; 2.496 μs) | @
[2.496 μs ; 2.704 μs) | @@@@@
[2.704 μs ; 2.911 μs) | 
[2.911 μs ; 3.046 μs) | 
[3.046 μs ; 3.254 μs) | @@@
---------------------------------------------------

HierarchyBenchmarks.Remove: Job-UVKQEI(InvocationCount=1, UnrollFactor=1) [NodeCount=100]
Runtime = .NET 10.0.12 (10.0.1226.42308), X64 RyuJIT AVX2; GC = Non-concurrent Workstation
Mean = 2.838 μs, StdErr = 0.150 μs (5.27%), N = 100, StdDev = 1.495 μs
Min = 1.600 μs, Q1 = 1.700 μs, Median = 2.000 μs, Q3 = 3.800 μs, Max = 5.900 μs
IQR = 2.100 μs, LowerFence = -1.450 μs, UpperFence = 6.950 μs
ConfidenceInterval = [2.331 μs; 3.345 μs] (CI 99.9%), Margin = 0.507 μs (17.87% of Mean)
Skewness = 1, Kurtosis = 2.26, MValue = 2.68
-------------------- Histogram --------------------
[1.577 μs ; 2.423 μs) | @@@@@@@@@@@@@@@@@@@@@@@@@@@@@@@@@@@@@@@@@@@@@@@@@@@@@@@@@@@@@@@@@
[2.423 μs ; 3.273 μs) | @@@@@@@@
[3.273 μs ; 3.577 μs) | 
[3.577 μs ; 4.423 μs) | @@@@
[4.423 μs ; 4.877 μs) | @
[4.877 μs ; 5.723 μs) | @@@@@@@@@@@@@@@@@@@
[5.723 μs ; 6.323 μs) | @@@
---------------------------------------------------

HierarchyBenchmarks.GetChildren: Job-UVKQEI(InvocationCount=1, UnrollFactor=1) [NodeCount=100]
Runtime = .NET 10.0.12 (10.0.1226.42308), X64 RyuJIT AVX2; GC = Non-concurrent Workstation
Mean = 2.296 μs, StdErr = 0.023 μs (1.02%), N = 83, StdDev = 0.214 μs
Min = 1.900 μs, Q1 = 2.150 μs, Median = 2.200 μs, Q3 = 2.400 μs, Max = 3.100 μs
IQR = 0.250 μs, LowerFence = 1.775 μs, UpperFence = 2.775 μs
ConfidenceInterval = [2.216 μs; 2.376 μs] (CI 99.9%), Margin = 0.080 μs (3.49% of Mean)
Skewness = 1.16, Kurtosis = 4.3, MValue = 3.42
-------------------- Histogram --------------------
[1.886 μs ; 2.014 μs) | @@
[2.014 μs ; 2.086 μs) | 
[2.086 μs ; 2.214 μs) | @@@@@@@@@@@@@@@@@@@@@@@@@@@@@@@@@@@@@@@@@@@@@
[2.214 μs ; 2.286 μs) | 
[2.286 μs ; 2.414 μs) | @@@@@@@@@@@@@@@@
[2.414 μs ; 2.486 μs) | 
[2.486 μs ; 2.614 μs) | @@@@@@@@@@@@@@
[2.614 μs ; 2.686 μs) | 
[2.686 μs ; 2.814 μs) | @@@@@
[2.814 μs ; 2.943 μs) | 
[2.943 μs ; 3.036 μs) | 
[3.036 μs ; 3.164 μs) | @
---------------------------------------------------

HierarchyBenchmarks.Descendants: Job-UVKQEI(InvocationCount=1, UnrollFactor=1) [NodeCount=100]
Runtime = .NET 10.0.12 (10.0.1226.42308), X64 RyuJIT AVX2; GC = Non-concurrent Workstation
Mean = 10.426 μs, StdErr = 0.053 μs (0.51%), N = 38, StdDev = 0.326 μs
Min = 9.900 μs, Q1 = 10.200 μs, Median = 10.350 μs, Q3 = 10.575 μs, Max = 11.500 μs
IQR = 0.375 μs, LowerFence = 9.637 μs, UpperFence = 11.137 μs
ConfidenceInterval = [10.237 μs; 10.615 μs] (CI 99.9%), Margin = 0.189 μs (1.81% of Mean)
Skewness = 1.52, Kurtosis = 5.86, MValue = 2
-------------------- Histogram --------------------
[ 9.823 μs ; 10.077 μs) | @@@
[10.077 μs ; 10.427 μs) | @@@@@@@@@@@@@@@@@@@@@
[10.427 μs ; 10.727 μs) | @@@@@@@@@@@
[10.727 μs ; 11.127 μs) | @
[11.127 μs ; 11.627 μs) | @@
---------------------------------------------------

HierarchyBenchmarks.Add: Job-UVKQEI(InvocationCount=1, UnrollFactor=1) [NodeCount=1000]
Runtime = .NET 10.0.12 (10.0.1226.42308), X64 RyuJIT AVX2; GC = Non-concurrent Workstation
Mean = 3.035 μs, StdErr = 0.032 μs (1.06%), N = 84, StdDev = 0.296 μs
Min = 2.600 μs, Q1 = 2.800 μs, Median = 3.000 μs, Q3 = 3.200 μs, Max = 3.900 μs
IQR = 0.400 μs, LowerFence = 2.200 μs, UpperFence = 3.800 μs
ConfidenceInterval = [2.925 μs; 3.145 μs] (CI 99.9%), Margin = 0.110 μs (3.63% of Mean)
Skewness = 0.75, Kurtosis = 2.88, MValue = 2
-------------------- Histogram --------------------
[2.511 μs ; 2.661 μs) | @@@
[2.661 μs ; 2.839 μs) | @@@@@@@@@@@@@@@@@@@@@@@@@
[2.839 μs ; 3.039 μs) | @@@@@@@@@@@@@@@@@@@@@@
[3.039 μs ; 3.239 μs) | @@@@@@@@@@@@@@@
[3.239 μs ; 3.439 μs) | @@@@@@@@@@
[3.439 μs ; 3.639 μs) | @@@@@
[3.639 μs ; 3.789 μs) | @@@
[3.789 μs ; 3.989 μs) | @
---------------------------------------------------

HierarchyBenchmarks.Move: Job-UVKQEI(InvocationCount=1, UnrollFactor=1) [NodeCount=1000]
Runtime = .NET 10.0.12 (10.0.1226.42308), X64 RyuJIT AVX2; GC = Non-concurrent Workstation
Mean = 14.683 μs, StdErr = 0.215 μs (1.46%), N = 96, StdDev = 2.107 μs
Min = 12.100 μs, Q1 = 13.075 μs, Median = 13.900 μs, Q3 = 16.025 μs, Max = 20.900 μs
IQR = 2.950 μs, LowerFence = 8.650 μs, UpperFence = 20.450 μs
ConfidenceInterval = [13.953 μs; 15.414 μs] (CI 99.9%), Margin = 0.730 μs (4.97% of Mean)
Skewness = 0.98, Kurtosis = 3.02, MValue = 2.8
-------------------- Histogram --------------------
[11.496 μs ; 12.596 μs) | @@@@@
[12.596 μs ; 13.804 μs) | @@@@@@@@@@@@@@@@@@@@@@@@@@@@@@@@@@@@@@@@@
[13.804 μs ; 15.104 μs) | @@@@@@@@@@@@@@@@@@@
[15.104 μs ; 15.796 μs) | @@@@
[15.796 μs ; 17.004 μs) | @@@@@@@@@@@@@
[17.004 μs ; 18.554 μs) | @@@@@@@@@@
[18.554 μs ; 19.554 μs) | @@
[19.554 μs ; 20.196 μs) | 
[20.196 μs ; 21.504 μs) | @@
---------------------------------------------------

HierarchyBenchmarks.Remove: Job-UVKQEI(InvocationCount=1, UnrollFactor=1) [NodeCount=1000]
Runtime = .NET 10.0.12 (10.0.1226.42308), X64 RyuJIT AVX2; GC = Non-concurrent Workstation
Mean = 15.153 μs, StdErr = 0.204 μs (1.35%), N = 98, StdDev = 2.019 μs
Min = 12.200 μs, Q1 = 13.700 μs, Median = 14.500 μs, Q3 = 16.375 μs, Max = 20.700 μs
IQR = 2.675 μs, LowerFence = 9.688 μs, UpperFence = 20.387 μs
ConfidenceInterval = [14.461 μs; 15.845 μs] (CI 99.9%), Margin = 0.692 μs (4.57% of Mean)
Skewness = 1.01, Kurtosis = 3.01, MValue = 2.7
-------------------- Histogram --------------------
[12.075 μs ; 13.175 μs) | @@@@@@@
[13.175 μs ; 14.325 μs) | @@@@@@@@@@@@@@@@@@@@@@@@@@@@@@@@@@@@@@@@
[14.325 μs ; 15.525 μs) | @@@@@@@@@@@@@@@@@@@@@@
[15.525 μs ; 16.275 μs) | @@@
[16.275 μs ; 17.425 μs) | @@@@@@@@@@
[17.425 μs ; 17.975 μs) | @@
[17.975 μs ; 19.125 μs) | @@@@@@@@@
[19.125 μs ; 20.425 μs) | @@@@
[20.425 μs ; 21.275 μs) | @
---------------------------------------------------

HierarchyBenchmarks.GetChildren: Job-UVKQEI(InvocationCount=1, UnrollFactor=1) [NodeCount=1000]
Runtime = .NET 10.0.12 (10.0.1226.42308), X64 RyuJIT AVX2; GC = Non-concurrent Workstation
Mean = 20.022 μs, StdErr = 0.148 μs (0.74%), N = 97, StdDev = 1.456 μs
Min = 18.000 μs, Q1 = 18.900 μs, Median = 19.800 μs, Q3 = 20.800 μs, Max = 23.900 μs
IQR = 1.900 μs, LowerFence = 16.050 μs, UpperFence = 23.650 μs
ConfidenceInterval = [19.520 μs; 20.524 μs] (CI 99.9%), Margin = 0.502 μs (2.51% of Mean)
Skewness = 0.83, Kurtosis = 2.94, MValue = 2.23
-------------------- Histogram --------------------
[17.584 μs ; 18.184 μs) | @@@
[18.184 μs ; 19.016 μs) | @@@@@@@@@@@@@@@@@@@@@@@@@@@
[19.016 μs ; 20.016 μs) | @@@@@@@@@@@@@@@@@@@@@@@@@@@@
[20.016 μs ; 21.016 μs) | @@@@@@@@@@@@@@@@@@@
[21.016 μs ; 22.166 μs) | @@@@@@@@@@@
[22.166 μs ; 23.416 μs) | @@@@@@@
[23.416 μs ; 24.316 μs) | @@
---------------------------------------------------

HierarchyBenchmarks.Descendants: Job-UVKQEI(InvocationCount=1, UnrollFactor=1) [NodeCount=1000]
Runtime = .NET 10.0.12 (10.0.1226.42308), X64 RyuJIT AVX2; GC = Non-concurrent Workstation
Mean = 127.802 μs, StdErr = 2.219 μs (1.74%), N = 99, StdDev = 22.078 μs
Min = 98.900 μs, Q1 = 108.700 μs, Median = 118.300 μs, Q3 = 148.400 μs, Max = 199.500 μs
IQR = 39.700 μs, LowerFence = 49.150 μs, UpperFence = 207.950 μs
ConfidenceInterval = [120.274 μs; 135.330 μs] (CI 99.9%), Margin = 7.528 μs (5.89% of Mean)
Skewness = 0.55, Kurtosis = 2.35, MValue = 3.47
-------------------- Histogram --------------------
[ 92.636 μs ; 102.536 μs) | @@@@@
[102.536 μs ; 115.064 μs) | @@@@@@@@@@@@@@@@@@@@@@@@@@@@@@@@@@@@@@
[115.064 μs ; 128.514 μs) | @@@@@@@@@@@@@@
[128.514 μs ; 143.136 μs) | @@@@
[143.136 μs ; 155.664 μs) | @@@@@@@@@@@@@@@@@@@@@@@@@@@@@@@
[155.664 μs ; 170.036 μs) | @@@@@
[170.036 μs ; 182.564 μs) | @
[182.564 μs ; 193.236 μs) | 
[193.236 μs ; 205.764 μs) | @
---------------------------------------------------

HierarchyBenchmarks.Add: Job-UVKQEI(InvocationCount=1, UnrollFactor=1) [NodeCount=5000]
Runtime = .NET 10.0.12 (10.0.1226.42308), X64 RyuJIT AVX2; GC = Non-concurrent Workstation
Mean = 13.086 μs, StdErr = 0.363 μs (2.77%), N = 93, StdDev = 3.497 μs
Min = 10.100 μs, Q1 = 10.700 μs, Median = 11.100 μs, Q3 = 14.000 μs, Max = 22.400 μs
IQR = 3.300 μs, LowerFence = 5.750 μs, UpperFence = 18.950 μs
ConfidenceInterval = [11.853 μs; 14.319 μs] (CI 99.9%), Margin = 1.233 μs (9.42% of Mean)
Skewness = 1.3, Kurtosis = 3.27, MValue = 2.6
-------------------- Histogram --------------------
[10.037 μs ; 12.063 μs) | @@@@@@@@@@@@@@@@@@@@@@@@@@@@@@@@@@@@@@@@@@@@@@@@@@@@@@@@
[12.063 μs ; 14.263 μs) | @@@@@@@@@@@@@@@
[14.263 μs ; 16.513 μs) | @@@@@@
[16.513 μs ; 18.687 μs) | @
[18.687 μs ; 20.713 μs) | @@@@@@@@@@@
[20.713 μs ; 22.763 μs) | @@@@
---------------------------------------------------

HierarchyBenchmarks.Move: Job-UVKQEI(InvocationCount=1, UnrollFactor=1) [NodeCount=5000]
Runtime = .NET 10.0.12 (10.0.1226.42308), X64 RyuJIT AVX2; GC = Non-concurrent Workstation
Mean = 34.397 μs, StdErr = 0.569 μs (1.66%), N = 86, StdDev = 5.281 μs
Min = 28.700 μs, Q1 = 30.675 μs, Median = 33.100 μs, Q3 = 35.350 μs, Max = 49.400 μs
IQR = 4.675 μs, LowerFence = 23.663 μs, UpperFence = 42.362 μs
ConfidenceInterval = [32.455 μs; 36.338 μs] (CI 99.9%), Margin = 1.941 μs (5.64% of Mean)
Skewness = 1.58, Kurtosis = 4.71, MValue = 3.65
-------------------- Histogram --------------------
[27.130 μs ; 30.180 μs) | @@@@@@@@@@@@
[30.180 μs ; 33.320 μs) | @@@@@@@@@@@@@@@@@@@@@@@@@@@@@@@@@@@@
[33.320 μs ; 36.470 μs) | @@@@@@@@@@@@@@@@@@@@
[36.470 μs ; 39.270 μs) | @@@@@@@
[39.270 μs ; 41.820 μs) | @@
[41.820 μs ; 44.961 μs) | 
[44.961 μs ; 46.180 μs) | 
[46.180 μs ; 49.320 μs) | @@@@@@@@
[49.320 μs ; 50.970 μs) | @
---------------------------------------------------

HierarchyBenchmarks.Remove: Job-UVKQEI(InvocationCount=1, UnrollFactor=1) [NodeCount=5000]
Runtime = .NET 10.0.12 (10.0.1226.42308), X64 RyuJIT AVX2; GC = Non-concurrent Workstation
Mean = 35.408 μs, StdErr = 0.309 μs (0.87%), N = 85, StdDev = 2.852 μs
Min = 30.600 μs, Q1 = 33.500 μs, Median = 34.800 μs, Q3 = 36.600 μs, Max = 44.100 μs
IQR = 3.100 μs, LowerFence = 28.850 μs, UpperFence = 41.250 μs
ConfidenceInterval = [34.353 μs; 36.463 μs] (CI 99.9%), Margin = 1.055 μs (2.98% of Mean)
Skewness = 0.93, Kurtosis = 3.67, MValue = 2.43
-------------------- Histogram --------------------
[30.249 μs ; 31.999 μs) | @@@@
[31.999 μs ; 34.299 μs) | @@@@@@@@@@@@@@@@@@@@@@@@@
[34.299 μs ; 36.001 μs) | @@@@@@@@@@@@@@@@@@@@@@@@@@@@@@
[36.001 μs ; 37.901 μs) | @@@@@@@@@@@@
[37.901 μs ; 39.751 μs) | @@@@@@@
[39.751 μs ; 41.951 μs) | @@@@
[41.951 μs ; 42.999 μs) | @
[42.999 μs ; 44.951 μs) | @@
---------------------------------------------------

HierarchyBenchmarks.GetChildren: Job-UVKQEI(InvocationCount=1, UnrollFactor=1) [NodeCount=5000]
Runtime = .NET 10.0.12 (10.0.1226.42308), X64 RyuJIT AVX2; GC = Non-concurrent Workstation
Mean = 48.627 μs, StdErr = 1.045 μs (2.15%), N = 97, StdDev = 10.293 μs
Min = 35.600 μs, Q1 = 41.200 μs, Median = 43.700 μs, Q3 = 57.800 μs, Max = 72.500 μs
IQR = 16.600 μs, LowerFence = 16.300 μs, UpperFence = 82.700 μs
ConfidenceInterval = [45.079 μs; 52.175 μs] (CI 99.9%), Margin = 3.548 μs (7.30% of Mean)
Skewness = 0.76, Kurtosis = 2.08, MValue = 2.93
-------------------- Histogram --------------------
[32.660 μs ; 39.710 μs) | @@@@@@@@@@@@@@@
[39.710 μs ; 45.590 μs) | @@@@@@@@@@@@@@@@@@@@@@@@@@@@@@@@@@@@@@@@@@@
[45.590 μs ; 52.460 μs) | @@@@@@@@@@
[52.460 μs ; 58.340 μs) | @@@@@
[58.340 μs ; 61.210 μs) | 
[61.210 μs ; 67.090 μs) | @@@@@@@@@@@@@@@@@@@@
[67.090 μs ; 72.940 μs) | @@@@
---------------------------------------------------

HierarchyBenchmarks.Descendants: Job-UVKQEI(InvocationCount=1, UnrollFactor=1) [NodeCount=5000]
Runtime = .NET 10.0.12 (10.0.1226.42308), X64 RyuJIT AVX2; GC = Non-concurrent Workstation
Mean = 88.827 μs, StdErr = 2.759 μs (3.11%), N = 84, StdDev = 25.291 μs
Min = 67.150 μs, Q1 = 72.400 μs, Median = 77.050 μs, Q3 = 89.375 μs, Max = 199.350 μs
IQR = 16.975 μs, LowerFence = 46.938 μs, UpperFence = 114.838 μs
ConfidenceInterval = [79.413 μs; 98.242 μs] (CI 99.9%), Margin = 9.414 μs (10.60% of Mean)
Skewness = 1.67, Kurtosis = 5.81, MValue = 2.64
-------------------- Histogram --------------------
[ 59.571 μs ;  69.221 μs) | @@@
[ 69.221 μs ;  84.379 μs) | @@@@@@@@@@@@@@@@@@@@@@@@@@@@@@@@@@@@@@@@@@@@@@@@@@@@@@@@
[ 84.379 μs ;  98.329 μs) | @@@@@
[ 98.329 μs ; 110.529 μs) | @
[110.529 μs ; 120.621 μs) | 
[120.621 μs ; 135.779 μs) | @@@@@@@@@@@@@@@@@
[135.779 μs ; 148.129 μs) | @
[148.129 μs ; 163.288 μs) | 
[163.288 μs ; 178.447 μs) | 
[178.447 μs ; 191.771 μs) | 
[191.771 μs ; 206.929 μs) | @
---------------------------------------------------

// * Summary *

BenchmarkDotNet v0.14.0, Windows 11 (10.0.26200.9445)
Unknown processor
.NET SDK 10.0.401
  [Host]     : .NET 10.0.12 (10.0.1226.42308), X64 RyuJIT AVX2
  Job-UVKQEI : .NET 10.0.12 (10.0.1226.42308), X64 RyuJIT AVX2

InvocationCount=1  UnrollFactor=1  

| Method      | NodeCount | Mean         | Error       | StdDev       | Median       | Allocated |
|------------ |---------- |-------------:|------------:|-------------:|-------------:|----------:|
| Add         | 100       |     718.8 ns |    22.83 ns |     59.73 ns |     700.0 ns |         - |
| Move        | 100       |   1,996.6 ns |   127.74 ns |    351.83 ns |   1,800.0 ns |         - |
| Remove      | 100       |   2,838.0 ns |   507.11 ns |  1,495.23 ns |   2,000.0 ns |         - |
| GetChildren | 100       |   2,296.4 ns |    80.11 ns |    213.82 ns |   2,200.0 ns |         - |
| Descendants | 100       |  10,426.3 ns |   189.03 ns |    326.06 ns |  10,350.0 ns |         - |
| Add         | 1000      |   3,034.5 ns |   110.01 ns |    295.55 ns |   3,000.0 ns |   26728 B |
| Move        | 1000      |  14,683.3 ns |   730.21 ns |  2,106.81 ns |  13,900.0 ns |   26992 B |
| Remove      | 1000      |  15,153.1 ns |   692.08 ns |  2,018.84 ns |  14,500.0 ns |   26736 B |
| GetChildren | 1000      |  20,021.6 ns |   501.85 ns |  1,455.97 ns |  19,800.0 ns |   12528 B |
| Descendants | 1000      | 127,802.0 ns | 7,528.00 ns | 22,078.33 ns | 118,300.0 ns |   25304 B |
| Add         | 5000      |  13,086.0 ns | 1,232.77 ns |  3,497.16 ns |  11,100.0 ns |  137448 B |
| Move        | 5000      |  34,396.5 ns | 1,941.15 ns |  5,281.03 ns |  33,100.0 ns |  137712 B |
| Remove      | 5000      |  35,408.2 ns | 1,054.86 ns |  2,851.87 ns |  34,800.0 ns |  137744 B |
| GetChildren | 5000      |  48,626.8 ns | 3,547.78 ns | 10,292.76 ns |  43,700.0 ns |   60528 B |
| Descendants | 5000      |  88,827.4 ns | 9,414.34 ns | 25,291.01 ns |  77,050.0 ns |  172352 B |

// * Warnings *
MinIterationTime
  HierarchyBenchmarks.Add: InvocationCount=1, UnrollFactor=1         -> The minimum observed iteration time is 700ns which is very small. It's recommended to increase it to at least 100ms using more operations.
  HierarchyBenchmarks.Move: InvocationCount=1, UnrollFactor=1        -> The minimum observed iteration time is 1.7μs which is very small. It's recommended to increase it to at least 100ms using more operations.
  HierarchyBenchmarks.GetChildren: InvocationCount=1, UnrollFactor=1 -> The minimum observed iteration time is 2μs which is very small. It's recommended to increase it to at least 100ms using more operations.
  HierarchyBenchmarks.Descendants: InvocationCount=1, UnrollFactor=1 -> The minimum observed iteration time is 10μs which is very small. It's recommended to increase it to at least 100ms using more operations.
  HierarchyBenchmarks.Add: InvocationCount=1, UnrollFactor=1         -> The minimum observed iteration time is 2.7μs which is very small. It's recommended to increase it to at least 100ms using more operations.
  HierarchyBenchmarks.Move: InvocationCount=1, UnrollFactor=1        -> The minimum observed iteration time is 12.2μs which is very small. It's recommended to increase it to at least 100ms using more operations.
  HierarchyBenchmarks.Remove: InvocationCount=1, UnrollFactor=1      -> The minimum observed iteration time is 12.3μs which is very small. It's recommended to increase it to at least 100ms using more operations.
  HierarchyBenchmarks.GetChildren: InvocationCount=1, UnrollFactor=1 -> The minimum observed iteration time is 18.1μs which is very small. It's recommended to increase it to at least 100ms using more operations.
  HierarchyBenchmarks.Descendants: InvocationCount=1, UnrollFactor=1 -> The minimum observed iteration time is 99μs which is very small. It's recommended to increase it to at least 100ms using more operations.
  HierarchyBenchmarks.Add: InvocationCount=1, UnrollFactor=1         -> The minimum observed iteration time is 10.2μs which is very small. It's recommended to increase it to at least 100ms using more operations.
  HierarchyBenchmarks.Move: InvocationCount=1, UnrollFactor=1        -> The minimum observed iteration time is 28.8μs which is very small. It's recommended to increase it to at least 100ms using more operations.
  HierarchyBenchmarks.Remove: InvocationCount=1, UnrollFactor=1      -> The minimum observed iteration time is 30.7μs which is very small. It's recommended to increase it to at least 100ms using more operations.
  HierarchyBenchmarks.GetChildren: InvocationCount=1, UnrollFactor=1 -> The minimum observed iteration time is 35.7μs which is very small. It's recommended to increase it to at least 100ms using more operations.
  HierarchyBenchmarks.Descendants: InvocationCount=1, UnrollFactor=1 -> The minimum observed iteration time is 67.3μs which is very small. It's recommended to increase it to at least 100ms using more operations.
MultimodalDistribution
  HierarchyBenchmarks.GetChildren: InvocationCount=1, UnrollFactor=1 -> It seems that the distribution is bimodal (mValue = 3.42)
  HierarchyBenchmarks.Descendants: InvocationCount=1, UnrollFactor=1 -> It seems that the distribution is bimodal (mValue = 3.47)
  HierarchyBenchmarks.Move: InvocationCount=1, UnrollFactor=1        -> It seems that the distribution is bimodal (mValue = 3.65)
  HierarchyBenchmarks.GetChildren: InvocationCount=1, UnrollFactor=1 -> It seems that the distribution can have several modes (mValue = 2.93)

// * Hints *
Outliers
  HierarchyBenchmarks.Add: InvocationCount=1, UnrollFactor=1         -> 20 outliers were removed (1.10 μs..4.40 μs)
  HierarchyBenchmarks.Move: InvocationCount=1, UnrollFactor=1        -> 12 outliers were removed (3.80 μs..5.40 μs)
  HierarchyBenchmarks.GetChildren: InvocationCount=1, UnrollFactor=1 -> 17 outliers were removed (3.60 μs..7.50 μs)
  HierarchyBenchmarks.Descendants: InvocationCount=1, UnrollFactor=1 -> 9 outliers were removed (11.80 μs..18.10 μs)
  HierarchyBenchmarks.Add: InvocationCount=1, UnrollFactor=1         -> 16 outliers were removed (5.80 μs..8.20 μs)
  HierarchyBenchmarks.Move: InvocationCount=1, UnrollFactor=1        -> 4 outliers were removed (21.40 μs..48.80 μs)
  HierarchyBenchmarks.Remove: InvocationCount=1, UnrollFactor=1      -> 2 outliers were removed (21.30 μs, 21.40 μs)
  HierarchyBenchmarks.GetChildren: InvocationCount=1, UnrollFactor=1 -> 3 outliers were removed (24.70 μs..28.00 μs)
  HierarchyBenchmarks.Descendants: InvocationCount=1, UnrollFactor=1 -> 1 outlier  was  removed (276.80 μs)
  HierarchyBenchmarks.Add: InvocationCount=1, UnrollFactor=1         -> 7 outliers were removed (23.80 μs..26.10 μs)
  HierarchyBenchmarks.Move: InvocationCount=1, UnrollFactor=1        -> 14 outliers were removed (51.10 μs..60.10 μs)
  HierarchyBenchmarks.Remove: InvocationCount=1, UnrollFactor=1      -> 15 outliers were removed (51.10 μs..496.50 μs)
  HierarchyBenchmarks.GetChildren: InvocationCount=1, UnrollFactor=1 -> 3 outliers were removed (145.60 μs..200.90 μs)
  HierarchyBenchmarks.Descendants: InvocationCount=1, UnrollFactor=1 -> 16 outliers were removed (241.50 μs..2.22 ms)

// * Legends *
  NodeCount : Value of the 'NodeCount' parameter
  Mean      : Arithmetic mean of all measurements
  Error     : Half of 99.9% confidence interval
  StdDev    : Standard deviation of all measurements
  Median    : Value separating the higher half of all measurements (50th percentile)
  Allocated : Allocated memory per single operation (managed only, inclusive, 1KB = 1024B)
  1 ns      : 1 Nanosecond (0.000000001 sec)

// * Diagnostic Output - MemoryDiagnoser *


// ***** BenchmarkRunner: End *****
Run time: 00:00:25 (25.32 sec), executed benchmarks: 15

Global total time: 00:00:30 (30.26 sec), executed benchmarks: 15
// * Artifacts cleanup *
Artifacts cleanup is finished
