// Validating benchmarks:
// ***** BenchmarkRunner: Start   *****
// ***** Found 15 benchmark(s) in total *****
// ***** Building 1 exe(s) in Parallel: Start   *****
Unable to find .sln or .csproj file. Will use current directory D:\HierarchyKit to search for project file. If you don't use .sln file on purpose it should not be a problem.
// start dotnet  restore /p:UseSharedCompilation=false /p:BuildInParallel=false /m:1 /p:Deterministic=true /p:Optimize=true /p:IntermediateOutputPath="D:\HierarchyKit\benchmarks\HierarchyKit.Benchmarks\bin\Release\net10.0\f708123d-25c8-4862-a51c-d2fd081c87d7\obj\Release\net10.0/" /p:OutDir="D:\HierarchyKit\benchmarks\HierarchyKit.Benchmarks\bin\Release\net10.0\f708123d-25c8-4862-a51c-d2fd081c87d7\bin\Release\net10.0/" /p:OutputPath="D:\HierarchyKit\benchmarks\HierarchyKit.Benchmarks\bin\Release\net10.0\f708123d-25c8-4862-a51c-d2fd081c87d7\bin\Release\net10.0/" in D:\HierarchyKit\benchmarks\HierarchyKit.Benchmarks\bin\Release\net10.0\f708123d-25c8-4862-a51c-d2fd081c87d7
// command took 0.73 sec and exited with 0
// start dotnet  build -c Release --no-restore /p:UseSharedCompilation=false /p:BuildInParallel=false /m:1 /p:Deterministic=true /p:Optimize=true /p:IntermediateOutputPath="D:\HierarchyKit\benchmarks\HierarchyKit.Benchmarks\bin\Release\net10.0\f708123d-25c8-4862-a51c-d2fd081c87d7\obj\Release\net10.0/" /p:OutDir="D:\HierarchyKit\benchmarks\HierarchyKit.Benchmarks\bin\Release\net10.0\f708123d-25c8-4862-a51c-d2fd081c87d7\bin\Release\net10.0/" /p:OutputPath="D:\HierarchyKit\benchmarks\HierarchyKit.Benchmarks\bin\Release\net10.0\f708123d-25c8-4862-a51c-d2fd081c87d7\bin\Release\net10.0/" --output "D:\HierarchyKit\benchmarks\HierarchyKit.Benchmarks\bin\Release\net10.0\f708123d-25c8-4862-a51c-d2fd081c87d7\bin\Release\net10.0/" in D:\HierarchyKit\benchmarks\HierarchyKit.Benchmarks\bin\Release\net10.0\f708123d-25c8-4862-a51c-d2fd081c87d7
// command took 3.99 sec and exited with 0
// ***** Done, took 00:00:04 (4.78 sec)   *****
// Found 15 benchmarks:
//   HierarchyBenchmarks.Add: Job-DRRRRQ(InvocationCount=1, UnrollFactor=1) [NodeCount=100]
//   HierarchyBenchmarks.Move: Job-DRRRRQ(InvocationCount=1, UnrollFactor=1) [NodeCount=100]
//   HierarchyBenchmarks.Remove: Job-DRRRRQ(InvocationCount=1, UnrollFactor=1) [NodeCount=100]
//   HierarchyBenchmarks.GetChildren: Job-DRRRRQ(InvocationCount=1, UnrollFactor=1) [NodeCount=100]
//   HierarchyBenchmarks.Descendants: Job-DRRRRQ(InvocationCount=1, UnrollFactor=1) [NodeCount=100]
//   HierarchyBenchmarks.Add: Job-DRRRRQ(InvocationCount=1, UnrollFactor=1) [NodeCount=1000]
//   HierarchyBenchmarks.Move: Job-DRRRRQ(InvocationCount=1, UnrollFactor=1) [NodeCount=1000]
//   HierarchyBenchmarks.Remove: Job-DRRRRQ(InvocationCount=1, UnrollFactor=1) [NodeCount=1000]
//   HierarchyBenchmarks.GetChildren: Job-DRRRRQ(InvocationCount=1, UnrollFactor=1) [NodeCount=1000]
//   HierarchyBenchmarks.Descendants: Job-DRRRRQ(InvocationCount=1, UnrollFactor=1) [NodeCount=1000]
//   HierarchyBenchmarks.Add: Job-DRRRRQ(InvocationCount=1, UnrollFactor=1) [NodeCount=5000]
//   HierarchyBenchmarks.Move: Job-DRRRRQ(InvocationCount=1, UnrollFactor=1) [NodeCount=5000]
//   HierarchyBenchmarks.Remove: Job-DRRRRQ(InvocationCount=1, UnrollFactor=1) [NodeCount=5000]
//   HierarchyBenchmarks.GetChildren: Job-DRRRRQ(InvocationCount=1, UnrollFactor=1) [NodeCount=5000]
//   HierarchyBenchmarks.Descendants: Job-DRRRRQ(InvocationCount=1, UnrollFactor=1) [NodeCount=5000]

Setup power plan (GUID: 8c5e7fda-e8bf-4a96-9a85-a6e23a8c635c FriendlyName: High performance)
// **************************
// Benchmark: HierarchyBenchmarks.Add: Job-DRRRRQ(InvocationCount=1, UnrollFactor=1) [NodeCount=100]
// *** Execute ***
// Launch: 1 / 1
// Execute: dotnet f708123d-25c8-4862-a51c-d2fd081c87d7.dll --anonymousPipes 2056 2144 --benchmarkName "HierarchyBenchmarks.Add(NodeCount: 100)" --job "InvocationCount=1, UnrollFactor=1" --benchmarkId 0 in D:\HierarchyKit\benchmarks\HierarchyKit.Benchmarks\bin\Release\net10.0\f708123d-25c8-4862-a51c-d2fd081c87d7\bin\Release\net10.0
// BeforeAnythingElse

// Benchmark Process Environment Information:
// BenchmarkDotNet v0.14.0
// Runtime=.NET 10.0.12 (10.0.1226.42308), X64 RyuJIT AVX2
// GC=Non-concurrent Workstation
// HardwareIntrinsics=AVX2,AES,BMI1,BMI2,FMA,LZCNT,PCLMUL,POPCNT,AvxVnni,SERIALIZE VectorSize=256
// Job: Job-HOTHSI(InvocationCount=1, UnrollFactor=1)

OverheadJitting  1: 1 op, 175000.00 ns, 175.0000 us/op
WorkloadJitting  1: 1 op, 217800.00 ns, 217.8000 us/op

OverheadWarmup   1: 1 op, 200.00 ns, 200.0000 ns/op
OverheadWarmup   2: 1 op, 200.00 ns, 200.0000 ns/op
OverheadWarmup   3: 1 op, 100.00 ns, 100.0000 ns/op
OverheadWarmup   4: 1 op, 200.00 ns, 200.0000 ns/op
OverheadWarmup   5: 1 op, 200.00 ns, 200.0000 ns/op

OverheadActual   1: 1 op, 200.00 ns, 200.0000 ns/op
OverheadActual   2: 1 op, 200.00 ns, 200.0000 ns/op
OverheadActual   3: 1 op, 100.00 ns, 100.0000 ns/op
OverheadActual   4: 1 op, 200.00 ns, 200.0000 ns/op
OverheadActual   5: 1 op, 200.00 ns, 200.0000 ns/op
OverheadActual   6: 1 op, 200.00 ns, 200.0000 ns/op
OverheadActual   7: 1 op, 100.00 ns, 100.0000 ns/op
OverheadActual   8: 1 op, 200.00 ns, 200.0000 ns/op
OverheadActual   9: 1 op, 300.00 ns, 300.0000 ns/op
OverheadActual  10: 1 op, 200.00 ns, 200.0000 ns/op
OverheadActual  11: 1 op, 100.00 ns, 100.0000 ns/op
OverheadActual  12: 1 op, 100.00 ns, 100.0000 ns/op
OverheadActual  13: 1 op, 100.00 ns, 100.0000 ns/op
OverheadActual  14: 1 op, 100.00 ns, 100.0000 ns/op
OverheadActual  15: 1 op, 100.00 ns, 100.0000 ns/op
OverheadActual  16: 1 op, 200.00 ns, 200.0000 ns/op
OverheadActual  17: 1 op, 100.00 ns, 100.0000 ns/op
OverheadActual  18: 1 op, 200.00 ns, 200.0000 ns/op
OverheadActual  19: 1 op, 200.00 ns, 200.0000 ns/op
OverheadActual  20: 1 op, 100.00 ns, 100.0000 ns/op

WorkloadWarmup   1: 1 op, 4900.00 ns, 4.9000 us/op
WorkloadWarmup   2: 1 op, 1000.00 ns, 1.0000 us/op
WorkloadWarmup   3: 1 op, 3600.00 ns, 3.6000 us/op
WorkloadWarmup   4: 1 op, 3500.00 ns, 3.5000 us/op
WorkloadWarmup   5: 1 op, 1100.00 ns, 1.1000 us/op
WorkloadWarmup   6: 1 op, 1300.00 ns, 1.3000 us/op
WorkloadWarmup   7: 1 op, 2900.00 ns, 2.9000 us/op
WorkloadWarmup   8: 1 op, 1200.00 ns, 1.2000 us/op

// BeforeActualRun
WorkloadActual   1: 1 op, 3400.00 ns, 3.4000 us/op
WorkloadActual   2: 1 op, 900.00 ns, 900.0000 ns/op
WorkloadActual   3: 1 op, 3100.00 ns, 3.1000 us/op
WorkloadActual   4: 1 op, 3600.00 ns, 3.6000 us/op
WorkloadActual   5: 1 op, 1100.00 ns, 1.1000 us/op
WorkloadActual   6: 1 op, 3300.00 ns, 3.3000 us/op
WorkloadActual   7: 1 op, 2900.00 ns, 2.9000 us/op
WorkloadActual   8: 1 op, 3000.00 ns, 3.0000 us/op
WorkloadActual   9: 1 op, 3600.00 ns, 3.6000 us/op
WorkloadActual  10: 1 op, 3500.00 ns, 3.5000 us/op
WorkloadActual  11: 1 op, 3300.00 ns, 3.3000 us/op
WorkloadActual  12: 1 op, 1200.00 ns, 1.2000 us/op
WorkloadActual  13: 1 op, 1000.00 ns, 1.0000 us/op
WorkloadActual  14: 1 op, 3400.00 ns, 3.4000 us/op
WorkloadActual  15: 1 op, 3500.00 ns, 3.5000 us/op
WorkloadActual  16: 1 op, 3200.00 ns, 3.2000 us/op
WorkloadActual  17: 1 op, 1100.00 ns, 1.1000 us/op
WorkloadActual  18: 1 op, 3600.00 ns, 3.6000 us/op
WorkloadActual  19: 1 op, 3200.00 ns, 3.2000 us/op
WorkloadActual  20: 1 op, 2100.00 ns, 2.1000 us/op
WorkloadActual  21: 1 op, 900.00 ns, 900.0000 ns/op
WorkloadActual  22: 1 op, 3700.00 ns, 3.7000 us/op
WorkloadActual  23: 1 op, 1000.00 ns, 1.0000 us/op
WorkloadActual  24: 1 op, 1200.00 ns, 1.2000 us/op
WorkloadActual  25: 1 op, 3300.00 ns, 3.3000 us/op
WorkloadActual  26: 1 op, 3400.00 ns, 3.4000 us/op
WorkloadActual  27: 1 op, 3000.00 ns, 3.0000 us/op
WorkloadActual  28: 1 op, 3000.00 ns, 3.0000 us/op
WorkloadActual  29: 1 op, 3100.00 ns, 3.1000 us/op
WorkloadActual  30: 1 op, 900.00 ns, 900.0000 ns/op
WorkloadActual  31: 1 op, 3600.00 ns, 3.6000 us/op
WorkloadActual  32: 1 op, 2200.00 ns, 2.2000 us/op
WorkloadActual  33: 1 op, 1100.00 ns, 1.1000 us/op
WorkloadActual  34: 1 op, 3600.00 ns, 3.6000 us/op
WorkloadActual  35: 1 op, 3500.00 ns, 3.5000 us/op
WorkloadActual  36: 1 op, 3200.00 ns, 3.2000 us/op
WorkloadActual  37: 1 op, 2100.00 ns, 2.1000 us/op
WorkloadActual  38: 1 op, 900.00 ns, 900.0000 ns/op
WorkloadActual  39: 1 op, 600.00 ns, 600.0000 ns/op
WorkloadActual  40: 1 op, 3400.00 ns, 3.4000 us/op
WorkloadActual  41: 1 op, 3600.00 ns, 3.6000 us/op
WorkloadActual  42: 1 op, 1200.00 ns, 1.2000 us/op
WorkloadActual  43: 1 op, 3800.00 ns, 3.8000 us/op
WorkloadActual  44: 1 op, 1000.00 ns, 1.0000 us/op
WorkloadActual  45: 1 op, 2300.00 ns, 2.3000 us/op
WorkloadActual  46: 1 op, 3400.00 ns, 3.4000 us/op
WorkloadActual  47: 1 op, 1200.00 ns, 1.2000 us/op
WorkloadActual  48: 1 op, 900.00 ns, 900.0000 ns/op
WorkloadActual  49: 1 op, 1700.00 ns, 1.7000 us/op
WorkloadActual  50: 1 op, 1300.00 ns, 1.3000 us/op
WorkloadActual  51: 1 op, 3600.00 ns, 3.6000 us/op
WorkloadActual  52: 1 op, 2400.00 ns, 2.4000 us/op
WorkloadActual  53: 1 op, 3300.00 ns, 3.3000 us/op
WorkloadActual  54: 1 op, 2300.00 ns, 2.3000 us/op
WorkloadActual  55: 1 op, 3500.00 ns, 3.5000 us/op
WorkloadActual  56: 1 op, 1000.00 ns, 1.0000 us/op
WorkloadActual  57: 1 op, 900.00 ns, 900.0000 ns/op
WorkloadActual  58: 1 op, 3200.00 ns, 3.2000 us/op
WorkloadActual  59: 1 op, 3600.00 ns, 3.6000 us/op
WorkloadActual  60: 1 op, 3400.00 ns, 3.4000 us/op
WorkloadActual  61: 1 op, 3500.00 ns, 3.5000 us/op
WorkloadActual  62: 1 op, 3200.00 ns, 3.2000 us/op
WorkloadActual  63: 1 op, 900.00 ns, 900.0000 ns/op
WorkloadActual  64: 1 op, 1000.00 ns, 1.0000 us/op
WorkloadActual  65: 1 op, 3200.00 ns, 3.2000 us/op
WorkloadActual  66: 1 op, 3400.00 ns, 3.4000 us/op
WorkloadActual  67: 1 op, 2200.00 ns, 2.2000 us/op
WorkloadActual  68: 1 op, 1100.00 ns, 1.1000 us/op
WorkloadActual  69: 1 op, 3400.00 ns, 3.4000 us/op
WorkloadActual  70: 1 op, 3500.00 ns, 3.5000 us/op
WorkloadActual  71: 1 op, 1100.00 ns, 1.1000 us/op
WorkloadActual  72: 1 op, 3200.00 ns, 3.2000 us/op
WorkloadActual  73: 1 op, 2300.00 ns, 2.3000 us/op
WorkloadActual  74: 1 op, 1000.00 ns, 1.0000 us/op
WorkloadActual  75: 1 op, 3600.00 ns, 3.6000 us/op
WorkloadActual  76: 1 op, 3400.00 ns, 3.4000 us/op
WorkloadActual  77: 1 op, 2600.00 ns, 2.6000 us/op
WorkloadActual  78: 1 op, 2200.00 ns, 2.2000 us/op
WorkloadActual  79: 1 op, 1100.00 ns, 1.1000 us/op
WorkloadActual  80: 1 op, 1100.00 ns, 1.1000 us/op
WorkloadActual  81: 1 op, 1200.00 ns, 1.2000 us/op
WorkloadActual  82: 1 op, 3600.00 ns, 3.6000 us/op
WorkloadActual  83: 1 op, 1100.00 ns, 1.1000 us/op
WorkloadActual  84: 1 op, 800.00 ns, 800.0000 ns/op
WorkloadActual  85: 1 op, 3500.00 ns, 3.5000 us/op
WorkloadActual  86: 1 op, 1100.00 ns, 1.1000 us/op
WorkloadActual  87: 1 op, 3100.00 ns, 3.1000 us/op
WorkloadActual  88: 1 op, 3300.00 ns, 3.3000 us/op
WorkloadActual  89: 1 op, 1100.00 ns, 1.1000 us/op
WorkloadActual  90: 1 op, 1000.00 ns, 1.0000 us/op
WorkloadActual  91: 1 op, 900.00 ns, 900.0000 ns/op
WorkloadActual  92: 1 op, 800.00 ns, 800.0000 ns/op
WorkloadActual  93: 1 op, 900.00 ns, 900.0000 ns/op
WorkloadActual  94: 1 op, 800.00 ns, 800.0000 ns/op
WorkloadActual  95: 1 op, 3500.00 ns, 3.5000 us/op
WorkloadActual  96: 1 op, 1100.00 ns, 1.1000 us/op
WorkloadActual  97: 1 op, 3600.00 ns, 3.6000 us/op
WorkloadActual  98: 1 op, 3100.00 ns, 3.1000 us/op
WorkloadActual  99: 1 op, 3600.00 ns, 3.6000 us/op
WorkloadActual  100: 1 op, 2900.00 ns, 2.9000 us/op

// AfterActualRun
WorkloadResult   1: 1 op, 3200.00 ns, 3.2000 us/op
WorkloadResult   2: 1 op, 700.00 ns, 700.0000 ns/op
WorkloadResult   3: 1 op, 2900.00 ns, 2.9000 us/op
WorkloadResult   4: 1 op, 3400.00 ns, 3.4000 us/op
WorkloadResult   5: 1 op, 900.00 ns, 900.0000 ns/op
WorkloadResult   6: 1 op, 3100.00 ns, 3.1000 us/op
WorkloadResult   7: 1 op, 2700.00 ns, 2.7000 us/op
WorkloadResult   8: 1 op, 2800.00 ns, 2.8000 us/op
WorkloadResult   9: 1 op, 3400.00 ns, 3.4000 us/op
WorkloadResult  10: 1 op, 3300.00 ns, 3.3000 us/op
WorkloadResult  11: 1 op, 3100.00 ns, 3.1000 us/op
WorkloadResult  12: 1 op, 1000.00 ns, 1.0000 us/op
WorkloadResult  13: 1 op, 800.00 ns, 800.0000 ns/op
WorkloadResult  14: 1 op, 3200.00 ns, 3.2000 us/op
WorkloadResult  15: 1 op, 3300.00 ns, 3.3000 us/op
WorkloadResult  16: 1 op, 3000.00 ns, 3.0000 us/op
WorkloadResult  17: 1 op, 900.00 ns, 900.0000 ns/op
WorkloadResult  18: 1 op, 3400.00 ns, 3.4000 us/op
WorkloadResult  19: 1 op, 3000.00 ns, 3.0000 us/op
WorkloadResult  20: 1 op, 1900.00 ns, 1.9000 us/op
WorkloadResult  21: 1 op, 700.00 ns, 700.0000 ns/op
WorkloadResult  22: 1 op, 3500.00 ns, 3.5000 us/op
WorkloadResult  23: 1 op, 800.00 ns, 800.0000 ns/op
WorkloadResult  24: 1 op, 1000.00 ns, 1.0000 us/op
WorkloadResult  25: 1 op, 3100.00 ns, 3.1000 us/op
WorkloadResult  26: 1 op, 3200.00 ns, 3.2000 us/op
WorkloadResult  27: 1 op, 2800.00 ns, 2.8000 us/op
WorkloadResult  28: 1 op, 2800.00 ns, 2.8000 us/op
WorkloadResult  29: 1 op, 2900.00 ns, 2.9000 us/op
WorkloadResult  30: 1 op, 700.00 ns, 700.0000 ns/op
WorkloadResult  31: 1 op, 3400.00 ns, 3.4000 us/op
WorkloadResult  32: 1 op, 2000.00 ns, 2.0000 us/op
WorkloadResult  33: 1 op, 900.00 ns, 900.0000 ns/op
WorkloadResult  34: 1 op, 3400.00 ns, 3.4000 us/op
WorkloadResult  35: 1 op, 3300.00 ns, 3.3000 us/op
WorkloadResult  36: 1 op, 3000.00 ns, 3.0000 us/op
WorkloadResult  37: 1 op, 1900.00 ns, 1.9000 us/op
WorkloadResult  38: 1 op, 700.00 ns, 700.0000 ns/op
WorkloadResult  39: 1 op, 400.00 ns, 400.0000 ns/op
WorkloadResult  40: 1 op, 3200.00 ns, 3.2000 us/op
WorkloadResult  41: 1 op, 3400.00 ns, 3.4000 us/op
WorkloadResult  42: 1 op, 1000.00 ns, 1.0000 us/op
WorkloadResult  43: 1 op, 3600.00 ns, 3.6000 us/op
WorkloadResult  44: 1 op, 800.00 ns, 800.0000 ns/op
WorkloadResult  45: 1 op, 2100.00 ns, 2.1000 us/op
WorkloadResult  46: 1 op, 3200.00 ns, 3.2000 us/op
WorkloadResult  47: 1 op, 1000.00 ns, 1.0000 us/op
WorkloadResult  48: 1 op, 700.00 ns, 700.0000 ns/op
WorkloadResult  49: 1 op, 1500.00 ns, 1.5000 us/op
WorkloadResult  50: 1 op, 1100.00 ns, 1.1000 us/op
WorkloadResult  51: 1 op, 3400.00 ns, 3.4000 us/op
WorkloadResult  52: 1 op, 2200.00 ns, 2.2000 us/op
WorkloadResult  53: 1 op, 3100.00 ns, 3.1000 us/op
WorkloadResult  54: 1 op, 2100.00 ns, 2.1000 us/op
WorkloadResult  55: 1 op, 3300.00 ns, 3.3000 us/op
WorkloadResult  56: 1 op, 800.00 ns, 800.0000 ns/op
WorkloadResult  57: 1 op, 700.00 ns, 700.0000 ns/op
WorkloadResult  58: 1 op, 3000.00 ns, 3.0000 us/op
WorkloadResult  59: 1 op, 3400.00 ns, 3.4000 us/op
WorkloadResult  60: 1 op, 3200.00 ns, 3.2000 us/op
WorkloadResult  61: 1 op, 3300.00 ns, 3.3000 us/op
WorkloadResult  62: 1 op, 3000.00 ns, 3.0000 us/op
WorkloadResult  63: 1 op, 700.00 ns, 700.0000 ns/op
WorkloadResult  64: 1 op, 800.00 ns, 800.0000 ns/op
WorkloadResult  65: 1 op, 3000.00 ns, 3.0000 us/op
WorkloadResult  66: 1 op, 3200.00 ns, 3.2000 us/op
WorkloadResult  67: 1 op, 2000.00 ns, 2.0000 us/op
WorkloadResult  68: 1 op, 900.00 ns, 900.0000 ns/op
WorkloadResult  69: 1 op, 3200.00 ns, 3.2000 us/op
WorkloadResult  70: 1 op, 3300.00 ns, 3.3000 us/op
WorkloadResult  71: 1 op, 900.00 ns, 900.0000 ns/op
WorkloadResult  72: 1 op, 3000.00 ns, 3.0000 us/op
WorkloadResult  73: 1 op, 2100.00 ns, 2.1000 us/op
WorkloadResult  74: 1 op, 800.00 ns, 800.0000 ns/op
WorkloadResult  75: 1 op, 3400.00 ns, 3.4000 us/op
WorkloadResult  76: 1 op, 3200.00 ns, 3.2000 us/op
WorkloadResult  77: 1 op, 2400.00 ns, 2.4000 us/op
WorkloadResult  78: 1 op, 2000.00 ns, 2.0000 us/op
WorkloadResult  79: 1 op, 900.00 ns, 900.0000 ns/op
WorkloadResult  80: 1 op, 900.00 ns, 900.0000 ns/op
WorkloadResult  81: 1 op, 1000.00 ns, 1.0000 us/op
WorkloadResult  82: 1 op, 3400.00 ns, 3.4000 us/op
WorkloadResult  83: 1 op, 900.00 ns, 900.0000 ns/op
WorkloadResult  84: 1 op, 600.00 ns, 600.0000 ns/op
WorkloadResult  85: 1 op, 3300.00 ns, 3.3000 us/op
WorkloadResult  86: 1 op, 900.00 ns, 900.0000 ns/op
WorkloadResult  87: 1 op, 2900.00 ns, 2.9000 us/op
WorkloadResult  88: 1 op, 3100.00 ns, 3.1000 us/op
WorkloadResult  89: 1 op, 900.00 ns, 900.0000 ns/op
WorkloadResult  90: 1 op, 800.00 ns, 800.0000 ns/op
WorkloadResult  91: 1 op, 700.00 ns, 700.0000 ns/op
WorkloadResult  92: 1 op, 600.00 ns, 600.0000 ns/op
WorkloadResult  93: 1 op, 700.00 ns, 700.0000 ns/op
WorkloadResult  94: 1 op, 600.00 ns, 600.0000 ns/op
WorkloadResult  95: 1 op, 3300.00 ns, 3.3000 us/op
WorkloadResult  96: 1 op, 900.00 ns, 900.0000 ns/op
WorkloadResult  97: 1 op, 3400.00 ns, 3.4000 us/op
WorkloadResult  98: 1 op, 2900.00 ns, 2.9000 us/op
WorkloadResult  99: 1 op, 3400.00 ns, 3.4000 us/op
WorkloadResult  100: 1 op, 2700.00 ns, 2.7000 us/op
// GC:  0 0 0 3160 1
// Threading:  0 0 1

// AfterAll
// Benchmark Process 31268 has exited with code 0.

Mean = 2.173 μs, StdErr = 0.112 μs (5.16%), N = 100, StdDev = 1.121 μs
Min = 0.400 μs, Q1 = 0.900 μs, Median = 2.750 μs, Q3 = 3.200 μs, Max = 3.600 μs
IQR = 2.300 μs, LowerFence = -2.550 μs, UpperFence = 6.650 μs
ConfidenceInterval = [1.793 μs; 2.553 μs] (CI 99.9%), Margin = 0.380 μs (17.49% of Mean)
Skewness = -0.27, Kurtosis = 1.28, MValue = 3.79

// ** Remained 14 (93,3%) benchmark(s) to run. Estimated finish 2026-09-11 16:11 (0h 0m from now) **
Setup power plan (GUID: 8c5e7fda-e8bf-4a96-9a85-a6e23a8c635c FriendlyName: High performance)
// **************************
// Benchmark: HierarchyBenchmarks.Move: Job-DRRRRQ(InvocationCount=1, UnrollFactor=1) [NodeCount=100]
// *** Execute ***
// Launch: 1 / 1
// Execute: dotnet f708123d-25c8-4862-a51c-d2fd081c87d7.dll --anonymousPipes 2128 1440 --benchmarkName "HierarchyBenchmarks.Move(NodeCount: 100)" --job "InvocationCount=1, UnrollFactor=1" --benchmarkId 1 in D:\HierarchyKit\benchmarks\HierarchyKit.Benchmarks\bin\Release\net10.0\f708123d-25c8-4862-a51c-d2fd081c87d7\bin\Release\net10.0
// BeforeAnythingElse

// Benchmark Process Environment Information:
// BenchmarkDotNet v0.14.0
// Runtime=.NET 10.0.12 (10.0.1226.42308), X64 RyuJIT AVX2
// GC=Non-concurrent Workstation
// HardwareIntrinsics=AVX2,AES,BMI1,BMI2,FMA,LZCNT,PCLMUL,POPCNT,AvxVnni,SERIALIZE VectorSize=256
// Job: Job-JHKKYB(InvocationCount=1, UnrollFactor=1)

OverheadJitting  1: 1 op, 203100.00 ns, 203.1000 us/op
WorkloadJitting  1: 1 op, 622000.00 ns, 622.0000 us/op

OverheadWarmup   1: 1 op, 200.00 ns, 200.0000 ns/op
OverheadWarmup   2: 1 op, 100.00 ns, 100.0000 ns/op
OverheadWarmup   3: 1 op, 100.00 ns, 100.0000 ns/op
OverheadWarmup   4: 1 op, 0.00 ns, 0.0000 ns/op
OverheadWarmup   5: 1 op, 200.00 ns, 200.0000 ns/op
OverheadWarmup   6: 1 op, 100.00 ns, 100.0000 ns/op

OverheadActual   1: 1 op, 100.00 ns, 100.0000 ns/op
OverheadActual   2: 1 op, 100.00 ns, 100.0000 ns/op
OverheadActual   3: 1 op, 300.00 ns, 300.0000 ns/op
OverheadActual   4: 1 op, 100.00 ns, 100.0000 ns/op
OverheadActual   5: 1 op, 200.00 ns, 200.0000 ns/op
OverheadActual   6: 1 op, 0.00 ns, 0.0000 ns/op
OverheadActual   7: 1 op, 100.00 ns, 100.0000 ns/op
OverheadActual   8: 1 op, 0.00 ns, 0.0000 ns/op
OverheadActual   9: 1 op, 100.00 ns, 100.0000 ns/op
OverheadActual  10: 1 op, 0.00 ns, 0.0000 ns/op
OverheadActual  11: 1 op, 0.00 ns, 0.0000 ns/op
OverheadActual  12: 1 op, 100.00 ns, 100.0000 ns/op
OverheadActual  13: 1 op, 100.00 ns, 100.0000 ns/op
OverheadActual  14: 1 op, 100.00 ns, 100.0000 ns/op
OverheadActual  15: 1 op, 200.00 ns, 200.0000 ns/op
OverheadActual  16: 1 op, 100.00 ns, 100.0000 ns/op
OverheadActual  17: 1 op, 100.00 ns, 100.0000 ns/op
OverheadActual  18: 1 op, 100.00 ns, 100.0000 ns/op
OverheadActual  19: 1 op, 100.00 ns, 100.0000 ns/op
OverheadActual  20: 1 op, 100.00 ns, 100.0000 ns/op

WorkloadWarmup   1: 1 op, 9500.00 ns, 9.5000 us/op
WorkloadWarmup   2: 1 op, 2300.00 ns, 2.3000 us/op
WorkloadWarmup   3: 1 op, 2000.00 ns, 2.0000 us/op
WorkloadWarmup   4: 1 op, 1900.00 ns, 1.9000 us/op
WorkloadWarmup   5: 1 op, 2000.00 ns, 2.0000 us/op
WorkloadWarmup   6: 1 op, 2000.00 ns, 2.0000 us/op
WorkloadWarmup   7: 1 op, 2000.00 ns, 2.0000 us/op
WorkloadWarmup   8: 1 op, 1700.00 ns, 1.7000 us/op

// BeforeActualRun
WorkloadActual   1: 1 op, 7700.00 ns, 7.7000 us/op
WorkloadActual   2: 1 op, 2300.00 ns, 2.3000 us/op
WorkloadActual   3: 1 op, 2100.00 ns, 2.1000 us/op
WorkloadActual   4: 1 op, 1900.00 ns, 1.9000 us/op
WorkloadActual   5: 1 op, 1700.00 ns, 1.7000 us/op
WorkloadActual   6: 1 op, 1800.00 ns, 1.8000 us/op
WorkloadActual   7: 1 op, 2000.00 ns, 2.0000 us/op
WorkloadActual   8: 1 op, 2000.00 ns, 2.0000 us/op
WorkloadActual   9: 1 op, 1900.00 ns, 1.9000 us/op
WorkloadActual  10: 1 op, 1900.00 ns, 1.9000 us/op
WorkloadActual  11: 1 op, 2000.00 ns, 2.0000 us/op
WorkloadActual  12: 1 op, 2300.00 ns, 2.3000 us/op
WorkloadActual  13: 1 op, 1900.00 ns, 1.9000 us/op
WorkloadActual  14: 1 op, 1800.00 ns, 1.8000 us/op
WorkloadActual  15: 1 op, 1800.00 ns, 1.8000 us/op
WorkloadActual  16: 1 op, 2000.00 ns, 2.0000 us/op
WorkloadActual  17: 1 op, 1800.00 ns, 1.8000 us/op
WorkloadActual  18: 1 op, 1800.00 ns, 1.8000 us/op
WorkloadActual  19: 1 op, 1700.00 ns, 1.7000 us/op
WorkloadActual  20: 1 op, 1900.00 ns, 1.9000 us/op
WorkloadActual  21: 1 op, 5300.00 ns, 5.3000 us/op
WorkloadActual  22: 1 op, 2700.00 ns, 2.7000 us/op
WorkloadActual  23: 1 op, 2300.00 ns, 2.3000 us/op
WorkloadActual  24: 1 op, 1700.00 ns, 1.7000 us/op
WorkloadActual  25: 1 op, 2000.00 ns, 2.0000 us/op
WorkloadActual  26: 1 op, 2000.00 ns, 2.0000 us/op
WorkloadActual  27: 1 op, 2100.00 ns, 2.1000 us/op
WorkloadActual  28: 1 op, 2100.00 ns, 2.1000 us/op
WorkloadActual  29: 1 op, 4400.00 ns, 4.4000 us/op
WorkloadActual  30: 1 op, 2400.00 ns, 2.4000 us/op
WorkloadActual  31: 1 op, 1900.00 ns, 1.9000 us/op
WorkloadActual  32: 1 op, 1800.00 ns, 1.8000 us/op
WorkloadActual  33: 1 op, 2100.00 ns, 2.1000 us/op
WorkloadActual  34: 1 op, 1900.00 ns, 1.9000 us/op
WorkloadActual  35: 1 op, 1800.00 ns, 1.8000 us/op
WorkloadActual  36: 1 op, 1600.00 ns, 1.6000 us/op
WorkloadActual  37: 1 op, 2100.00 ns, 2.1000 us/op
WorkloadActual  38: 1 op, 2000.00 ns, 2.0000 us/op
WorkloadActual  39: 1 op, 1800.00 ns, 1.8000 us/op
WorkloadActual  40: 1 op, 1900.00 ns, 1.9000 us/op
WorkloadActual  41: 1 op, 1800.00 ns, 1.8000 us/op
WorkloadActual  42: 1 op, 2000.00 ns, 2.0000 us/op
WorkloadActual  43: 1 op, 2000.00 ns, 2.0000 us/op
WorkloadActual  44: 1 op, 2600.00 ns, 2.6000 us/op
WorkloadActual  45: 1 op, 2200.00 ns, 2.2000 us/op
WorkloadActual  46: 1 op, 1900.00 ns, 1.9000 us/op
WorkloadActual  47: 1 op, 2700.00 ns, 2.7000 us/op
WorkloadActual  48: 1 op, 2100.00 ns, 2.1000 us/op
WorkloadActual  49: 1 op, 3100.00 ns, 3.1000 us/op
WorkloadActual  50: 1 op, 2700.00 ns, 2.7000 us/op
WorkloadActual  51: 1 op, 2000.00 ns, 2.0000 us/op
WorkloadActual  52: 1 op, 2000.00 ns, 2.0000 us/op
WorkloadActual  53: 1 op, 2000.00 ns, 2.0000 us/op
WorkloadActual  54: 1 op, 2300.00 ns, 2.3000 us/op
WorkloadActual  55: 1 op, 2600.00 ns, 2.6000 us/op
WorkloadActual  56: 1 op, 2200.00 ns, 2.2000 us/op
WorkloadActual  57: 1 op, 2200.00 ns, 2.2000 us/op
WorkloadActual  58: 1 op, 1900.00 ns, 1.9000 us/op
WorkloadActual  59: 1 op, 2700.00 ns, 2.7000 us/op
WorkloadActual  60: 1 op, 2000.00 ns, 2.0000 us/op
WorkloadActual  61: 1 op, 2000.00 ns, 2.0000 us/op
WorkloadActual  62: 1 op, 18000.00 ns, 18.0000 us/op
WorkloadActual  63: 1 op, 2000.00 ns, 2.0000 us/op
WorkloadActual  64: 1 op, 1700.00 ns, 1.7000 us/op
WorkloadActual  65: 1 op, 1800.00 ns, 1.8000 us/op
WorkloadActual  66: 1 op, 1800.00 ns, 1.8000 us/op
WorkloadActual  67: 1 op, 1800.00 ns, 1.8000 us/op
WorkloadActual  68: 1 op, 1800.00 ns, 1.8000 us/op
WorkloadActual  69: 1 op, 1900.00 ns, 1.9000 us/op
WorkloadActual  70: 1 op, 1800.00 ns, 1.8000 us/op
WorkloadActual  71: 1 op, 1900.00 ns, 1.9000 us/op
WorkloadActual  72: 1 op, 1900.00 ns, 1.9000 us/op
WorkloadActual  73: 1 op, 6700.00 ns, 6.7000 us/op
WorkloadActual  74: 1 op, 3100.00 ns, 3.1000 us/op
WorkloadActual  75: 1 op, 1900.00 ns, 1.9000 us/op
WorkloadActual  76: 1 op, 1800.00 ns, 1.8000 us/op
WorkloadActual  77: 1 op, 2600.00 ns, 2.6000 us/op
WorkloadActual  78: 1 op, 2600.00 ns, 2.6000 us/op
WorkloadActual  79: 1 op, 2800.00 ns, 2.8000 us/op
WorkloadActual  80: 1 op, 2900.00 ns, 2.9000 us/op
WorkloadActual  81: 1 op, 3100.00 ns, 3.1000 us/op
WorkloadActual  82: 1 op, 3400.00 ns, 3.4000 us/op
WorkloadActual  83: 1 op, 3200.00 ns, 3.2000 us/op
WorkloadActual  84: 1 op, 3500.00 ns, 3.5000 us/op
WorkloadActual  85: 1 op, 3200.00 ns, 3.2000 us/op
WorkloadActual  86: 1 op, 2800.00 ns, 2.8000 us/op
WorkloadActual  87: 1 op, 2500.00 ns, 2.5000 us/op
WorkloadActual  88: 1 op, 3000.00 ns, 3.0000 us/op
WorkloadActual  89: 1 op, 2600.00 ns, 2.6000 us/op
WorkloadActual  90: 1 op, 2400.00 ns, 2.4000 us/op
WorkloadActual  91: 1 op, 2900.00 ns, 2.9000 us/op
WorkloadActual  92: 1 op, 3200.00 ns, 3.2000 us/op
WorkloadActual  93: 1 op, 6700.00 ns, 6.7000 us/op
WorkloadActual  94: 1 op, 2700.00 ns, 2.7000 us/op
WorkloadActual  95: 1 op, 2600.00 ns, 2.6000 us/op
WorkloadActual  96: 1 op, 2400.00 ns, 2.4000 us/op
WorkloadActual  97: 1 op, 2400.00 ns, 2.4000 us/op
WorkloadActual  98: 1 op, 2600.00 ns, 2.6000 us/op
WorkloadActual  99: 1 op, 2500.00 ns, 2.5000 us/op
WorkloadActual  100: 1 op, 2400.00 ns, 2.4000 us/op

// AfterActualRun
WorkloadResult   1: 1 op, 2200.00 ns, 2.2000 us/op
WorkloadResult   2: 1 op, 2000.00 ns, 2.0000 us/op
WorkloadResult   3: 1 op, 1800.00 ns, 1.8000 us/op
WorkloadResult   4: 1 op, 1600.00 ns, 1.6000 us/op
WorkloadResult   5: 1 op, 1700.00 ns, 1.7000 us/op
WorkloadResult   6: 1 op, 1900.00 ns, 1.9000 us/op
WorkloadResult   7: 1 op, 1900.00 ns, 1.9000 us/op
WorkloadResult   8: 1 op, 1800.00 ns, 1.8000 us/op
WorkloadResult   9: 1 op, 1800.00 ns, 1.8000 us/op
WorkloadResult  10: 1 op, 1900.00 ns, 1.9000 us/op
WorkloadResult  11: 1 op, 2200.00 ns, 2.2000 us/op
WorkloadResult  12: 1 op, 1800.00 ns, 1.8000 us/op
WorkloadResult  13: 1 op, 1700.00 ns, 1.7000 us/op
WorkloadResult  14: 1 op, 1700.00 ns, 1.7000 us/op
WorkloadResult  15: 1 op, 1900.00 ns, 1.9000 us/op
WorkloadResult  16: 1 op, 1700.00 ns, 1.7000 us/op
WorkloadResult  17: 1 op, 1700.00 ns, 1.7000 us/op
WorkloadResult  18: 1 op, 1600.00 ns, 1.6000 us/op
WorkloadResult  19: 1 op, 1800.00 ns, 1.8000 us/op
WorkloadResult  20: 1 op, 2600.00 ns, 2.6000 us/op
WorkloadResult  21: 1 op, 2200.00 ns, 2.2000 us/op
WorkloadResult  22: 1 op, 1600.00 ns, 1.6000 us/op
WorkloadResult  23: 1 op, 1900.00 ns, 1.9000 us/op
WorkloadResult  24: 1 op, 1900.00 ns, 1.9000 us/op
WorkloadResult  25: 1 op, 2000.00 ns, 2.0000 us/op
WorkloadResult  26: 1 op, 2000.00 ns, 2.0000 us/op
WorkloadResult  27: 1 op, 2300.00 ns, 2.3000 us/op
WorkloadResult  28: 1 op, 1800.00 ns, 1.8000 us/op
WorkloadResult  29: 1 op, 1700.00 ns, 1.7000 us/op
WorkloadResult  30: 1 op, 2000.00 ns, 2.0000 us/op
WorkloadResult  31: 1 op, 1800.00 ns, 1.8000 us/op
WorkloadResult  32: 1 op, 1700.00 ns, 1.7000 us/op
WorkloadResult  33: 1 op, 1500.00 ns, 1.5000 us/op
WorkloadResult  34: 1 op, 2000.00 ns, 2.0000 us/op
WorkloadResult  35: 1 op, 1900.00 ns, 1.9000 us/op
WorkloadResult  36: 1 op, 1700.00 ns, 1.7000 us/op
WorkloadResult  37: 1 op, 1800.00 ns, 1.8000 us/op
WorkloadResult  38: 1 op, 1700.00 ns, 1.7000 us/op
WorkloadResult  39: 1 op, 1900.00 ns, 1.9000 us/op
WorkloadResult  40: 1 op, 1900.00 ns, 1.9000 us/op
WorkloadResult  41: 1 op, 2500.00 ns, 2.5000 us/op
WorkloadResult  42: 1 op, 2100.00 ns, 2.1000 us/op
WorkloadResult  43: 1 op, 1800.00 ns, 1.8000 us/op
WorkloadResult  44: 1 op, 2600.00 ns, 2.6000 us/op
WorkloadResult  45: 1 op, 2000.00 ns, 2.0000 us/op
WorkloadResult  46: 1 op, 3000.00 ns, 3.0000 us/op
WorkloadResult  47: 1 op, 2600.00 ns, 2.6000 us/op
WorkloadResult  48: 1 op, 1900.00 ns, 1.9000 us/op
WorkloadResult  49: 1 op, 1900.00 ns, 1.9000 us/op
WorkloadResult  50: 1 op, 1900.00 ns, 1.9000 us/op
WorkloadResult  51: 1 op, 2200.00 ns, 2.2000 us/op
WorkloadResult  52: 1 op, 2500.00 ns, 2.5000 us/op
WorkloadResult  53: 1 op, 2100.00 ns, 2.1000 us/op
WorkloadResult  54: 1 op, 2100.00 ns, 2.1000 us/op
WorkloadResult  55: 1 op, 1800.00 ns, 1.8000 us/op
WorkloadResult  56: 1 op, 2600.00 ns, 2.6000 us/op
WorkloadResult  57: 1 op, 1900.00 ns, 1.9000 us/op
WorkloadResult  58: 1 op, 1900.00 ns, 1.9000 us/op
WorkloadResult  59: 1 op, 1900.00 ns, 1.9000 us/op
WorkloadResult  60: 1 op, 1600.00 ns, 1.6000 us/op
WorkloadResult  61: 1 op, 1700.00 ns, 1.7000 us/op
WorkloadResult  62: 1 op, 1700.00 ns, 1.7000 us/op
WorkloadResult  63: 1 op, 1700.00 ns, 1.7000 us/op
WorkloadResult  64: 1 op, 1700.00 ns, 1.7000 us/op
WorkloadResult  65: 1 op, 1800.00 ns, 1.8000 us/op
WorkloadResult  66: 1 op, 1700.00 ns, 1.7000 us/op
WorkloadResult  67: 1 op, 1800.00 ns, 1.8000 us/op
WorkloadResult  68: 1 op, 1800.00 ns, 1.8000 us/op
WorkloadResult  69: 1 op, 3000.00 ns, 3.0000 us/op
WorkloadResult  70: 1 op, 1800.00 ns, 1.8000 us/op
WorkloadResult  71: 1 op, 1700.00 ns, 1.7000 us/op
WorkloadResult  72: 1 op, 2500.00 ns, 2.5000 us/op
WorkloadResult  73: 1 op, 2500.00 ns, 2.5000 us/op
WorkloadResult  74: 1 op, 2700.00 ns, 2.7000 us/op
WorkloadResult  75: 1 op, 2800.00 ns, 2.8000 us/op
WorkloadResult  76: 1 op, 3000.00 ns, 3.0000 us/op
WorkloadResult  77: 1 op, 3300.00 ns, 3.3000 us/op
WorkloadResult  78: 1 op, 3100.00 ns, 3.1000 us/op
WorkloadResult  79: 1 op, 3400.00 ns, 3.4000 us/op
WorkloadResult  80: 1 op, 3100.00 ns, 3.1000 us/op
WorkloadResult  81: 1 op, 2700.00 ns, 2.7000 us/op
WorkloadResult  82: 1 op, 2400.00 ns, 2.4000 us/op
WorkloadResult  83: 1 op, 2900.00 ns, 2.9000 us/op
WorkloadResult  84: 1 op, 2500.00 ns, 2.5000 us/op
WorkloadResult  85: 1 op, 2300.00 ns, 2.3000 us/op
WorkloadResult  86: 1 op, 2800.00 ns, 2.8000 us/op
WorkloadResult  87: 1 op, 3100.00 ns, 3.1000 us/op
WorkloadResult  88: 1 op, 2600.00 ns, 2.6000 us/op
WorkloadResult  89: 1 op, 2500.00 ns, 2.5000 us/op
WorkloadResult  90: 1 op, 2300.00 ns, 2.3000 us/op
WorkloadResult  91: 1 op, 2300.00 ns, 2.3000 us/op
WorkloadResult  92: 1 op, 2500.00 ns, 2.5000 us/op
WorkloadResult  93: 1 op, 2400.00 ns, 2.4000 us/op
WorkloadResult  94: 1 op, 2300.00 ns, 2.3000 us/op
// GC:  0 0 0 3472 1
// Threading:  0 0 1

// AfterAll
// Benchmark Process 26088 has exited with code 0.

Mean = 2.127 μs, StdErr = 0.047 μs (2.21%), N = 94, StdDev = 0.456 μs
Min = 1.500 μs, Q1 = 1.800 μs, Median = 1.900 μs, Q3 = 2.500 μs, Max = 3.400 μs
IQR = 0.700 μs, LowerFence = 0.750 μs, UpperFence = 3.550 μs
ConfidenceInterval = [1.967 μs; 2.286 μs] (CI 99.9%), Margin = 0.160 μs (7.51% of Mean)
Skewness = 0.92, Kurtosis = 2.84, MValue = 2.05

// ** Remained 13 (86,7%) benchmark(s) to run. Estimated finish 2026-09-11 16:11 (0h 0m from now) **
Setup power plan (GUID: 8c5e7fda-e8bf-4a96-9a85-a6e23a8c635c FriendlyName: High performance)
// **************************
// Benchmark: HierarchyBenchmarks.Remove: Job-DRRRRQ(InvocationCount=1, UnrollFactor=1) [NodeCount=100]
// *** Execute ***
// Launch: 1 / 1
// Execute: dotnet f708123d-25c8-4862-a51c-d2fd081c87d7.dll --anonymousPipes 1636 1736 --benchmarkName "HierarchyBenchmarks.Remove(NodeCount: 100)" --job "InvocationCount=1, UnrollFactor=1" --benchmarkId 2 in D:\HierarchyKit\benchmarks\HierarchyKit.Benchmarks\bin\Release\net10.0\f708123d-25c8-4862-a51c-d2fd081c87d7\bin\Release\net10.0
// BeforeAnythingElse

// Benchmark Process Environment Information:
// BenchmarkDotNet v0.14.0
// Runtime=.NET 10.0.12 (10.0.1226.42308), X64 RyuJIT AVX2
// GC=Non-concurrent Workstation
// HardwareIntrinsics=AVX2,AES,BMI1,BMI2,FMA,LZCNT,PCLMUL,POPCNT,AvxVnni,SERIALIZE VectorSize=256
// Job: Job-OEYQKZ(InvocationCount=1, UnrollFactor=1)

OverheadJitting  1: 1 op, 181300.00 ns, 181.3000 us/op
WorkloadJitting  1: 1 op, 1307500.00 ns, 1.3075 ms/op

OverheadWarmup   1: 1 op, 200.00 ns, 200.0000 ns/op
OverheadWarmup   2: 1 op, 200.00 ns, 200.0000 ns/op
OverheadWarmup   3: 1 op, 100.00 ns, 100.0000 ns/op
OverheadWarmup   4: 1 op, 0.00 ns, 0.0000 ns/op
OverheadWarmup   5: 1 op, 200.00 ns, 200.0000 ns/op
OverheadWarmup   6: 1 op, 200.00 ns, 200.0000 ns/op

OverheadActual   1: 1 op, 200.00 ns, 200.0000 ns/op
OverheadActual   2: 1 op, 200.00 ns, 200.0000 ns/op
OverheadActual   3: 1 op, 200.00 ns, 200.0000 ns/op
OverheadActual   4: 1 op, 0.00 ns, 0.0000 ns/op
OverheadActual   5: 1 op, 200.00 ns, 200.0000 ns/op
OverheadActual   6: 1 op, 100.00 ns, 100.0000 ns/op
OverheadActual   7: 1 op, 0.00 ns, 0.0000 ns/op
OverheadActual   8: 1 op, 100.00 ns, 100.0000 ns/op
OverheadActual   9: 1 op, 100.00 ns, 100.0000 ns/op
OverheadActual  10: 1 op, 100.00 ns, 100.0000 ns/op
OverheadActual  11: 1 op, 200.00 ns, 200.0000 ns/op
OverheadActual  12: 1 op, 100.00 ns, 100.0000 ns/op
OverheadActual  13: 1 op, 100.00 ns, 100.0000 ns/op
OverheadActual  14: 1 op, 100.00 ns, 100.0000 ns/op
OverheadActual  15: 1 op, 0.00 ns, 0.0000 ns/op
OverheadActual  16: 1 op, 0.00 ns, 0.0000 ns/op
OverheadActual  17: 1 op, 0.00 ns, 0.0000 ns/op
OverheadActual  18: 1 op, 100.00 ns, 100.0000 ns/op
OverheadActual  19: 1 op, 100.00 ns, 100.0000 ns/op
OverheadActual  20: 1 op, 100.00 ns, 100.0000 ns/op

WorkloadWarmup   1: 1 op, 29700.00 ns, 29.7000 us/op
WorkloadWarmup   2: 1 op, 2500.00 ns, 2.5000 us/op
WorkloadWarmup   3: 1 op, 1900.00 ns, 1.9000 us/op
WorkloadWarmup   4: 1 op, 1800.00 ns, 1.8000 us/op
WorkloadWarmup   5: 1 op, 1900.00 ns, 1.9000 us/op
WorkloadWarmup   6: 1 op, 2000.00 ns, 2.0000 us/op
WorkloadWarmup   7: 1 op, 1800.00 ns, 1.8000 us/op
WorkloadWarmup   8: 1 op, 1800.00 ns, 1.8000 us/op
WorkloadWarmup   9: 1 op, 1900.00 ns, 1.9000 us/op

// BeforeActualRun
WorkloadActual   1: 1 op, 4400.00 ns, 4.4000 us/op
WorkloadActual   2: 1 op, 2400.00 ns, 2.4000 us/op
WorkloadActual   3: 1 op, 2000.00 ns, 2.0000 us/op
WorkloadActual   4: 1 op, 5400.00 ns, 5.4000 us/op
WorkloadActual   5: 1 op, 2500.00 ns, 2.5000 us/op
WorkloadActual   6: 1 op, 3300.00 ns, 3.3000 us/op
WorkloadActual   7: 1 op, 2100.00 ns, 2.1000 us/op
WorkloadActual   8: 1 op, 2200.00 ns, 2.2000 us/op
WorkloadActual   9: 1 op, 2000.00 ns, 2.0000 us/op
WorkloadActual  10: 1 op, 1900.00 ns, 1.9000 us/op
WorkloadActual  11: 1 op, 2100.00 ns, 2.1000 us/op
WorkloadActual  12: 1 op, 2300.00 ns, 2.3000 us/op
WorkloadActual  13: 1 op, 2300.00 ns, 2.3000 us/op
WorkloadActual  14: 1 op, 2200.00 ns, 2.2000 us/op
WorkloadActual  15: 1 op, 2100.00 ns, 2.1000 us/op
WorkloadActual  16: 1 op, 2300.00 ns, 2.3000 us/op
WorkloadActual  17: 1 op, 5000.00 ns, 5.0000 us/op
WorkloadActual  18: 1 op, 3300.00 ns, 3.3000 us/op
WorkloadActual  19: 1 op, 2300.00 ns, 2.3000 us/op
WorkloadActual  20: 1 op, 1900.00 ns, 1.9000 us/op
WorkloadActual  21: 1 op, 1900.00 ns, 1.9000 us/op
WorkloadActual  22: 1 op, 2000.00 ns, 2.0000 us/op
WorkloadActual  23: 1 op, 2000.00 ns, 2.0000 us/op
WorkloadActual  24: 1 op, 2000.00 ns, 2.0000 us/op
WorkloadActual  25: 1 op, 5700.00 ns, 5.7000 us/op
WorkloadActual  26: 1 op, 3200.00 ns, 3.2000 us/op
WorkloadActual  27: 1 op, 2300.00 ns, 2.3000 us/op
WorkloadActual  28: 1 op, 4900.00 ns, 4.9000 us/op
WorkloadActual  29: 1 op, 2400.00 ns, 2.4000 us/op
WorkloadActual  30: 1 op, 1800.00 ns, 1.8000 us/op
WorkloadActual  31: 1 op, 2000.00 ns, 2.0000 us/op
WorkloadActual  32: 1 op, 1900.00 ns, 1.9000 us/op
WorkloadActual  33: 1 op, 1800.00 ns, 1.8000 us/op
WorkloadActual  34: 1 op, 1900.00 ns, 1.9000 us/op
WorkloadActual  35: 1 op, 1900.00 ns, 1.9000 us/op
WorkloadActual  36: 1 op, 1900.00 ns, 1.9000 us/op
WorkloadActual  37: 1 op, 2000.00 ns, 2.0000 us/op
WorkloadActual  38: 1 op, 1800.00 ns, 1.8000 us/op
WorkloadActual  39: 1 op, 2000.00 ns, 2.0000 us/op
WorkloadActual  40: 1 op, 2100.00 ns, 2.1000 us/op
WorkloadActual  41: 1 op, 5900.00 ns, 5.9000 us/op
WorkloadActual  42: 1 op, 4300.00 ns, 4.3000 us/op
WorkloadActual  43: 1 op, 4900.00 ns, 4.9000 us/op
WorkloadActual  44: 1 op, 2300.00 ns, 2.3000 us/op
WorkloadActual  45: 1 op, 2100.00 ns, 2.1000 us/op
WorkloadActual  46: 1 op, 2100.00 ns, 2.1000 us/op
WorkloadActual  47: 1 op, 1900.00 ns, 1.9000 us/op
WorkloadActual  48: 1 op, 2000.00 ns, 2.0000 us/op
WorkloadActual  49: 1 op, 1900.00 ns, 1.9000 us/op
WorkloadActual  50: 1 op, 2000.00 ns, 2.0000 us/op
WorkloadActual  51: 1 op, 2300.00 ns, 2.3000 us/op
WorkloadActual  52: 1 op, 2400.00 ns, 2.4000 us/op
WorkloadActual  53: 1 op, 6300.00 ns, 6.3000 us/op
WorkloadActual  54: 1 op, 3700.00 ns, 3.7000 us/op
WorkloadActual  55: 1 op, 2100.00 ns, 2.1000 us/op
WorkloadActual  56: 1 op, 1900.00 ns, 1.9000 us/op
WorkloadActual  57: 1 op, 2100.00 ns, 2.1000 us/op
WorkloadActual  58: 1 op, 2100.00 ns, 2.1000 us/op
WorkloadActual  59: 1 op, 2000.00 ns, 2.0000 us/op
WorkloadActual  60: 1 op, 1900.00 ns, 1.9000 us/op
WorkloadActual  61: 1 op, 2100.00 ns, 2.1000 us/op
WorkloadActual  62: 1 op, 1900.00 ns, 1.9000 us/op
WorkloadActual  63: 1 op, 1900.00 ns, 1.9000 us/op
WorkloadActual  64: 1 op, 1700.00 ns, 1.7000 us/op
WorkloadActual  65: 1 op, 2400.00 ns, 2.4000 us/op
WorkloadActual  66: 1 op, 2100.00 ns, 2.1000 us/op
WorkloadActual  67: 1 op, 5000.00 ns, 5.0000 us/op
WorkloadActual  68: 1 op, 4100.00 ns, 4.1000 us/op
WorkloadActual  69: 1 op, 2200.00 ns, 2.2000 us/op
WorkloadActual  70: 1 op, 2100.00 ns, 2.1000 us/op
WorkloadActual  71: 1 op, 2000.00 ns, 2.0000 us/op
WorkloadActual  72: 1 op, 2000.00 ns, 2.0000 us/op
WorkloadActual  73: 1 op, 2000.00 ns, 2.0000 us/op
WorkloadActual  74: 1 op, 2000.00 ns, 2.0000 us/op
WorkloadActual  75: 1 op, 2000.00 ns, 2.0000 us/op
WorkloadActual  76: 1 op, 6300.00 ns, 6.3000 us/op
WorkloadActual  77: 1 op, 5700.00 ns, 5.7000 us/op
WorkloadActual  78: 1 op, 3900.00 ns, 3.9000 us/op
WorkloadActual  79: 1 op, 2600.00 ns, 2.6000 us/op
WorkloadActual  80: 1 op, 2500.00 ns, 2.5000 us/op
WorkloadActual  81: 1 op, 2600.00 ns, 2.6000 us/op
WorkloadActual  82: 1 op, 2400.00 ns, 2.4000 us/op
WorkloadActual  83: 1 op, 2400.00 ns, 2.4000 us/op
WorkloadActual  84: 1 op, 2500.00 ns, 2.5000 us/op
WorkloadActual  85: 1 op, 2400.00 ns, 2.4000 us/op
WorkloadActual  86: 1 op, 2400.00 ns, 2.4000 us/op
WorkloadActual  87: 1 op, 2300.00 ns, 2.3000 us/op
WorkloadActual  88: 1 op, 2400.00 ns, 2.4000 us/op
WorkloadActual  89: 1 op, 2500.00 ns, 2.5000 us/op
WorkloadActual  90: 1 op, 2600.00 ns, 2.6000 us/op
WorkloadActual  91: 1 op, 2600.00 ns, 2.6000 us/op
WorkloadActual  92: 1 op, 2500.00 ns, 2.5000 us/op
WorkloadActual  93: 1 op, 2500.00 ns, 2.5000 us/op
WorkloadActual  94: 1 op, 2600.00 ns, 2.6000 us/op
WorkloadActual  95: 1 op, 2600.00 ns, 2.6000 us/op
WorkloadActual  96: 1 op, 2600.00 ns, 2.6000 us/op
WorkloadActual  97: 1 op, 3000.00 ns, 3.0000 us/op
WorkloadActual  98: 1 op, 2500.00 ns, 2.5000 us/op
WorkloadActual  99: 1 op, 3100.00 ns, 3.1000 us/op
WorkloadActual  100: 1 op, 2900.00 ns, 2.9000 us/op

// AfterActualRun
WorkloadResult   1: 1 op, 2300.00 ns, 2.3000 us/op
WorkloadResult   2: 1 op, 1900.00 ns, 1.9000 us/op
WorkloadResult   3: 1 op, 2400.00 ns, 2.4000 us/op
WorkloadResult   4: 1 op, 3200.00 ns, 3.2000 us/op
WorkloadResult   5: 1 op, 2000.00 ns, 2.0000 us/op
WorkloadResult   6: 1 op, 2100.00 ns, 2.1000 us/op
WorkloadResult   7: 1 op, 1900.00 ns, 1.9000 us/op
WorkloadResult   8: 1 op, 1800.00 ns, 1.8000 us/op
WorkloadResult   9: 1 op, 2000.00 ns, 2.0000 us/op
WorkloadResult  10: 1 op, 2200.00 ns, 2.2000 us/op
WorkloadResult  11: 1 op, 2200.00 ns, 2.2000 us/op
WorkloadResult  12: 1 op, 2100.00 ns, 2.1000 us/op
WorkloadResult  13: 1 op, 2000.00 ns, 2.0000 us/op
WorkloadResult  14: 1 op, 2200.00 ns, 2.2000 us/op
WorkloadResult  15: 1 op, 3200.00 ns, 3.2000 us/op
WorkloadResult  16: 1 op, 2200.00 ns, 2.2000 us/op
WorkloadResult  17: 1 op, 1800.00 ns, 1.8000 us/op
WorkloadResult  18: 1 op, 1800.00 ns, 1.8000 us/op
WorkloadResult  19: 1 op, 1900.00 ns, 1.9000 us/op
WorkloadResult  20: 1 op, 1900.00 ns, 1.9000 us/op
WorkloadResult  21: 1 op, 1900.00 ns, 1.9000 us/op
WorkloadResult  22: 1 op, 3100.00 ns, 3.1000 us/op
WorkloadResult  23: 1 op, 2200.00 ns, 2.2000 us/op
WorkloadResult  24: 1 op, 2300.00 ns, 2.3000 us/op
WorkloadResult  25: 1 op, 1700.00 ns, 1.7000 us/op
WorkloadResult  26: 1 op, 1900.00 ns, 1.9000 us/op
WorkloadResult  27: 1 op, 1800.00 ns, 1.8000 us/op
WorkloadResult  28: 1 op, 1700.00 ns, 1.7000 us/op
WorkloadResult  29: 1 op, 1800.00 ns, 1.8000 us/op
WorkloadResult  30: 1 op, 1800.00 ns, 1.8000 us/op
WorkloadResult  31: 1 op, 1800.00 ns, 1.8000 us/op
WorkloadResult  32: 1 op, 1900.00 ns, 1.9000 us/op
WorkloadResult  33: 1 op, 1700.00 ns, 1.7000 us/op
WorkloadResult  34: 1 op, 1900.00 ns, 1.9000 us/op
WorkloadResult  35: 1 op, 2000.00 ns, 2.0000 us/op
WorkloadResult  36: 1 op, 2200.00 ns, 2.2000 us/op
WorkloadResult  37: 1 op, 2000.00 ns, 2.0000 us/op
WorkloadResult  38: 1 op, 2000.00 ns, 2.0000 us/op
WorkloadResult  39: 1 op, 1800.00 ns, 1.8000 us/op
WorkloadResult  40: 1 op, 1900.00 ns, 1.9000 us/op
WorkloadResult  41: 1 op, 1800.00 ns, 1.8000 us/op
WorkloadResult  42: 1 op, 1900.00 ns, 1.9000 us/op
WorkloadResult  43: 1 op, 2200.00 ns, 2.2000 us/op
WorkloadResult  44: 1 op, 2300.00 ns, 2.3000 us/op
WorkloadResult  45: 1 op, 2000.00 ns, 2.0000 us/op
WorkloadResult  46: 1 op, 1800.00 ns, 1.8000 us/op
WorkloadResult  47: 1 op, 2000.00 ns, 2.0000 us/op
WorkloadResult  48: 1 op, 2000.00 ns, 2.0000 us/op
WorkloadResult  49: 1 op, 1900.00 ns, 1.9000 us/op
WorkloadResult  50: 1 op, 1800.00 ns, 1.8000 us/op
WorkloadResult  51: 1 op, 2000.00 ns, 2.0000 us/op
WorkloadResult  52: 1 op, 1800.00 ns, 1.8000 us/op
WorkloadResult  53: 1 op, 1800.00 ns, 1.8000 us/op
WorkloadResult  54: 1 op, 1600.00 ns, 1.6000 us/op
WorkloadResult  55: 1 op, 2300.00 ns, 2.3000 us/op
WorkloadResult  56: 1 op, 2000.00 ns, 2.0000 us/op
WorkloadResult  57: 1 op, 2100.00 ns, 2.1000 us/op
WorkloadResult  58: 1 op, 2000.00 ns, 2.0000 us/op
WorkloadResult  59: 1 op, 1900.00 ns, 1.9000 us/op
WorkloadResult  60: 1 op, 1900.00 ns, 1.9000 us/op
WorkloadResult  61: 1 op, 1900.00 ns, 1.9000 us/op
WorkloadResult  62: 1 op, 1900.00 ns, 1.9000 us/op
WorkloadResult  63: 1 op, 1900.00 ns, 1.9000 us/op
WorkloadResult  64: 1 op, 2500.00 ns, 2.5000 us/op
WorkloadResult  65: 1 op, 2400.00 ns, 2.4000 us/op
WorkloadResult  66: 1 op, 2500.00 ns, 2.5000 us/op
WorkloadResult  67: 1 op, 2300.00 ns, 2.3000 us/op
WorkloadResult  68: 1 op, 2300.00 ns, 2.3000 us/op
WorkloadResult  69: 1 op, 2400.00 ns, 2.4000 us/op
WorkloadResult  70: 1 op, 2300.00 ns, 2.3000 us/op
WorkloadResult  71: 1 op, 2300.00 ns, 2.3000 us/op
WorkloadResult  72: 1 op, 2200.00 ns, 2.2000 us/op
WorkloadResult  73: 1 op, 2300.00 ns, 2.3000 us/op
WorkloadResult  74: 1 op, 2400.00 ns, 2.4000 us/op
WorkloadResult  75: 1 op, 2500.00 ns, 2.5000 us/op
WorkloadResult  76: 1 op, 2500.00 ns, 2.5000 us/op
WorkloadResult  77: 1 op, 2400.00 ns, 2.4000 us/op
WorkloadResult  78: 1 op, 2400.00 ns, 2.4000 us/op
WorkloadResult  79: 1 op, 2500.00 ns, 2.5000 us/op
WorkloadResult  80: 1 op, 2500.00 ns, 2.5000 us/op
WorkloadResult  81: 1 op, 2500.00 ns, 2.5000 us/op
WorkloadResult  82: 1 op, 2900.00 ns, 2.9000 us/op
WorkloadResult  83: 1 op, 2400.00 ns, 2.4000 us/op
WorkloadResult  84: 1 op, 3000.00 ns, 3.0000 us/op
WorkloadResult  85: 1 op, 2800.00 ns, 2.8000 us/op
// GC:  0 0 0 3168 1
// Threading:  0 0 1

// AfterAll
// Benchmark Process 8620 has exited with code 0.

Mean = 2.136 μs, StdErr = 0.038 μs (1.76%), N = 85, StdDev = 0.347 μs
Min = 1.600 μs, Q1 = 1.900 μs, Median = 2.000 μs, Q3 = 2.300 μs, Max = 3.200 μs
IQR = 0.400 μs, LowerFence = 1.300 μs, UpperFence = 2.900 μs
ConfidenceInterval = [2.008 μs; 2.265 μs] (CI 99.9%), Margin = 0.128 μs (6.00% of Mean)
Skewness = 1.14, Kurtosis = 4.14, MValue = 3.36

// ** Remained 12 (80,0%) benchmark(s) to run. Estimated finish 2026-09-11 16:11 (0h 0m from now) **
Setup power plan (GUID: 8c5e7fda-e8bf-4a96-9a85-a6e23a8c635c FriendlyName: High performance)
// **************************
// Benchmark: HierarchyBenchmarks.GetChildren: Job-DRRRRQ(InvocationCount=1, UnrollFactor=1) [NodeCount=100]
// *** Execute ***
// Launch: 1 / 1
// Execute: dotnet f708123d-25c8-4862-a51c-d2fd081c87d7.dll --anonymousPipes 2216 2200 --benchmarkName "HierarchyBenchmarks.GetChildren(NodeCount: 100)" --job "InvocationCount=1, UnrollFactor=1" --benchmarkId 3 in D:\HierarchyKit\benchmarks\HierarchyKit.Benchmarks\bin\Release\net10.0\f708123d-25c8-4862-a51c-d2fd081c87d7\bin\Release\net10.0
// BeforeAnythingElse

// Benchmark Process Environment Information:
// BenchmarkDotNet v0.14.0
// Runtime=.NET 10.0.12 (10.0.1226.42308), X64 RyuJIT AVX2
// GC=Non-concurrent Workstation
// HardwareIntrinsics=AVX2,AES,BMI1,BMI2,FMA,LZCNT,PCLMUL,POPCNT,AvxVnni,SERIALIZE VectorSize=256
// Job: Job-UOHNVE(InvocationCount=1, UnrollFactor=1)

OverheadJitting  1: 1 op, 178500.00 ns, 178.5000 us/op
WorkloadJitting  1: 1 op, 693000.00 ns, 693.0000 us/op

OverheadWarmup   1: 1 op, 200.00 ns, 200.0000 ns/op
OverheadWarmup   2: 1 op, 100.00 ns, 100.0000 ns/op
OverheadWarmup   3: 1 op, 0.00 ns, 0.0000 ns/op
OverheadWarmup   4: 1 op, 100.00 ns, 100.0000 ns/op
OverheadWarmup   5: 1 op, 100.00 ns, 100.0000 ns/op
OverheadWarmup   6: 1 op, 0.00 ns, 0.0000 ns/op
OverheadWarmup   7: 1 op, 100.00 ns, 100.0000 ns/op

OverheadActual   1: 1 op, 200.00 ns, 200.0000 ns/op
OverheadActual   2: 1 op, 200.00 ns, 200.0000 ns/op
OverheadActual   3: 1 op, 100.00 ns, 100.0000 ns/op
OverheadActual   4: 1 op, 200.00 ns, 200.0000 ns/op
OverheadActual   5: 1 op, 200.00 ns, 200.0000 ns/op
OverheadActual   6: 1 op, 100.00 ns, 100.0000 ns/op
OverheadActual   7: 1 op, 100.00 ns, 100.0000 ns/op
OverheadActual   8: 1 op, 0.00 ns, 0.0000 ns/op
OverheadActual   9: 1 op, 100.00 ns, 100.0000 ns/op
OverheadActual  10: 1 op, 200.00 ns, 200.0000 ns/op
OverheadActual  11: 1 op, 200.00 ns, 200.0000 ns/op
OverheadActual  12: 1 op, 200.00 ns, 200.0000 ns/op
OverheadActual  13: 1 op, 100.00 ns, 100.0000 ns/op
OverheadActual  14: 1 op, 0.00 ns, 0.0000 ns/op
OverheadActual  15: 1 op, 0.00 ns, 0.0000 ns/op
OverheadActual  16: 1 op, 0.00 ns, 0.0000 ns/op
OverheadActual  17: 1 op, 0.00 ns, 0.0000 ns/op
OverheadActual  18: 1 op, 100.00 ns, 100.0000 ns/op
OverheadActual  19: 1 op, 100.00 ns, 100.0000 ns/op
OverheadActual  20: 1 op, 100.00 ns, 100.0000 ns/op

WorkloadWarmup   1: 1 op, 10900.00 ns, 10.9000 us/op
WorkloadWarmup   2: 1 op, 3200.00 ns, 3.2000 us/op
WorkloadWarmup   3: 1 op, 2700.00 ns, 2.7000 us/op
WorkloadWarmup   4: 1 op, 2400.00 ns, 2.4000 us/op
WorkloadWarmup   5: 1 op, 2500.00 ns, 2.5000 us/op
WorkloadWarmup   6: 1 op, 5300.00 ns, 5.3000 us/op
WorkloadWarmup   7: 1 op, 4100.00 ns, 4.1000 us/op
WorkloadWarmup   8: 1 op, 2500.00 ns, 2.5000 us/op
WorkloadWarmup   9: 1 op, 2500.00 ns, 2.5000 us/op
WorkloadWarmup  10: 1 op, 2200.00 ns, 2.2000 us/op

// BeforeActualRun
WorkloadActual   1: 1 op, 4000.00 ns, 4.0000 us/op
WorkloadActual   2: 1 op, 2800.00 ns, 2.8000 us/op
WorkloadActual   3: 1 op, 2600.00 ns, 2.6000 us/op
WorkloadActual   4: 1 op, 2500.00 ns, 2.5000 us/op
WorkloadActual   5: 1 op, 4000.00 ns, 4.0000 us/op
WorkloadActual   6: 1 op, 2700.00 ns, 2.7000 us/op
WorkloadActual   7: 1 op, 2500.00 ns, 2.5000 us/op
WorkloadActual   8: 1 op, 3800.00 ns, 3.8000 us/op
WorkloadActual   9: 1 op, 2700.00 ns, 2.7000 us/op
WorkloadActual  10: 1 op, 2500.00 ns, 2.5000 us/op
WorkloadActual  11: 1 op, 2500.00 ns, 2.5000 us/op
WorkloadActual  12: 1 op, 2300.00 ns, 2.3000 us/op
WorkloadActual  13: 1 op, 2500.00 ns, 2.5000 us/op
WorkloadActual  14: 1 op, 2300.00 ns, 2.3000 us/op
WorkloadActual  15: 1 op, 2300.00 ns, 2.3000 us/op
WorkloadActual  16: 1 op, 2400.00 ns, 2.4000 us/op
WorkloadActual  17: 1 op, 2400.00 ns, 2.4000 us/op
WorkloadActual  18: 1 op, 2300.00 ns, 2.3000 us/op
WorkloadActual  19: 1 op, 2300.00 ns, 2.3000 us/op
WorkloadActual  20: 1 op, 2400.00 ns, 2.4000 us/op
WorkloadActual  21: 1 op, 2500.00 ns, 2.5000 us/op
WorkloadActual  22: 1 op, 2600.00 ns, 2.6000 us/op
WorkloadActual  23: 1 op, 2400.00 ns, 2.4000 us/op
WorkloadActual  24: 1 op, 2400.00 ns, 2.4000 us/op
WorkloadActual  25: 1 op, 2500.00 ns, 2.5000 us/op
WorkloadActual  26: 1 op, 2400.00 ns, 2.4000 us/op
WorkloadActual  27: 1 op, 2200.00 ns, 2.2000 us/op
WorkloadActual  28: 1 op, 2600.00 ns, 2.6000 us/op
WorkloadActual  29: 1 op, 2400.00 ns, 2.4000 us/op
WorkloadActual  30: 1 op, 2600.00 ns, 2.6000 us/op
WorkloadActual  31: 1 op, 2600.00 ns, 2.6000 us/op
WorkloadActual  32: 1 op, 5400.00 ns, 5.4000 us/op
WorkloadActual  33: 1 op, 4100.00 ns, 4.1000 us/op
WorkloadActual  34: 1 op, 3700.00 ns, 3.7000 us/op
WorkloadActual  35: 1 op, 2900.00 ns, 2.9000 us/op
WorkloadActual  36: 1 op, 2600.00 ns, 2.6000 us/op
WorkloadActual  37: 1 op, 2500.00 ns, 2.5000 us/op
WorkloadActual  38: 1 op, 2400.00 ns, 2.4000 us/op
WorkloadActual  39: 1 op, 2400.00 ns, 2.4000 us/op
WorkloadActual  40: 1 op, 2400.00 ns, 2.4000 us/op
WorkloadActual  41: 1 op, 2300.00 ns, 2.3000 us/op
WorkloadActual  42: 1 op, 2200.00 ns, 2.2000 us/op
WorkloadActual  43: 1 op, 3200.00 ns, 3.2000 us/op
WorkloadActual  44: 1 op, 2600.00 ns, 2.6000 us/op
WorkloadActual  45: 1 op, 2300.00 ns, 2.3000 us/op
WorkloadActual  46: 1 op, 2400.00 ns, 2.4000 us/op
WorkloadActual  47: 1 op, 2200.00 ns, 2.2000 us/op
WorkloadActual  48: 1 op, 2400.00 ns, 2.4000 us/op
WorkloadActual  49: 1 op, 2400.00 ns, 2.4000 us/op
WorkloadActual  50: 1 op, 2500.00 ns, 2.5000 us/op
WorkloadActual  51: 1 op, 2500.00 ns, 2.5000 us/op
WorkloadActual  52: 1 op, 2200.00 ns, 2.2000 us/op
WorkloadActual  53: 1 op, 2100.00 ns, 2.1000 us/op
WorkloadActual  54: 1 op, 2300.00 ns, 2.3000 us/op
WorkloadActual  55: 1 op, 2400.00 ns, 2.4000 us/op
WorkloadActual  56: 1 op, 2200.00 ns, 2.2000 us/op
WorkloadActual  57: 1 op, 2700.00 ns, 2.7000 us/op
WorkloadActual  58: 1 op, 2800.00 ns, 2.8000 us/op
WorkloadActual  59: 1 op, 2600.00 ns, 2.6000 us/op
WorkloadActual  60: 1 op, 2200.00 ns, 2.2000 us/op
WorkloadActual  61: 1 op, 2500.00 ns, 2.5000 us/op
WorkloadActual  62: 1 op, 2300.00 ns, 2.3000 us/op
WorkloadActual  63: 1 op, 2400.00 ns, 2.4000 us/op
WorkloadActual  64: 1 op, 2600.00 ns, 2.6000 us/op
WorkloadActual  65: 1 op, 2500.00 ns, 2.5000 us/op
WorkloadActual  66: 1 op, 2200.00 ns, 2.2000 us/op
WorkloadActual  67: 1 op, 2500.00 ns, 2.5000 us/op
WorkloadActual  68: 1 op, 2300.00 ns, 2.3000 us/op
WorkloadActual  69: 1 op, 2500.00 ns, 2.5000 us/op
WorkloadActual  70: 1 op, 2400.00 ns, 2.4000 us/op
WorkloadActual  71: 1 op, 2600.00 ns, 2.6000 us/op
WorkloadActual  72: 1 op, 2800.00 ns, 2.8000 us/op
WorkloadActual  73: 1 op, 5100.00 ns, 5.1000 us/op
WorkloadActual  74: 1 op, 3500.00 ns, 3.5000 us/op
WorkloadActual  75: 1 op, 3000.00 ns, 3.0000 us/op
WorkloadActual  76: 1 op, 2900.00 ns, 2.9000 us/op
WorkloadActual  77: 1 op, 2800.00 ns, 2.8000 us/op
WorkloadActual  78: 1 op, 2700.00 ns, 2.7000 us/op
WorkloadActual  79: 1 op, 2600.00 ns, 2.6000 us/op
WorkloadActual  80: 1 op, 5300.00 ns, 5.3000 us/op
WorkloadActual  81: 1 op, 4300.00 ns, 4.3000 us/op
WorkloadActual  82: 1 op, 2900.00 ns, 2.9000 us/op
WorkloadActual  83: 1 op, 3000.00 ns, 3.0000 us/op
WorkloadActual  84: 1 op, 2900.00 ns, 2.9000 us/op
WorkloadActual  85: 1 op, 3000.00 ns, 3.0000 us/op
WorkloadActual  86: 1 op, 2700.00 ns, 2.7000 us/op
WorkloadActual  87: 1 op, 2900.00 ns, 2.9000 us/op
WorkloadActual  88: 1 op, 2700.00 ns, 2.7000 us/op
WorkloadActual  89: 1 op, 2800.00 ns, 2.8000 us/op
WorkloadActual  90: 1 op, 2700.00 ns, 2.7000 us/op
WorkloadActual  91: 1 op, 2800.00 ns, 2.8000 us/op
WorkloadActual  92: 1 op, 2800.00 ns, 2.8000 us/op
WorkloadActual  93: 1 op, 2700.00 ns, 2.7000 us/op
WorkloadActual  94: 1 op, 4800.00 ns, 4.8000 us/op
WorkloadActual  95: 1 op, 3100.00 ns, 3.1000 us/op
WorkloadActual  96: 1 op, 2800.00 ns, 2.8000 us/op
WorkloadActual  97: 1 op, 2900.00 ns, 2.9000 us/op
WorkloadActual  98: 1 op, 2800.00 ns, 2.8000 us/op
WorkloadActual  99: 1 op, 2800.00 ns, 2.8000 us/op
WorkloadActual  100: 1 op, 2700.00 ns, 2.7000 us/op

// AfterActualRun
WorkloadResult   1: 1 op, 2700.00 ns, 2.7000 us/op
WorkloadResult   2: 1 op, 2500.00 ns, 2.5000 us/op
WorkloadResult   3: 1 op, 2400.00 ns, 2.4000 us/op
WorkloadResult   4: 1 op, 2600.00 ns, 2.6000 us/op
WorkloadResult   5: 1 op, 2400.00 ns, 2.4000 us/op
WorkloadResult   6: 1 op, 2600.00 ns, 2.6000 us/op
WorkloadResult   7: 1 op, 2400.00 ns, 2.4000 us/op
WorkloadResult   8: 1 op, 2400.00 ns, 2.4000 us/op
WorkloadResult   9: 1 op, 2200.00 ns, 2.2000 us/op
WorkloadResult  10: 1 op, 2400.00 ns, 2.4000 us/op
WorkloadResult  11: 1 op, 2200.00 ns, 2.2000 us/op
WorkloadResult  12: 1 op, 2200.00 ns, 2.2000 us/op
WorkloadResult  13: 1 op, 2300.00 ns, 2.3000 us/op
WorkloadResult  14: 1 op, 2300.00 ns, 2.3000 us/op
WorkloadResult  15: 1 op, 2200.00 ns, 2.2000 us/op
WorkloadResult  16: 1 op, 2200.00 ns, 2.2000 us/op
WorkloadResult  17: 1 op, 2300.00 ns, 2.3000 us/op
WorkloadResult  18: 1 op, 2400.00 ns, 2.4000 us/op
WorkloadResult  19: 1 op, 2500.00 ns, 2.5000 us/op
WorkloadResult  20: 1 op, 2300.00 ns, 2.3000 us/op
WorkloadResult  21: 1 op, 2300.00 ns, 2.3000 us/op
WorkloadResult  22: 1 op, 2400.00 ns, 2.4000 us/op
WorkloadResult  23: 1 op, 2300.00 ns, 2.3000 us/op
WorkloadResult  24: 1 op, 2100.00 ns, 2.1000 us/op
WorkloadResult  25: 1 op, 2500.00 ns, 2.5000 us/op
WorkloadResult  26: 1 op, 2300.00 ns, 2.3000 us/op
WorkloadResult  27: 1 op, 2500.00 ns, 2.5000 us/op
WorkloadResult  28: 1 op, 2500.00 ns, 2.5000 us/op
WorkloadResult  29: 1 op, 2800.00 ns, 2.8000 us/op
WorkloadResult  30: 1 op, 2500.00 ns, 2.5000 us/op
WorkloadResult  31: 1 op, 2400.00 ns, 2.4000 us/op
WorkloadResult  32: 1 op, 2300.00 ns, 2.3000 us/op
WorkloadResult  33: 1 op, 2300.00 ns, 2.3000 us/op
WorkloadResult  34: 1 op, 2300.00 ns, 2.3000 us/op
WorkloadResult  35: 1 op, 2200.00 ns, 2.2000 us/op
WorkloadResult  36: 1 op, 2100.00 ns, 2.1000 us/op
WorkloadResult  37: 1 op, 3100.00 ns, 3.1000 us/op
WorkloadResult  38: 1 op, 2500.00 ns, 2.5000 us/op
WorkloadResult  39: 1 op, 2200.00 ns, 2.2000 us/op
WorkloadResult  40: 1 op, 2300.00 ns, 2.3000 us/op
WorkloadResult  41: 1 op, 2100.00 ns, 2.1000 us/op
WorkloadResult  42: 1 op, 2300.00 ns, 2.3000 us/op
WorkloadResult  43: 1 op, 2300.00 ns, 2.3000 us/op
WorkloadResult  44: 1 op, 2400.00 ns, 2.4000 us/op
WorkloadResult  45: 1 op, 2400.00 ns, 2.4000 us/op
WorkloadResult  46: 1 op, 2100.00 ns, 2.1000 us/op
WorkloadResult  47: 1 op, 2000.00 ns, 2.0000 us/op
WorkloadResult  48: 1 op, 2200.00 ns, 2.2000 us/op
WorkloadResult  49: 1 op, 2300.00 ns, 2.3000 us/op
WorkloadResult  50: 1 op, 2100.00 ns, 2.1000 us/op
WorkloadResult  51: 1 op, 2600.00 ns, 2.6000 us/op
WorkloadResult  52: 1 op, 2700.00 ns, 2.7000 us/op
WorkloadResult  53: 1 op, 2500.00 ns, 2.5000 us/op
WorkloadResult  54: 1 op, 2100.00 ns, 2.1000 us/op
WorkloadResult  55: 1 op, 2400.00 ns, 2.4000 us/op
WorkloadResult  56: 1 op, 2200.00 ns, 2.2000 us/op
WorkloadResult  57: 1 op, 2300.00 ns, 2.3000 us/op
WorkloadResult  58: 1 op, 2500.00 ns, 2.5000 us/op
WorkloadResult  59: 1 op, 2400.00 ns, 2.4000 us/op
WorkloadResult  60: 1 op, 2100.00 ns, 2.1000 us/op
WorkloadResult  61: 1 op, 2400.00 ns, 2.4000 us/op
WorkloadResult  62: 1 op, 2200.00 ns, 2.2000 us/op
WorkloadResult  63: 1 op, 2400.00 ns, 2.4000 us/op
WorkloadResult  64: 1 op, 2300.00 ns, 2.3000 us/op
WorkloadResult  65: 1 op, 2500.00 ns, 2.5000 us/op
WorkloadResult  66: 1 op, 2700.00 ns, 2.7000 us/op
WorkloadResult  67: 1 op, 2900.00 ns, 2.9000 us/op
WorkloadResult  68: 1 op, 2800.00 ns, 2.8000 us/op
WorkloadResult  69: 1 op, 2700.00 ns, 2.7000 us/op
WorkloadResult  70: 1 op, 2600.00 ns, 2.6000 us/op
WorkloadResult  71: 1 op, 2500.00 ns, 2.5000 us/op
WorkloadResult  72: 1 op, 2800.00 ns, 2.8000 us/op
WorkloadResult  73: 1 op, 2900.00 ns, 2.9000 us/op
WorkloadResult  74: 1 op, 2800.00 ns, 2.8000 us/op
WorkloadResult  75: 1 op, 2900.00 ns, 2.9000 us/op
WorkloadResult  76: 1 op, 2600.00 ns, 2.6000 us/op
WorkloadResult  77: 1 op, 2800.00 ns, 2.8000 us/op
WorkloadResult  78: 1 op, 2600.00 ns, 2.6000 us/op
WorkloadResult  79: 1 op, 2700.00 ns, 2.7000 us/op
WorkloadResult  80: 1 op, 2600.00 ns, 2.6000 us/op
WorkloadResult  81: 1 op, 2700.00 ns, 2.7000 us/op
WorkloadResult  82: 1 op, 2700.00 ns, 2.7000 us/op
WorkloadResult  83: 1 op, 2600.00 ns, 2.6000 us/op
WorkloadResult  84: 1 op, 3000.00 ns, 3.0000 us/op
WorkloadResult  85: 1 op, 2700.00 ns, 2.7000 us/op
WorkloadResult  86: 1 op, 2800.00 ns, 2.8000 us/op
WorkloadResult  87: 1 op, 2700.00 ns, 2.7000 us/op
WorkloadResult  88: 1 op, 2700.00 ns, 2.7000 us/op
WorkloadResult  89: 1 op, 2600.00 ns, 2.6000 us/op
// GC:  0 0 0 1392 1
// Threading:  0 0 1

// AfterAll
// Benchmark Process 33192 has exited with code 0.

Mean = 2.456 μs, StdErr = 0.025 μs (1.03%), N = 89, StdDev = 0.238 μs
Min = 2.000 μs, Q1 = 2.300 μs, Median = 2.400 μs, Q3 = 2.600 μs, Max = 3.100 μs
IQR = 0.300 μs, LowerFence = 1.850 μs, UpperFence = 3.050 μs
ConfidenceInterval = [2.370 μs; 2.542 μs] (CI 99.9%), Margin = 0.086 μs (3.50% of Mean)
Skewness = 0.38, Kurtosis = 2.46, MValue = 5.8

// ** Remained 11 (73,3%) benchmark(s) to run. Estimated finish 2026-09-11 16:11 (0h 0m from now) **
Setup power plan (GUID: 8c5e7fda-e8bf-4a96-9a85-a6e23a8c635c FriendlyName: High performance)
// **************************
// Benchmark: HierarchyBenchmarks.Descendants: Job-DRRRRQ(InvocationCount=1, UnrollFactor=1) [NodeCount=100]
// *** Execute ***
// Launch: 1 / 1
// Execute: dotnet f708123d-25c8-4862-a51c-d2fd081c87d7.dll --anonymousPipes 2184 2248 --benchmarkName "HierarchyBenchmarks.Descendants(NodeCount: 100)" --job "InvocationCount=1, UnrollFactor=1" --benchmarkId 4 in D:\HierarchyKit\benchmarks\HierarchyKit.Benchmarks\bin\Release\net10.0\f708123d-25c8-4862-a51c-d2fd081c87d7\bin\Release\net10.0
// BeforeAnythingElse

// Benchmark Process Environment Information:
// BenchmarkDotNet v0.14.0
// Runtime=.NET 10.0.12 (10.0.1226.42308), X64 RyuJIT AVX2
// GC=Non-concurrent Workstation
// HardwareIntrinsics=AVX2,AES,BMI1,BMI2,FMA,LZCNT,PCLMUL,POPCNT,AvxVnni,SERIALIZE VectorSize=256
// Job: Job-DHKHFM(InvocationCount=1, UnrollFactor=1)

OverheadJitting  1: 1 op, 179000.00 ns, 179.0000 us/op
WorkloadJitting  1: 1 op, 2411400.00 ns, 2.4114 ms/op

OverheadWarmup   1: 1 op, 300.00 ns, 300.0000 ns/op
OverheadWarmup   2: 1 op, 200.00 ns, 200.0000 ns/op
OverheadWarmup   3: 1 op, 200.00 ns, 200.0000 ns/op
OverheadWarmup   4: 1 op, 100.00 ns, 100.0000 ns/op
OverheadWarmup   5: 1 op, 100.00 ns, 100.0000 ns/op
OverheadWarmup   6: 1 op, 100.00 ns, 100.0000 ns/op

OverheadActual   1: 1 op, 200.00 ns, 200.0000 ns/op
OverheadActual   2: 1 op, 100.00 ns, 100.0000 ns/op
OverheadActual   3: 1 op, 100.00 ns, 100.0000 ns/op
OverheadActual   4: 1 op, 100.00 ns, 100.0000 ns/op
OverheadActual   5: 1 op, 200.00 ns, 200.0000 ns/op
OverheadActual   6: 1 op, 0.00 ns, 0.0000 ns/op
OverheadActual   7: 1 op, 100.00 ns, 100.0000 ns/op
OverheadActual   8: 1 op, 100.00 ns, 100.0000 ns/op
OverheadActual   9: 1 op, 100.00 ns, 100.0000 ns/op
OverheadActual  10: 1 op, 200.00 ns, 200.0000 ns/op
OverheadActual  11: 1 op, 100.00 ns, 100.0000 ns/op
OverheadActual  12: 1 op, 100.00 ns, 100.0000 ns/op
OverheadActual  13: 1 op, 200.00 ns, 200.0000 ns/op
OverheadActual  14: 1 op, 200.00 ns, 200.0000 ns/op
OverheadActual  15: 1 op, 0.00 ns, 0.0000 ns/op
OverheadActual  16: 1 op, 0.00 ns, 0.0000 ns/op
OverheadActual  17: 1 op, 0.00 ns, 0.0000 ns/op
OverheadActual  18: 1 op, 200.00 ns, 200.0000 ns/op
OverheadActual  19: 1 op, 100.00 ns, 100.0000 ns/op
OverheadActual  20: 1 op, 100.00 ns, 100.0000 ns/op

WorkloadWarmup   1: 1 op, 25800.00 ns, 25.8000 us/op
WorkloadWarmup   2: 1 op, 12000.00 ns, 12.0000 us/op
WorkloadWarmup   3: 1 op, 11500.00 ns, 11.5000 us/op
WorkloadWarmup   4: 1 op, 11300.00 ns, 11.3000 us/op
WorkloadWarmup   5: 1 op, 14800.00 ns, 14.8000 us/op
WorkloadWarmup   6: 1 op, 16400.00 ns, 16.4000 us/op
WorkloadWarmup   7: 1 op, 11400.00 ns, 11.4000 us/op
WorkloadWarmup   8: 1 op, 11000.00 ns, 11.0000 us/op
WorkloadWarmup   9: 1 op, 15500.00 ns, 15.5000 us/op
WorkloadWarmup  10: 1 op, 14000.00 ns, 14.0000 us/op

// BeforeActualRun
WorkloadActual   1: 1 op, 19500.00 ns, 19.5000 us/op
WorkloadActual   2: 1 op, 17600.00 ns, 17.6000 us/op
WorkloadActual   3: 1 op, 14200.00 ns, 14.2000 us/op
WorkloadActual   4: 1 op, 11400.00 ns, 11.4000 us/op
WorkloadActual   5: 1 op, 11000.00 ns, 11.0000 us/op
WorkloadActual   6: 1 op, 14700.00 ns, 14.7000 us/op
WorkloadActual   7: 1 op, 14700.00 ns, 14.7000 us/op
WorkloadActual   8: 1 op, 11600.00 ns, 11.6000 us/op
WorkloadActual   9: 1 op, 11700.00 ns, 11.7000 us/op
WorkloadActual  10: 1 op, 11000.00 ns, 11.0000 us/op
WorkloadActual  11: 1 op, 12500.00 ns, 12.5000 us/op
WorkloadActual  12: 1 op, 11200.00 ns, 11.2000 us/op
WorkloadActual  13: 1 op, 11200.00 ns, 11.2000 us/op
WorkloadActual  14: 1 op, 10900.00 ns, 10.9000 us/op
WorkloadActual  15: 1 op, 11100.00 ns, 11.1000 us/op
WorkloadActual  16: 1 op, 11200.00 ns, 11.2000 us/op
WorkloadActual  17: 1 op, 17400.00 ns, 17.4000 us/op
WorkloadActual  18: 1 op, 12400.00 ns, 12.4000 us/op
WorkloadActual  19: 1 op, 13500.00 ns, 13.5000 us/op
WorkloadActual  20: 1 op, 11800.00 ns, 11.8000 us/op
WorkloadActual  21: 1 op, 15200.00 ns, 15.2000 us/op
WorkloadActual  22: 1 op, 11800.00 ns, 11.8000 us/op
WorkloadActual  23: 1 op, 15100.00 ns, 15.1000 us/op
WorkloadActual  24: 1 op, 17400.00 ns, 17.4000 us/op
WorkloadActual  25: 1 op, 16900.00 ns, 16.9000 us/op
WorkloadActual  26: 1 op, 11700.00 ns, 11.7000 us/op
WorkloadActual  27: 1 op, 11400.00 ns, 11.4000 us/op
WorkloadActual  28: 1 op, 11200.00 ns, 11.2000 us/op
WorkloadActual  29: 1 op, 11200.00 ns, 11.2000 us/op
WorkloadActual  30: 1 op, 18000.00 ns, 18.0000 us/op
WorkloadActual  31: 1 op, 16300.00 ns, 16.3000 us/op
WorkloadActual  32: 1 op, 11500.00 ns, 11.5000 us/op
WorkloadActual  33: 1 op, 11300.00 ns, 11.3000 us/op
WorkloadActual  34: 1 op, 14400.00 ns, 14.4000 us/op
WorkloadActual  35: 1 op, 11200.00 ns, 11.2000 us/op
WorkloadActual  36: 1 op, 12500.00 ns, 12.5000 us/op
WorkloadActual  37: 1 op, 15800.00 ns, 15.8000 us/op
WorkloadActual  38: 1 op, 12400.00 ns, 12.4000 us/op
WorkloadActual  39: 1 op, 11300.00 ns, 11.3000 us/op
WorkloadActual  40: 1 op, 11500.00 ns, 11.5000 us/op
WorkloadActual  41: 1 op, 15500.00 ns, 15.5000 us/op
WorkloadActual  42: 1 op, 17000.00 ns, 17.0000 us/op
WorkloadActual  43: 1 op, 12300.00 ns, 12.3000 us/op
WorkloadActual  44: 1 op, 18500.00 ns, 18.5000 us/op
WorkloadActual  45: 1 op, 17800.00 ns, 17.8000 us/op
WorkloadActual  46: 1 op, 12400.00 ns, 12.4000 us/op
WorkloadActual  47: 1 op, 17000.00 ns, 17.0000 us/op
WorkloadActual  48: 1 op, 12400.00 ns, 12.4000 us/op
WorkloadActual  49: 1 op, 12700.00 ns, 12.7000 us/op
WorkloadActual  50: 1 op, 11500.00 ns, 11.5000 us/op
WorkloadActual  51: 1 op, 11100.00 ns, 11.1000 us/op
WorkloadActual  52: 1 op, 17500.00 ns, 17.5000 us/op
WorkloadActual  53: 1 op, 14900.00 ns, 14.9000 us/op
WorkloadActual  54: 1 op, 15200.00 ns, 15.2000 us/op
WorkloadActual  55: 1 op, 12300.00 ns, 12.3000 us/op
WorkloadActual  56: 1 op, 12000.00 ns, 12.0000 us/op
WorkloadActual  57: 1 op, 11400.00 ns, 11.4000 us/op
WorkloadActual  58: 1 op, 11000.00 ns, 11.0000 us/op
WorkloadActual  59: 1 op, 12700.00 ns, 12.7000 us/op
WorkloadActual  60: 1 op, 11500.00 ns, 11.5000 us/op
WorkloadActual  61: 1 op, 11100.00 ns, 11.1000 us/op
WorkloadActual  62: 1 op, 16300.00 ns, 16.3000 us/op
WorkloadActual  63: 1 op, 12200.00 ns, 12.2000 us/op
WorkloadActual  64: 1 op, 11100.00 ns, 11.1000 us/op
WorkloadActual  65: 1 op, 17100.00 ns, 17.1000 us/op
WorkloadActual  66: 1 op, 18700.00 ns, 18.7000 us/op
WorkloadActual  67: 1 op, 14400.00 ns, 14.4000 us/op
WorkloadActual  68: 1 op, 17600.00 ns, 17.6000 us/op
WorkloadActual  69: 1 op, 14400.00 ns, 14.4000 us/op
WorkloadActual  70: 1 op, 11500.00 ns, 11.5000 us/op
WorkloadActual  71: 1 op, 17900.00 ns, 17.9000 us/op
WorkloadActual  72: 1 op, 14300.00 ns, 14.3000 us/op
WorkloadActual  73: 1 op, 14800.00 ns, 14.8000 us/op
WorkloadActual  74: 1 op, 14400.00 ns, 14.4000 us/op
WorkloadActual  75: 1 op, 14100.00 ns, 14.1000 us/op
WorkloadActual  76: 1 op, 14500.00 ns, 14.5000 us/op
WorkloadActual  77: 1 op, 14100.00 ns, 14.1000 us/op
WorkloadActual  78: 1 op, 14400.00 ns, 14.4000 us/op
WorkloadActual  79: 1 op, 20400.00 ns, 20.4000 us/op
WorkloadActual  80: 1 op, 16600.00 ns, 16.6000 us/op
WorkloadActual  81: 1 op, 14700.00 ns, 14.7000 us/op
WorkloadActual  82: 1 op, 14500.00 ns, 14.5000 us/op
WorkloadActual  83: 1 op, 17400.00 ns, 17.4000 us/op
WorkloadActual  84: 1 op, 14800.00 ns, 14.8000 us/op
WorkloadActual  85: 1 op, 13900.00 ns, 13.9000 us/op
WorkloadActual  86: 1 op, 21200.00 ns, 21.2000 us/op
WorkloadActual  87: 1 op, 17600.00 ns, 17.6000 us/op
WorkloadActual  88: 1 op, 16400.00 ns, 16.4000 us/op
WorkloadActual  89: 1 op, 21300.00 ns, 21.3000 us/op
WorkloadActual  90: 1 op, 15400.00 ns, 15.4000 us/op
WorkloadActual  91: 1 op, 15300.00 ns, 15.3000 us/op
WorkloadActual  92: 1 op, 20400.00 ns, 20.4000 us/op
WorkloadActual  93: 1 op, 18500.00 ns, 18.5000 us/op
WorkloadActual  94: 1 op, 14900.00 ns, 14.9000 us/op
WorkloadActual  95: 1 op, 18600.00 ns, 18.6000 us/op
WorkloadActual  96: 1 op, 16400.00 ns, 16.4000 us/op
WorkloadActual  97: 1 op, 17500.00 ns, 17.5000 us/op
WorkloadActual  98: 1 op, 15200.00 ns, 15.2000 us/op
WorkloadActual  99: 1 op, 14600.00 ns, 14.6000 us/op
WorkloadActual  100: 1 op, 20300.00 ns, 20.3000 us/op

// AfterActualRun
WorkloadResult   1: 1 op, 19400.00 ns, 19.4000 us/op
WorkloadResult   2: 1 op, 17500.00 ns, 17.5000 us/op
WorkloadResult   3: 1 op, 14100.00 ns, 14.1000 us/op
WorkloadResult   4: 1 op, 11300.00 ns, 11.3000 us/op
WorkloadResult   5: 1 op, 10900.00 ns, 10.9000 us/op
WorkloadResult   6: 1 op, 14600.00 ns, 14.6000 us/op
WorkloadResult   7: 1 op, 14600.00 ns, 14.6000 us/op
WorkloadResult   8: 1 op, 11500.00 ns, 11.5000 us/op
WorkloadResult   9: 1 op, 11600.00 ns, 11.6000 us/op
WorkloadResult  10: 1 op, 10900.00 ns, 10.9000 us/op
WorkloadResult  11: 1 op, 12400.00 ns, 12.4000 us/op
WorkloadResult  12: 1 op, 11100.00 ns, 11.1000 us/op
WorkloadResult  13: 1 op, 11100.00 ns, 11.1000 us/op
WorkloadResult  14: 1 op, 10800.00 ns, 10.8000 us/op
WorkloadResult  15: 1 op, 11000.00 ns, 11.0000 us/op
WorkloadResult  16: 1 op, 11100.00 ns, 11.1000 us/op
WorkloadResult  17: 1 op, 17300.00 ns, 17.3000 us/op
WorkloadResult  18: 1 op, 12300.00 ns, 12.3000 us/op
WorkloadResult  19: 1 op, 13400.00 ns, 13.4000 us/op
WorkloadResult  20: 1 op, 11700.00 ns, 11.7000 us/op
WorkloadResult  21: 1 op, 15100.00 ns, 15.1000 us/op
WorkloadResult  22: 1 op, 11700.00 ns, 11.7000 us/op
WorkloadResult  23: 1 op, 15000.00 ns, 15.0000 us/op
WorkloadResult  24: 1 op, 17300.00 ns, 17.3000 us/op
WorkloadResult  25: 1 op, 16800.00 ns, 16.8000 us/op
WorkloadResult  26: 1 op, 11600.00 ns, 11.6000 us/op
WorkloadResult  27: 1 op, 11300.00 ns, 11.3000 us/op
WorkloadResult  28: 1 op, 11100.00 ns, 11.1000 us/op
WorkloadResult  29: 1 op, 11100.00 ns, 11.1000 us/op
WorkloadResult  30: 1 op, 17900.00 ns, 17.9000 us/op
WorkloadResult  31: 1 op, 16200.00 ns, 16.2000 us/op
WorkloadResult  32: 1 op, 11400.00 ns, 11.4000 us/op
WorkloadResult  33: 1 op, 11200.00 ns, 11.2000 us/op
WorkloadResult  34: 1 op, 14300.00 ns, 14.3000 us/op
WorkloadResult  35: 1 op, 11100.00 ns, 11.1000 us/op
WorkloadResult  36: 1 op, 12400.00 ns, 12.4000 us/op
WorkloadResult  37: 1 op, 15700.00 ns, 15.7000 us/op
WorkloadResult  38: 1 op, 12300.00 ns, 12.3000 us/op
WorkloadResult  39: 1 op, 11200.00 ns, 11.2000 us/op
WorkloadResult  40: 1 op, 11400.00 ns, 11.4000 us/op
WorkloadResult  41: 1 op, 15400.00 ns, 15.4000 us/op
WorkloadResult  42: 1 op, 16900.00 ns, 16.9000 us/op
WorkloadResult  43: 1 op, 12200.00 ns, 12.2000 us/op
WorkloadResult  44: 1 op, 18400.00 ns, 18.4000 us/op
WorkloadResult  45: 1 op, 17700.00 ns, 17.7000 us/op
WorkloadResult  46: 1 op, 12300.00 ns, 12.3000 us/op
WorkloadResult  47: 1 op, 16900.00 ns, 16.9000 us/op
WorkloadResult  48: 1 op, 12300.00 ns, 12.3000 us/op
WorkloadResult  49: 1 op, 12600.00 ns, 12.6000 us/op
WorkloadResult  50: 1 op, 11400.00 ns, 11.4000 us/op
WorkloadResult  51: 1 op, 11000.00 ns, 11.0000 us/op
WorkloadResult  52: 1 op, 17400.00 ns, 17.4000 us/op
WorkloadResult  53: 1 op, 14800.00 ns, 14.8000 us/op
WorkloadResult  54: 1 op, 15100.00 ns, 15.1000 us/op
WorkloadResult  55: 1 op, 12200.00 ns, 12.2000 us/op
WorkloadResult  56: 1 op, 11900.00 ns, 11.9000 us/op
WorkloadResult  57: 1 op, 11300.00 ns, 11.3000 us/op
WorkloadResult  58: 1 op, 10900.00 ns, 10.9000 us/op
WorkloadResult  59: 1 op, 12600.00 ns, 12.6000 us/op
WorkloadResult  60: 1 op, 11400.00 ns, 11.4000 us/op
WorkloadResult  61: 1 op, 11000.00 ns, 11.0000 us/op
WorkloadResult  62: 1 op, 16200.00 ns, 16.2000 us/op
WorkloadResult  63: 1 op, 12100.00 ns, 12.1000 us/op
WorkloadResult  64: 1 op, 11000.00 ns, 11.0000 us/op
WorkloadResult  65: 1 op, 17000.00 ns, 17.0000 us/op
WorkloadResult  66: 1 op, 18600.00 ns, 18.6000 us/op
WorkloadResult  67: 1 op, 14300.00 ns, 14.3000 us/op
WorkloadResult  68: 1 op, 17500.00 ns, 17.5000 us/op
WorkloadResult  69: 1 op, 14300.00 ns, 14.3000 us/op
WorkloadResult  70: 1 op, 11400.00 ns, 11.4000 us/op
WorkloadResult  71: 1 op, 17800.00 ns, 17.8000 us/op
WorkloadResult  72: 1 op, 14200.00 ns, 14.2000 us/op
WorkloadResult  73: 1 op, 14700.00 ns, 14.7000 us/op
WorkloadResult  74: 1 op, 14300.00 ns, 14.3000 us/op
WorkloadResult  75: 1 op, 14000.00 ns, 14.0000 us/op
WorkloadResult  76: 1 op, 14400.00 ns, 14.4000 us/op
WorkloadResult  77: 1 op, 14000.00 ns, 14.0000 us/op
WorkloadResult  78: 1 op, 14300.00 ns, 14.3000 us/op
WorkloadResult  79: 1 op, 20300.00 ns, 20.3000 us/op
WorkloadResult  80: 1 op, 16500.00 ns, 16.5000 us/op
WorkloadResult  81: 1 op, 14600.00 ns, 14.6000 us/op
WorkloadResult  82: 1 op, 14400.00 ns, 14.4000 us/op
WorkloadResult  83: 1 op, 17300.00 ns, 17.3000 us/op
WorkloadResult  84: 1 op, 14700.00 ns, 14.7000 us/op
WorkloadResult  85: 1 op, 13800.00 ns, 13.8000 us/op
WorkloadResult  86: 1 op, 21100.00 ns, 21.1000 us/op
WorkloadResult  87: 1 op, 17500.00 ns, 17.5000 us/op
WorkloadResult  88: 1 op, 16300.00 ns, 16.3000 us/op
WorkloadResult  89: 1 op, 21200.00 ns, 21.2000 us/op
WorkloadResult  90: 1 op, 15300.00 ns, 15.3000 us/op
WorkloadResult  91: 1 op, 15200.00 ns, 15.2000 us/op
WorkloadResult  92: 1 op, 20300.00 ns, 20.3000 us/op
WorkloadResult  93: 1 op, 18400.00 ns, 18.4000 us/op
WorkloadResult  94: 1 op, 14800.00 ns, 14.8000 us/op
WorkloadResult  95: 1 op, 18500.00 ns, 18.5000 us/op
WorkloadResult  96: 1 op, 16300.00 ns, 16.3000 us/op
WorkloadResult  97: 1 op, 17400.00 ns, 17.4000 us/op
WorkloadResult  98: 1 op, 15100.00 ns, 15.1000 us/op
WorkloadResult  99: 1 op, 14500.00 ns, 14.5000 us/op
WorkloadResult  100: 1 op, 20200.00 ns, 20.2000 us/op
// GC:  0 0 0 3696 1
// Threading:  0 0 1

// AfterAll
// Benchmark Process 30332 has exited with code 0.

Mean = 14.342 μs, StdErr = 0.283 μs (1.97%), N = 100, StdDev = 2.827 μs
Min = 10.800 μs, Q1 = 11.575 μs, Median = 14.300 μs, Q3 = 16.575 μs, Max = 21.200 μs
IQR = 5.000 μs, LowerFence = 4.075 μs, UpperFence = 24.075 μs
ConfidenceInterval = [13.383 μs; 15.301 μs] (CI 99.9%), Margin = 0.959 μs (6.69% of Mean)
Skewness = 0.5, Kurtosis = 2.23, MValue = 4.26

// ** Remained 10 (66,7%) benchmark(s) to run. Estimated finish 2026-09-11 16:11 (0h 0m from now) **
Setup power plan (GUID: 8c5e7fda-e8bf-4a96-9a85-a6e23a8c635c FriendlyName: High performance)
// **************************
// Benchmark: HierarchyBenchmarks.Add: Job-DRRRRQ(InvocationCount=1, UnrollFactor=1) [NodeCount=1000]
// *** Execute ***
// Launch: 1 / 1
// Execute: dotnet f708123d-25c8-4862-a51c-d2fd081c87d7.dll --anonymousPipes 2160 2112 --benchmarkName "HierarchyBenchmarks.Add(NodeCount: 1000)" --job "InvocationCount=1, UnrollFactor=1" --benchmarkId 5 in D:\HierarchyKit\benchmarks\HierarchyKit.Benchmarks\bin\Release\net10.0\f708123d-25c8-4862-a51c-d2fd081c87d7\bin\Release\net10.0
// BeforeAnythingElse

// Benchmark Process Environment Information:
// BenchmarkDotNet v0.14.0
// Runtime=.NET 10.0.12 (10.0.1226.42308), X64 RyuJIT AVX2
// GC=Non-concurrent Workstation
// HardwareIntrinsics=AVX2,AES,BMI1,BMI2,FMA,LZCNT,PCLMUL,POPCNT,AvxVnni,SERIALIZE VectorSize=256
// Job: Job-BIXMIC(InvocationCount=1, UnrollFactor=1)

OverheadJitting  1: 1 op, 182300.00 ns, 182.3000 us/op
WorkloadJitting  1: 1 op, 251800.00 ns, 251.8000 us/op

OverheadWarmup   1: 1 op, 200.00 ns, 200.0000 ns/op
OverheadWarmup   2: 1 op, 100.00 ns, 100.0000 ns/op
OverheadWarmup   3: 1 op, 200.00 ns, 200.0000 ns/op
OverheadWarmup   4: 1 op, 100.00 ns, 100.0000 ns/op
OverheadWarmup   5: 1 op, 100.00 ns, 100.0000 ns/op
OverheadWarmup   6: 1 op, 100.00 ns, 100.0000 ns/op

OverheadActual   1: 1 op, 100.00 ns, 100.0000 ns/op
OverheadActual   2: 1 op, 100.00 ns, 100.0000 ns/op
OverheadActual   3: 1 op, 200.00 ns, 200.0000 ns/op
OverheadActual   4: 1 op, 100.00 ns, 100.0000 ns/op
OverheadActual   5: 1 op, 100.00 ns, 100.0000 ns/op
OverheadActual   6: 1 op, 100.00 ns, 100.0000 ns/op
OverheadActual   7: 1 op, 100.00 ns, 100.0000 ns/op
OverheadActual   8: 1 op, 0.00 ns, 0.0000 ns/op
OverheadActual   9: 1 op, 100.00 ns, 100.0000 ns/op
OverheadActual  10: 1 op, 100.00 ns, 100.0000 ns/op
OverheadActual  11: 1 op, 100.00 ns, 100.0000 ns/op
OverheadActual  12: 1 op, 100.00 ns, 100.0000 ns/op
OverheadActual  13: 1 op, 100.00 ns, 100.0000 ns/op
OverheadActual  14: 1 op, 100.00 ns, 100.0000 ns/op
OverheadActual  15: 1 op, 100.00 ns, 100.0000 ns/op
OverheadActual  16: 1 op, 0.00 ns, 0.0000 ns/op
OverheadActual  17: 1 op, 100.00 ns, 100.0000 ns/op
OverheadActual  18: 1 op, 100.00 ns, 100.0000 ns/op
OverheadActual  19: 1 op, 200.00 ns, 200.0000 ns/op
OverheadActual  20: 1 op, 0.00 ns, 0.0000 ns/op

WorkloadWarmup   1: 1 op, 3500.00 ns, 3.5000 us/op
WorkloadWarmup   2: 1 op, 3200.00 ns, 3.2000 us/op
WorkloadWarmup   3: 1 op, 2700.00 ns, 2.7000 us/op
WorkloadWarmup   4: 1 op, 7500.00 ns, 7.5000 us/op
WorkloadWarmup   5: 1 op, 3100.00 ns, 3.1000 us/op
WorkloadWarmup   6: 1 op, 3400.00 ns, 3.4000 us/op
WorkloadWarmup   7: 1 op, 2900.00 ns, 2.9000 us/op

// BeforeActualRun
WorkloadActual   1: 1 op, 3100.00 ns, 3.1000 us/op
WorkloadActual   2: 1 op, 3100.00 ns, 3.1000 us/op
WorkloadActual   3: 1 op, 3000.00 ns, 3.0000 us/op
WorkloadActual   4: 1 op, 6900.00 ns, 6.9000 us/op
WorkloadActual   5: 1 op, 6300.00 ns, 6.3000 us/op
WorkloadActual   6: 1 op, 3000.00 ns, 3.0000 us/op
WorkloadActual   7: 1 op, 3000.00 ns, 3.0000 us/op
WorkloadActual   8: 1 op, 3100.00 ns, 3.1000 us/op
WorkloadActual   9: 1 op, 2700.00 ns, 2.7000 us/op
WorkloadActual  10: 1 op, 2700.00 ns, 2.7000 us/op
WorkloadActual  11: 1 op, 2900.00 ns, 2.9000 us/op
WorkloadActual  12: 1 op, 2800.00 ns, 2.8000 us/op
WorkloadActual  13: 1 op, 2700.00 ns, 2.7000 us/op
WorkloadActual  14: 1 op, 7600.00 ns, 7.6000 us/op
WorkloadActual  15: 1 op, 3700.00 ns, 3.7000 us/op
WorkloadActual  16: 1 op, 2900.00 ns, 2.9000 us/op
WorkloadActual  17: 1 op, 3100.00 ns, 3.1000 us/op
WorkloadActual  18: 1 op, 3100.00 ns, 3.1000 us/op
WorkloadActual  19: 1 op, 2900.00 ns, 2.9000 us/op
WorkloadActual  20: 1 op, 3100.00 ns, 3.1000 us/op
WorkloadActual  21: 1 op, 2900.00 ns, 2.9000 us/op
WorkloadActual  22: 1 op, 3300.00 ns, 3.3000 us/op
WorkloadActual  23: 1 op, 7400.00 ns, 7.4000 us/op
WorkloadActual  24: 1 op, 2900.00 ns, 2.9000 us/op
WorkloadActual  25: 1 op, 2800.00 ns, 2.8000 us/op
WorkloadActual  26: 1 op, 2900.00 ns, 2.9000 us/op
WorkloadActual  27: 1 op, 3000.00 ns, 3.0000 us/op
WorkloadActual  28: 1 op, 3000.00 ns, 3.0000 us/op
WorkloadActual  29: 1 op, 3200.00 ns, 3.2000 us/op
WorkloadActual  30: 1 op, 2900.00 ns, 2.9000 us/op
WorkloadActual  31: 1 op, 3000.00 ns, 3.0000 us/op
WorkloadActual  32: 1 op, 2800.00 ns, 2.8000 us/op
WorkloadActual  33: 1 op, 6000.00 ns, 6.0000 us/op
WorkloadActual  34: 1 op, 5900.00 ns, 5.9000 us/op
WorkloadActual  35: 1 op, 3400.00 ns, 3.4000 us/op
WorkloadActual  36: 1 op, 3100.00 ns, 3.1000 us/op
WorkloadActual  37: 1 op, 3000.00 ns, 3.0000 us/op
WorkloadActual  38: 1 op, 7800.00 ns, 7.8000 us/op
WorkloadActual  39: 1 op, 3500.00 ns, 3.5000 us/op
WorkloadActual  40: 1 op, 2800.00 ns, 2.8000 us/op
WorkloadActual  41: 1 op, 3300.00 ns, 3.3000 us/op
WorkloadActual  42: 1 op, 3000.00 ns, 3.0000 us/op
WorkloadActual  43: 1 op, 3000.00 ns, 3.0000 us/op
WorkloadActual  44: 1 op, 3100.00 ns, 3.1000 us/op
WorkloadActual  45: 1 op, 3300.00 ns, 3.3000 us/op
WorkloadActual  46: 1 op, 2900.00 ns, 2.9000 us/op
WorkloadActual  47: 1 op, 3000.00 ns, 3.0000 us/op
WorkloadActual  48: 1 op, 3300.00 ns, 3.3000 us/op
WorkloadActual  49: 1 op, 3800.00 ns, 3.8000 us/op
WorkloadActual  50: 1 op, 3700.00 ns, 3.7000 us/op
WorkloadActual  51: 1 op, 3700.00 ns, 3.7000 us/op
WorkloadActual  52: 1 op, 3800.00 ns, 3.8000 us/op
WorkloadActual  53: 1 op, 3900.00 ns, 3.9000 us/op
WorkloadActual  54: 1 op, 4000.00 ns, 4.0000 us/op
WorkloadActual  55: 1 op, 3500.00 ns, 3.5000 us/op
WorkloadActual  56: 1 op, 4000.00 ns, 4.0000 us/op
WorkloadActual  57: 1 op, 9300.00 ns, 9.3000 us/op
WorkloadActual  58: 1 op, 3800.00 ns, 3.8000 us/op
WorkloadActual  59: 1 op, 3800.00 ns, 3.8000 us/op
WorkloadActual  60: 1 op, 3300.00 ns, 3.3000 us/op
WorkloadActual  61: 1 op, 8500.00 ns, 8.5000 us/op
WorkloadActual  62: 1 op, 3300.00 ns, 3.3000 us/op
WorkloadActual  63: 1 op, 3000.00 ns, 3.0000 us/op
WorkloadActual  64: 1 op, 3300.00 ns, 3.3000 us/op
WorkloadActual  65: 1 op, 2900.00 ns, 2.9000 us/op
WorkloadActual  66: 1 op, 2900.00 ns, 2.9000 us/op
WorkloadActual  67: 1 op, 9000.00 ns, 9.0000 us/op
WorkloadActual  68: 1 op, 3400.00 ns, 3.4000 us/op
WorkloadActual  69: 1 op, 3000.00 ns, 3.0000 us/op
WorkloadActual  70: 1 op, 8300.00 ns, 8.3000 us/op
WorkloadActual  71: 1 op, 7400.00 ns, 7.4000 us/op
WorkloadActual  72: 1 op, 3200.00 ns, 3.2000 us/op
WorkloadActual  73: 1 op, 3100.00 ns, 3.1000 us/op
WorkloadActual  74: 1 op, 3200.00 ns, 3.2000 us/op
WorkloadActual  75: 1 op, 3100.00 ns, 3.1000 us/op
WorkloadActual  76: 1 op, 2800.00 ns, 2.8000 us/op
WorkloadActual  77: 1 op, 3700.00 ns, 3.7000 us/op
WorkloadActual  78: 1 op, 5900.00 ns, 5.9000 us/op
WorkloadActual  79: 1 op, 3100.00 ns, 3.1000 us/op
WorkloadActual  80: 1 op, 7300.00 ns, 7.3000 us/op
WorkloadActual  81: 1 op, 3100.00 ns, 3.1000 us/op
WorkloadActual  82: 1 op, 8300.00 ns, 8.3000 us/op
WorkloadActual  83: 1 op, 3300.00 ns, 3.3000 us/op
WorkloadActual  84: 1 op, 3000.00 ns, 3.0000 us/op
WorkloadActual  85: 1 op, 8600.00 ns, 8.6000 us/op
WorkloadActual  86: 1 op, 6800.00 ns, 6.8000 us/op
WorkloadActual  87: 1 op, 3100.00 ns, 3.1000 us/op
WorkloadActual  88: 1 op, 8600.00 ns, 8.6000 us/op
WorkloadActual  89: 1 op, 3200.00 ns, 3.2000 us/op
WorkloadActual  90: 1 op, 3100.00 ns, 3.1000 us/op
WorkloadActual  91: 1 op, 3600.00 ns, 3.6000 us/op
WorkloadActual  92: 1 op, 3500.00 ns, 3.5000 us/op
WorkloadActual  93: 1 op, 3100.00 ns, 3.1000 us/op
WorkloadActual  94: 1 op, 5400.00 ns, 5.4000 us/op
WorkloadActual  95: 1 op, 3100.00 ns, 3.1000 us/op
WorkloadActual  96: 1 op, 3000.00 ns, 3.0000 us/op
WorkloadActual  97: 1 op, 3200.00 ns, 3.2000 us/op
WorkloadActual  98: 1 op, 3300.00 ns, 3.3000 us/op
WorkloadActual  99: 1 op, 3100.00 ns, 3.1000 us/op
WorkloadActual  100: 1 op, 10900.00 ns, 10.9000 us/op

// AfterActualRun
WorkloadResult   1: 1 op, 3000.00 ns, 3.0000 us/op
WorkloadResult   2: 1 op, 3000.00 ns, 3.0000 us/op
WorkloadResult   3: 1 op, 2900.00 ns, 2.9000 us/op
WorkloadResult   4: 1 op, 2900.00 ns, 2.9000 us/op
WorkloadResult   5: 1 op, 2900.00 ns, 2.9000 us/op
WorkloadResult   6: 1 op, 3000.00 ns, 3.0000 us/op
WorkloadResult   7: 1 op, 2600.00 ns, 2.6000 us/op
WorkloadResult   8: 1 op, 2600.00 ns, 2.6000 us/op
WorkloadResult   9: 1 op, 2800.00 ns, 2.8000 us/op
WorkloadResult  10: 1 op, 2700.00 ns, 2.7000 us/op
WorkloadResult  11: 1 op, 2600.00 ns, 2.6000 us/op
WorkloadResult  12: 1 op, 3600.00 ns, 3.6000 us/op
WorkloadResult  13: 1 op, 2800.00 ns, 2.8000 us/op
WorkloadResult  14: 1 op, 3000.00 ns, 3.0000 us/op
WorkloadResult  15: 1 op, 3000.00 ns, 3.0000 us/op
WorkloadResult  16: 1 op, 2800.00 ns, 2.8000 us/op
WorkloadResult  17: 1 op, 3000.00 ns, 3.0000 us/op
WorkloadResult  18: 1 op, 2800.00 ns, 2.8000 us/op
WorkloadResult  19: 1 op, 3200.00 ns, 3.2000 us/op
WorkloadResult  20: 1 op, 2800.00 ns, 2.8000 us/op
WorkloadResult  21: 1 op, 2700.00 ns, 2.7000 us/op
WorkloadResult  22: 1 op, 2800.00 ns, 2.8000 us/op
WorkloadResult  23: 1 op, 2900.00 ns, 2.9000 us/op
WorkloadResult  24: 1 op, 2900.00 ns, 2.9000 us/op
WorkloadResult  25: 1 op, 3100.00 ns, 3.1000 us/op
WorkloadResult  26: 1 op, 2800.00 ns, 2.8000 us/op
WorkloadResult  27: 1 op, 2900.00 ns, 2.9000 us/op
WorkloadResult  28: 1 op, 2700.00 ns, 2.7000 us/op
WorkloadResult  29: 1 op, 3300.00 ns, 3.3000 us/op
WorkloadResult  30: 1 op, 3000.00 ns, 3.0000 us/op
WorkloadResult  31: 1 op, 2900.00 ns, 2.9000 us/op
WorkloadResult  32: 1 op, 3400.00 ns, 3.4000 us/op
WorkloadResult  33: 1 op, 2700.00 ns, 2.7000 us/op
WorkloadResult  34: 1 op, 3200.00 ns, 3.2000 us/op
WorkloadResult  35: 1 op, 2900.00 ns, 2.9000 us/op
WorkloadResult  36: 1 op, 2900.00 ns, 2.9000 us/op
WorkloadResult  37: 1 op, 3000.00 ns, 3.0000 us/op
WorkloadResult  38: 1 op, 3200.00 ns, 3.2000 us/op
WorkloadResult  39: 1 op, 2800.00 ns, 2.8000 us/op
WorkloadResult  40: 1 op, 2900.00 ns, 2.9000 us/op
WorkloadResult  41: 1 op, 3200.00 ns, 3.2000 us/op
WorkloadResult  42: 1 op, 3700.00 ns, 3.7000 us/op
WorkloadResult  43: 1 op, 3600.00 ns, 3.6000 us/op
WorkloadResult  44: 1 op, 3600.00 ns, 3.6000 us/op
WorkloadResult  45: 1 op, 3700.00 ns, 3.7000 us/op
WorkloadResult  46: 1 op, 3800.00 ns, 3.8000 us/op
WorkloadResult  47: 1 op, 3900.00 ns, 3.9000 us/op
WorkloadResult  48: 1 op, 3400.00 ns, 3.4000 us/op
WorkloadResult  49: 1 op, 3900.00 ns, 3.9000 us/op
WorkloadResult  50: 1 op, 3700.00 ns, 3.7000 us/op
WorkloadResult  51: 1 op, 3700.00 ns, 3.7000 us/op
WorkloadResult  52: 1 op, 3200.00 ns, 3.2000 us/op
WorkloadResult  53: 1 op, 3200.00 ns, 3.2000 us/op
WorkloadResult  54: 1 op, 2900.00 ns, 2.9000 us/op
WorkloadResult  55: 1 op, 3200.00 ns, 3.2000 us/op
WorkloadResult  56: 1 op, 2800.00 ns, 2.8000 us/op
WorkloadResult  57: 1 op, 2800.00 ns, 2.8000 us/op
WorkloadResult  58: 1 op, 3300.00 ns, 3.3000 us/op
WorkloadResult  59: 1 op, 2900.00 ns, 2.9000 us/op
WorkloadResult  60: 1 op, 3100.00 ns, 3.1000 us/op
WorkloadResult  61: 1 op, 3000.00 ns, 3.0000 us/op
WorkloadResult  62: 1 op, 3100.00 ns, 3.1000 us/op
WorkloadResult  63: 1 op, 3000.00 ns, 3.0000 us/op
WorkloadResult  64: 1 op, 2700.00 ns, 2.7000 us/op
WorkloadResult  65: 1 op, 3600.00 ns, 3.6000 us/op
WorkloadResult  66: 1 op, 3000.00 ns, 3.0000 us/op
WorkloadResult  67: 1 op, 3000.00 ns, 3.0000 us/op
WorkloadResult  68: 1 op, 3200.00 ns, 3.2000 us/op
WorkloadResult  69: 1 op, 2900.00 ns, 2.9000 us/op
WorkloadResult  70: 1 op, 3000.00 ns, 3.0000 us/op
WorkloadResult  71: 1 op, 3100.00 ns, 3.1000 us/op
WorkloadResult  72: 1 op, 3000.00 ns, 3.0000 us/op
WorkloadResult  73: 1 op, 3500.00 ns, 3.5000 us/op
WorkloadResult  74: 1 op, 3400.00 ns, 3.4000 us/op
WorkloadResult  75: 1 op, 3000.00 ns, 3.0000 us/op
WorkloadResult  76: 1 op, 3000.00 ns, 3.0000 us/op
WorkloadResult  77: 1 op, 2900.00 ns, 2.9000 us/op
WorkloadResult  78: 1 op, 3100.00 ns, 3.1000 us/op
WorkloadResult  79: 1 op, 3200.00 ns, 3.2000 us/op
WorkloadResult  80: 1 op, 3000.00 ns, 3.0000 us/op
// GC:  0 0 0 26728 1
// Threading:  0 0 1

// AfterAll
// Benchmark Process 34680 has exited with code 0.

Mean = 3.079 μs, StdErr = 0.035 μs (1.15%), N = 80, StdDev = 0.317 μs
Min = 2.600 μs, Q1 = 2.900 μs, Median = 3.000 μs, Q3 = 3.200 μs, Max = 3.900 μs
IQR = 0.300 μs, LowerFence = 2.450 μs, UpperFence = 3.650 μs
ConfidenceInterval = [2.957 μs; 3.200 μs] (CI 99.9%), Margin = 0.121 μs (3.94% of Mean)
Skewness = 0.91, Kurtosis = 3.06, MValue = 2

// ** Remained 9 (60,0%) benchmark(s) to run. Estimated finish 2026-09-11 16:11 (0h 0m from now) **
Setup power plan (GUID: 8c5e7fda-e8bf-4a96-9a85-a6e23a8c635c FriendlyName: High performance)
// **************************
// Benchmark: HierarchyBenchmarks.Move: Job-DRRRRQ(InvocationCount=1, UnrollFactor=1) [NodeCount=1000]
// *** Execute ***
// Launch: 1 / 1
// Execute: dotnet f708123d-25c8-4862-a51c-d2fd081c87d7.dll --anonymousPipes 1676 2164 --benchmarkName "HierarchyBenchmarks.Move(NodeCount: 1000)" --job "InvocationCount=1, UnrollFactor=1" --benchmarkId 6 in D:\HierarchyKit\benchmarks\HierarchyKit.Benchmarks\bin\Release\net10.0\f708123d-25c8-4862-a51c-d2fd081c87d7\bin\Release\net10.0
// BeforeAnythingElse

// Benchmark Process Environment Information:
// BenchmarkDotNet v0.14.0
// Runtime=.NET 10.0.12 (10.0.1226.42308), X64 RyuJIT AVX2
// GC=Non-concurrent Workstation
// HardwareIntrinsics=AVX2,AES,BMI1,BMI2,FMA,LZCNT,PCLMUL,POPCNT,AvxVnni,SERIALIZE VectorSize=256
// Job: Job-UNWVFU(InvocationCount=1, UnrollFactor=1)

OverheadJitting  1: 1 op, 194400.00 ns, 194.4000 us/op
WorkloadJitting  1: 1 op, 690200.00 ns, 690.2000 us/op

OverheadWarmup   1: 1 op, 200.00 ns, 200.0000 ns/op
OverheadWarmup   2: 1 op, 100.00 ns, 100.0000 ns/op
OverheadWarmup   3: 1 op, 200.00 ns, 200.0000 ns/op
OverheadWarmup   4: 1 op, 100.00 ns, 100.0000 ns/op
OverheadWarmup   5: 1 op, 100.00 ns, 100.0000 ns/op
OverheadWarmup   6: 1 op, 100.00 ns, 100.0000 ns/op

OverheadActual   1: 1 op, 100.00 ns, 100.0000 ns/op
OverheadActual   2: 1 op, 200.00 ns, 200.0000 ns/op
OverheadActual   3: 1 op, 200.00 ns, 200.0000 ns/op
OverheadActual   4: 1 op, 100.00 ns, 100.0000 ns/op
OverheadActual   5: 1 op, 200.00 ns, 200.0000 ns/op
OverheadActual   6: 1 op, 100.00 ns, 100.0000 ns/op
OverheadActual   7: 1 op, 100.00 ns, 100.0000 ns/op
OverheadActual   8: 1 op, 100.00 ns, 100.0000 ns/op
OverheadActual   9: 1 op, 0.00 ns, 0.0000 ns/op
OverheadActual  10: 1 op, 100.00 ns, 100.0000 ns/op
OverheadActual  11: 1 op, 200.00 ns, 200.0000 ns/op
OverheadActual  12: 1 op, 200.00 ns, 200.0000 ns/op
OverheadActual  13: 1 op, 200.00 ns, 200.0000 ns/op
OverheadActual  14: 1 op, 200.00 ns, 200.0000 ns/op
OverheadActual  15: 1 op, 100.00 ns, 100.0000 ns/op
OverheadActual  16: 1 op, 100.00 ns, 100.0000 ns/op
OverheadActual  17: 1 op, 200.00 ns, 200.0000 ns/op
OverheadActual  18: 1 op, 100.00 ns, 100.0000 ns/op
OverheadActual  19: 1 op, 200.00 ns, 200.0000 ns/op
OverheadActual  20: 1 op, 100.00 ns, 100.0000 ns/op

WorkloadWarmup   1: 1 op, 24300.00 ns, 24.3000 us/op
WorkloadWarmup   2: 1 op, 13800.00 ns, 13.8000 us/op
WorkloadWarmup   3: 1 op, 12700.00 ns, 12.7000 us/op
WorkloadWarmup   4: 1 op, 18900.00 ns, 18.9000 us/op
WorkloadWarmup   5: 1 op, 13200.00 ns, 13.2000 us/op
WorkloadWarmup   6: 1 op, 12400.00 ns, 12.4000 us/op
WorkloadWarmup   7: 1 op, 16600.00 ns, 16.6000 us/op
WorkloadWarmup   8: 1 op, 16700.00 ns, 16.7000 us/op
WorkloadWarmup   9: 1 op, 16800.00 ns, 16.8000 us/op
WorkloadWarmup  10: 1 op, 21200.00 ns, 21.2000 us/op
WorkloadWarmup  11: 1 op, 18000.00 ns, 18.0000 us/op

// BeforeActualRun
WorkloadActual   1: 1 op, 18400.00 ns, 18.4000 us/op
WorkloadActual   2: 1 op, 22000.00 ns, 22.0000 us/op
WorkloadActual   3: 1 op, 16800.00 ns, 16.8000 us/op
WorkloadActual   4: 1 op, 20500.00 ns, 20.5000 us/op
WorkloadActual   5: 1 op, 16600.00 ns, 16.6000 us/op
WorkloadActual   6: 1 op, 15200.00 ns, 15.2000 us/op
WorkloadActual   7: 1 op, 18100.00 ns, 18.1000 us/op
WorkloadActual   8: 1 op, 15700.00 ns, 15.7000 us/op
WorkloadActual   9: 1 op, 14900.00 ns, 14.9000 us/op
WorkloadActual  10: 1 op, 14600.00 ns, 14.6000 us/op
WorkloadActual  11: 1 op, 15400.00 ns, 15.4000 us/op
WorkloadActual  12: 1 op, 14600.00 ns, 14.6000 us/op
WorkloadActual  13: 1 op, 15200.00 ns, 15.2000 us/op
WorkloadActual  14: 1 op, 15200.00 ns, 15.2000 us/op
WorkloadActual  15: 1 op, 14700.00 ns, 14.7000 us/op
WorkloadActual  16: 1 op, 14400.00 ns, 14.4000 us/op
WorkloadActual  17: 1 op, 14700.00 ns, 14.7000 us/op
WorkloadActual  18: 1 op, 16100.00 ns, 16.1000 us/op
WorkloadActual  19: 1 op, 14600.00 ns, 14.6000 us/op
WorkloadActual  20: 1 op, 15100.00 ns, 15.1000 us/op
WorkloadActual  21: 1 op, 16100.00 ns, 16.1000 us/op
WorkloadActual  22: 1 op, 13500.00 ns, 13.5000 us/op
WorkloadActual  23: 1 op, 15200.00 ns, 15.2000 us/op
WorkloadActual  24: 1 op, 14600.00 ns, 14.6000 us/op
WorkloadActual  25: 1 op, 13700.00 ns, 13.7000 us/op
WorkloadActual  26: 1 op, 14000.00 ns, 14.0000 us/op
WorkloadActual  27: 1 op, 14700.00 ns, 14.7000 us/op
WorkloadActual  28: 1 op, 14200.00 ns, 14.2000 us/op
WorkloadActual  29: 1 op, 13700.00 ns, 13.7000 us/op
WorkloadActual  30: 1 op, 14100.00 ns, 14.1000 us/op
WorkloadActual  31: 1 op, 13700.00 ns, 13.7000 us/op
WorkloadActual  32: 1 op, 13500.00 ns, 13.5000 us/op
WorkloadActual  33: 1 op, 14900.00 ns, 14.9000 us/op
WorkloadActual  34: 1 op, 13000.00 ns, 13.0000 us/op
WorkloadActual  35: 1 op, 13600.00 ns, 13.6000 us/op
WorkloadActual  36: 1 op, 19000.00 ns, 19.0000 us/op
WorkloadActual  37: 1 op, 16500.00 ns, 16.5000 us/op
WorkloadActual  38: 1 op, 13100.00 ns, 13.1000 us/op
WorkloadActual  39: 1 op, 14900.00 ns, 14.9000 us/op
WorkloadActual  40: 1 op, 13900.00 ns, 13.9000 us/op
WorkloadActual  41: 1 op, 14000.00 ns, 14.0000 us/op
WorkloadActual  42: 1 op, 14000.00 ns, 14.0000 us/op
WorkloadActual  43: 1 op, 13900.00 ns, 13.9000 us/op
WorkloadActual  44: 1 op, 14200.00 ns, 14.2000 us/op
WorkloadActual  45: 1 op, 14400.00 ns, 14.4000 us/op
WorkloadActual  46: 1 op, 43100.00 ns, 43.1000 us/op
WorkloadActual  47: 1 op, 30000.00 ns, 30.0000 us/op
WorkloadActual  48: 1 op, 14000.00 ns, 14.0000 us/op
WorkloadActual  49: 1 op, 29100.00 ns, 29.1000 us/op
WorkloadActual  50: 1 op, 13800.00 ns, 13.8000 us/op
WorkloadActual  51: 1 op, 18100.00 ns, 18.1000 us/op
WorkloadActual  52: 1 op, 21200.00 ns, 21.2000 us/op
WorkloadActual  53: 1 op, 15100.00 ns, 15.1000 us/op
WorkloadActual  54: 1 op, 19900.00 ns, 19.9000 us/op
WorkloadActual  55: 1 op, 13300.00 ns, 13.3000 us/op
WorkloadActual  56: 1 op, 13400.00 ns, 13.4000 us/op
WorkloadActual  57: 1 op, 19500.00 ns, 19.5000 us/op
WorkloadActual  58: 1 op, 13600.00 ns, 13.6000 us/op
WorkloadActual  59: 1 op, 13100.00 ns, 13.1000 us/op
WorkloadActual  60: 1 op, 14900.00 ns, 14.9000 us/op
WorkloadActual  61: 1 op, 14300.00 ns, 14.3000 us/op
WorkloadActual  62: 1 op, 13000.00 ns, 13.0000 us/op
WorkloadActual  63: 1 op, 13500.00 ns, 13.5000 us/op
WorkloadActual  64: 1 op, 12800.00 ns, 12.8000 us/op
WorkloadActual  65: 1 op, 13300.00 ns, 13.3000 us/op
WorkloadActual  66: 1 op, 18200.00 ns, 18.2000 us/op
WorkloadActual  67: 1 op, 13400.00 ns, 13.4000 us/op
WorkloadActual  68: 1 op, 13300.00 ns, 13.3000 us/op
WorkloadActual  69: 1 op, 13800.00 ns, 13.8000 us/op
WorkloadActual  70: 1 op, 13200.00 ns, 13.2000 us/op
WorkloadActual  71: 1 op, 13400.00 ns, 13.4000 us/op
WorkloadActual  72: 1 op, 18700.00 ns, 18.7000 us/op
WorkloadActual  73: 1 op, 16600.00 ns, 16.6000 us/op
WorkloadActual  74: 1 op, 18500.00 ns, 18.5000 us/op
WorkloadActual  75: 1 op, 13100.00 ns, 13.1000 us/op
WorkloadActual  76: 1 op, 13900.00 ns, 13.9000 us/op
WorkloadActual  77: 1 op, 13800.00 ns, 13.8000 us/op
WorkloadActual  78: 1 op, 13700.00 ns, 13.7000 us/op
WorkloadActual  79: 1 op, 13400.00 ns, 13.4000 us/op
WorkloadActual  80: 1 op, 18100.00 ns, 18.1000 us/op
WorkloadActual  81: 1 op, 13800.00 ns, 13.8000 us/op
WorkloadActual  82: 1 op, 13900.00 ns, 13.9000 us/op
WorkloadActual  83: 1 op, 12800.00 ns, 12.8000 us/op
WorkloadActual  84: 1 op, 12900.00 ns, 12.9000 us/op
WorkloadActual  85: 1 op, 13600.00 ns, 13.6000 us/op
WorkloadActual  86: 1 op, 14200.00 ns, 14.2000 us/op
WorkloadActual  87: 1 op, 13400.00 ns, 13.4000 us/op
WorkloadActual  88: 1 op, 14300.00 ns, 14.3000 us/op
WorkloadActual  89: 1 op, 13800.00 ns, 13.8000 us/op
WorkloadActual  90: 1 op, 12900.00 ns, 12.9000 us/op
WorkloadActual  91: 1 op, 13000.00 ns, 13.0000 us/op
WorkloadActual  92: 1 op, 12700.00 ns, 12.7000 us/op
WorkloadActual  93: 1 op, 12600.00 ns, 12.6000 us/op
WorkloadActual  94: 1 op, 14300.00 ns, 14.3000 us/op
WorkloadActual  95: 1 op, 13400.00 ns, 13.4000 us/op
WorkloadActual  96: 1 op, 16700.00 ns, 16.7000 us/op
WorkloadActual  97: 1 op, 16000.00 ns, 16.0000 us/op
WorkloadActual  98: 1 op, 16200.00 ns, 16.2000 us/op
WorkloadActual  99: 1 op, 16500.00 ns, 16.5000 us/op
WorkloadActual  100: 1 op, 15400.00 ns, 15.4000 us/op

// AfterActualRun
WorkloadResult   1: 1 op, 18300.00 ns, 18.3000 us/op
WorkloadResult   2: 1 op, 16700.00 ns, 16.7000 us/op
WorkloadResult   3: 1 op, 16500.00 ns, 16.5000 us/op
WorkloadResult   4: 1 op, 15100.00 ns, 15.1000 us/op
WorkloadResult   5: 1 op, 18000.00 ns, 18.0000 us/op
WorkloadResult   6: 1 op, 15600.00 ns, 15.6000 us/op
WorkloadResult   7: 1 op, 14800.00 ns, 14.8000 us/op
WorkloadResult   8: 1 op, 14500.00 ns, 14.5000 us/op
WorkloadResult   9: 1 op, 15300.00 ns, 15.3000 us/op
WorkloadResult  10: 1 op, 14500.00 ns, 14.5000 us/op
WorkloadResult  11: 1 op, 15100.00 ns, 15.1000 us/op
WorkloadResult  12: 1 op, 15100.00 ns, 15.1000 us/op
WorkloadResult  13: 1 op, 14600.00 ns, 14.6000 us/op
WorkloadResult  14: 1 op, 14300.00 ns, 14.3000 us/op
WorkloadResult  15: 1 op, 14600.00 ns, 14.6000 us/op
WorkloadResult  16: 1 op, 16000.00 ns, 16.0000 us/op
WorkloadResult  17: 1 op, 14500.00 ns, 14.5000 us/op
WorkloadResult  18: 1 op, 15000.00 ns, 15.0000 us/op
WorkloadResult  19: 1 op, 16000.00 ns, 16.0000 us/op
WorkloadResult  20: 1 op, 13400.00 ns, 13.4000 us/op
WorkloadResult  21: 1 op, 15100.00 ns, 15.1000 us/op
WorkloadResult  22: 1 op, 14500.00 ns, 14.5000 us/op
WorkloadResult  23: 1 op, 13600.00 ns, 13.6000 us/op
WorkloadResult  24: 1 op, 13900.00 ns, 13.9000 us/op
WorkloadResult  25: 1 op, 14600.00 ns, 14.6000 us/op
WorkloadResult  26: 1 op, 14100.00 ns, 14.1000 us/op
WorkloadResult  27: 1 op, 13600.00 ns, 13.6000 us/op
WorkloadResult  28: 1 op, 14000.00 ns, 14.0000 us/op
WorkloadResult  29: 1 op, 13600.00 ns, 13.6000 us/op
WorkloadResult  30: 1 op, 13400.00 ns, 13.4000 us/op
WorkloadResult  31: 1 op, 14800.00 ns, 14.8000 us/op
WorkloadResult  32: 1 op, 12900.00 ns, 12.9000 us/op
WorkloadResult  33: 1 op, 13500.00 ns, 13.5000 us/op
WorkloadResult  34: 1 op, 18900.00 ns, 18.9000 us/op
WorkloadResult  35: 1 op, 16400.00 ns, 16.4000 us/op
WorkloadResult  36: 1 op, 13000.00 ns, 13.0000 us/op
WorkloadResult  37: 1 op, 14800.00 ns, 14.8000 us/op
WorkloadResult  38: 1 op, 13800.00 ns, 13.8000 us/op
WorkloadResult  39: 1 op, 13900.00 ns, 13.9000 us/op
WorkloadResult  40: 1 op, 13900.00 ns, 13.9000 us/op
WorkloadResult  41: 1 op, 13800.00 ns, 13.8000 us/op
WorkloadResult  42: 1 op, 14100.00 ns, 14.1000 us/op
WorkloadResult  43: 1 op, 14300.00 ns, 14.3000 us/op
WorkloadResult  44: 1 op, 13900.00 ns, 13.9000 us/op
WorkloadResult  45: 1 op, 13700.00 ns, 13.7000 us/op
WorkloadResult  46: 1 op, 18000.00 ns, 18.0000 us/op
WorkloadResult  47: 1 op, 15000.00 ns, 15.0000 us/op
WorkloadResult  48: 1 op, 13200.00 ns, 13.2000 us/op
WorkloadResult  49: 1 op, 13300.00 ns, 13.3000 us/op
WorkloadResult  50: 1 op, 19400.00 ns, 19.4000 us/op
WorkloadResult  51: 1 op, 13500.00 ns, 13.5000 us/op
WorkloadResult  52: 1 op, 13000.00 ns, 13.0000 us/op
WorkloadResult  53: 1 op, 14800.00 ns, 14.8000 us/op
WorkloadResult  54: 1 op, 14200.00 ns, 14.2000 us/op
WorkloadResult  55: 1 op, 12900.00 ns, 12.9000 us/op
WorkloadResult  56: 1 op, 13400.00 ns, 13.4000 us/op
WorkloadResult  57: 1 op, 12700.00 ns, 12.7000 us/op
WorkloadResult  58: 1 op, 13200.00 ns, 13.2000 us/op
WorkloadResult  59: 1 op, 18100.00 ns, 18.1000 us/op
WorkloadResult  60: 1 op, 13300.00 ns, 13.3000 us/op
WorkloadResult  61: 1 op, 13200.00 ns, 13.2000 us/op
WorkloadResult  62: 1 op, 13700.00 ns, 13.7000 us/op
WorkloadResult  63: 1 op, 13100.00 ns, 13.1000 us/op
WorkloadResult  64: 1 op, 13300.00 ns, 13.3000 us/op
WorkloadResult  65: 1 op, 18600.00 ns, 18.6000 us/op
WorkloadResult  66: 1 op, 16500.00 ns, 16.5000 us/op
WorkloadResult  67: 1 op, 18400.00 ns, 18.4000 us/op
WorkloadResult  68: 1 op, 13000.00 ns, 13.0000 us/op
WorkloadResult  69: 1 op, 13800.00 ns, 13.8000 us/op
WorkloadResult  70: 1 op, 13700.00 ns, 13.7000 us/op
WorkloadResult  71: 1 op, 13600.00 ns, 13.6000 us/op
WorkloadResult  72: 1 op, 13300.00 ns, 13.3000 us/op
WorkloadResult  73: 1 op, 18000.00 ns, 18.0000 us/op
WorkloadResult  74: 1 op, 13700.00 ns, 13.7000 us/op
WorkloadResult  75: 1 op, 13800.00 ns, 13.8000 us/op
WorkloadResult  76: 1 op, 12700.00 ns, 12.7000 us/op
WorkloadResult  77: 1 op, 12800.00 ns, 12.8000 us/op
WorkloadResult  78: 1 op, 13500.00 ns, 13.5000 us/op
WorkloadResult  79: 1 op, 14100.00 ns, 14.1000 us/op
WorkloadResult  80: 1 op, 13300.00 ns, 13.3000 us/op
WorkloadResult  81: 1 op, 14200.00 ns, 14.2000 us/op
WorkloadResult  82: 1 op, 13700.00 ns, 13.7000 us/op
WorkloadResult  83: 1 op, 12800.00 ns, 12.8000 us/op
WorkloadResult  84: 1 op, 12900.00 ns, 12.9000 us/op
WorkloadResult  85: 1 op, 12600.00 ns, 12.6000 us/op
WorkloadResult  86: 1 op, 12500.00 ns, 12.5000 us/op
WorkloadResult  87: 1 op, 14200.00 ns, 14.2000 us/op
WorkloadResult  88: 1 op, 13300.00 ns, 13.3000 us/op
WorkloadResult  89: 1 op, 16600.00 ns, 16.6000 us/op
WorkloadResult  90: 1 op, 15900.00 ns, 15.9000 us/op
WorkloadResult  91: 1 op, 16100.00 ns, 16.1000 us/op
WorkloadResult  92: 1 op, 16400.00 ns, 16.4000 us/op
WorkloadResult  93: 1 op, 15300.00 ns, 15.3000 us/op
// GC:  0 0 0 26992 1
// Threading:  0 0 1

// AfterAll
// Benchmark Process 7156 has exited with code 0.

Mean = 14.566 μs, StdErr = 0.169 μs (1.16%), N = 93, StdDev = 1.632 μs
Min = 12.500 μs, Q1 = 13.400 μs, Median = 14.100 μs, Q3 = 15.100 μs, Max = 19.400 μs
IQR = 1.700 μs, LowerFence = 10.850 μs, UpperFence = 17.650 μs
ConfidenceInterval = [13.990 μs; 15.141 μs] (CI 99.9%), Margin = 0.575 μs (3.95% of Mean)
Skewness = 1.2, Kurtosis = 3.67, MValue = 2.9

// ** Remained 8 (53,3%) benchmark(s) to run. Estimated finish 2026-09-11 16:11 (0h 0m from now) **
Setup power plan (GUID: 8c5e7fda-e8bf-4a96-9a85-a6e23a8c635c FriendlyName: High performance)
// **************************
// Benchmark: HierarchyBenchmarks.Remove: Job-DRRRRQ(InvocationCount=1, UnrollFactor=1) [NodeCount=1000]
// *** Execute ***
// Launch: 1 / 1
// Execute: dotnet f708123d-25c8-4862-a51c-d2fd081c87d7.dll --anonymousPipes 1856 1656 --benchmarkName "HierarchyBenchmarks.Remove(NodeCount: 1000)" --job "InvocationCount=1, UnrollFactor=1" --benchmarkId 7 in D:\HierarchyKit\benchmarks\HierarchyKit.Benchmarks\bin\Release\net10.0\f708123d-25c8-4862-a51c-d2fd081c87d7\bin\Release\net10.0
// BeforeAnythingElse

// Benchmark Process Environment Information:
// BenchmarkDotNet v0.14.0
// Runtime=.NET 10.0.12 (10.0.1226.42308), X64 RyuJIT AVX2
// GC=Non-concurrent Workstation
// HardwareIntrinsics=AVX2,AES,BMI1,BMI2,FMA,LZCNT,PCLMUL,POPCNT,AvxVnni,SERIALIZE VectorSize=256
// Job: Job-KUJZVG(InvocationCount=1, UnrollFactor=1)

OverheadJitting  1: 1 op, 200600.00 ns, 200.6000 us/op
WorkloadJitting  1: 1 op, 1621500.00 ns, 1.6215 ms/op

OverheadWarmup   1: 1 op, 300.00 ns, 300.0000 ns/op
OverheadWarmup   2: 1 op, 200.00 ns, 200.0000 ns/op
OverheadWarmup   3: 1 op, 0.00 ns, 0.0000 ns/op
OverheadWarmup   4: 1 op, 200.00 ns, 200.0000 ns/op
OverheadWarmup   5: 1 op, 200.00 ns, 200.0000 ns/op
OverheadWarmup   6: 1 op, 100.00 ns, 100.0000 ns/op
OverheadWarmup   7: 1 op, 100.00 ns, 100.0000 ns/op

OverheadActual   1: 1 op, 100.00 ns, 100.0000 ns/op
OverheadActual   2: 1 op, 300.00 ns, 300.0000 ns/op
OverheadActual   3: 1 op, 300.00 ns, 300.0000 ns/op
OverheadActual   4: 1 op, 200.00 ns, 200.0000 ns/op
OverheadActual   5: 1 op, 200.00 ns, 200.0000 ns/op
OverheadActual   6: 1 op, 200.00 ns, 200.0000 ns/op
OverheadActual   7: 1 op, 100.00 ns, 100.0000 ns/op
OverheadActual   8: 1 op, 200.00 ns, 200.0000 ns/op
OverheadActual   9: 1 op, 100.00 ns, 100.0000 ns/op
OverheadActual  10: 1 op, 100.00 ns, 100.0000 ns/op
OverheadActual  11: 1 op, 200.00 ns, 200.0000 ns/op
OverheadActual  12: 1 op, 100.00 ns, 100.0000 ns/op
OverheadActual  13: 1 op, 100.00 ns, 100.0000 ns/op
OverheadActual  14: 1 op, 0.00 ns, 0.0000 ns/op
OverheadActual  15: 1 op, 100.00 ns, 100.0000 ns/op
OverheadActual  16: 1 op, 100.00 ns, 100.0000 ns/op
OverheadActual  17: 1 op, 100.00 ns, 100.0000 ns/op
OverheadActual  18: 1 op, 100.00 ns, 100.0000 ns/op
OverheadActual  19: 1 op, 100.00 ns, 100.0000 ns/op
OverheadActual  20: 1 op, 100.00 ns, 100.0000 ns/op

WorkloadWarmup   1: 1 op, 49700.00 ns, 49.7000 us/op
WorkloadWarmup   2: 1 op, 14300.00 ns, 14.3000 us/op
WorkloadWarmup   3: 1 op, 22300.00 ns, 22.3000 us/op
WorkloadWarmup   4: 1 op, 19200.00 ns, 19.2000 us/op
WorkloadWarmup   5: 1 op, 28400.00 ns, 28.4000 us/op
WorkloadWarmup   6: 1 op, 15500.00 ns, 15.5000 us/op

// BeforeActualRun
WorkloadActual   1: 1 op, 14900.00 ns, 14.9000 us/op
WorkloadActual   2: 1 op, 16900.00 ns, 16.9000 us/op
WorkloadActual   3: 1 op, 17800.00 ns, 17.8000 us/op
WorkloadActual   4: 1 op, 17500.00 ns, 17.5000 us/op
WorkloadActual   5: 1 op, 17200.00 ns, 17.2000 us/op
WorkloadActual   6: 1 op, 17500.00 ns, 17.5000 us/op
WorkloadActual   7: 1 op, 20900.00 ns, 20.9000 us/op
WorkloadActual   8: 1 op, 19000.00 ns, 19.0000 us/op
WorkloadActual   9: 1 op, 17400.00 ns, 17.4000 us/op
WorkloadActual  10: 1 op, 18800.00 ns, 18.8000 us/op
WorkloadActual  11: 1 op, 20300.00 ns, 20.3000 us/op
WorkloadActual  12: 1 op, 18200.00 ns, 18.2000 us/op
WorkloadActual  13: 1 op, 20200.00 ns, 20.2000 us/op
WorkloadActual  14: 1 op, 17100.00 ns, 17.1000 us/op
WorkloadActual  15: 1 op, 16300.00 ns, 16.3000 us/op
WorkloadActual  16: 1 op, 22700.00 ns, 22.7000 us/op
WorkloadActual  17: 1 op, 20200.00 ns, 20.2000 us/op
WorkloadActual  18: 1 op, 18300.00 ns, 18.3000 us/op
WorkloadActual  19: 1 op, 17400.00 ns, 17.4000 us/op
WorkloadActual  20: 1 op, 15100.00 ns, 15.1000 us/op
WorkloadActual  21: 1 op, 18300.00 ns, 18.3000 us/op
WorkloadActual  22: 1 op, 20600.00 ns, 20.6000 us/op
WorkloadActual  23: 1 op, 17600.00 ns, 17.6000 us/op
WorkloadActual  24: 1 op, 17000.00 ns, 17.0000 us/op
WorkloadActual  25: 1 op, 17300.00 ns, 17.3000 us/op
WorkloadActual  26: 1 op, 20600.00 ns, 20.6000 us/op
WorkloadActual  27: 1 op, 20400.00 ns, 20.4000 us/op
WorkloadActual  28: 1 op, 16400.00 ns, 16.4000 us/op
WorkloadActual  29: 1 op, 16400.00 ns, 16.4000 us/op
WorkloadActual  30: 1 op, 20800.00 ns, 20.8000 us/op
WorkloadActual  31: 1 op, 21200.00 ns, 21.2000 us/op
WorkloadActual  32: 1 op, 16100.00 ns, 16.1000 us/op
WorkloadActual  33: 1 op, 22300.00 ns, 22.3000 us/op
WorkloadActual  34: 1 op, 20700.00 ns, 20.7000 us/op
WorkloadActual  35: 1 op, 17500.00 ns, 17.5000 us/op
WorkloadActual  36: 1 op, 20700.00 ns, 20.7000 us/op
WorkloadActual  37: 1 op, 15900.00 ns, 15.9000 us/op
WorkloadActual  38: 1 op, 15900.00 ns, 15.9000 us/op
WorkloadActual  39: 1 op, 15800.00 ns, 15.8000 us/op
WorkloadActual  40: 1 op, 15700.00 ns, 15.7000 us/op
WorkloadActual  41: 1 op, 15500.00 ns, 15.5000 us/op
WorkloadActual  42: 1 op, 15200.00 ns, 15.2000 us/op
WorkloadActual  43: 1 op, 15400.00 ns, 15.4000 us/op
WorkloadActual  44: 1 op, 14300.00 ns, 14.3000 us/op
WorkloadActual  45: 1 op, 19700.00 ns, 19.7000 us/op
WorkloadActual  46: 1 op, 16800.00 ns, 16.8000 us/op
WorkloadActual  47: 1 op, 14700.00 ns, 14.7000 us/op
WorkloadActual  48: 1 op, 17300.00 ns, 17.3000 us/op
WorkloadActual  49: 1 op, 15600.00 ns, 15.6000 us/op
WorkloadActual  50: 1 op, 15100.00 ns, 15.1000 us/op
WorkloadActual  51: 1 op, 14900.00 ns, 14.9000 us/op
WorkloadActual  52: 1 op, 20800.00 ns, 20.8000 us/op
WorkloadActual  53: 1 op, 17100.00 ns, 17.1000 us/op
WorkloadActual  54: 1 op, 19000.00 ns, 19.0000 us/op
WorkloadActual  55: 1 op, 20200.00 ns, 20.2000 us/op
WorkloadActual  56: 1 op, 19300.00 ns, 19.3000 us/op
WorkloadActual  57: 1 op, 20400.00 ns, 20.4000 us/op
WorkloadActual  58: 1 op, 21300.00 ns, 21.3000 us/op
WorkloadActual  59: 1 op, 18600.00 ns, 18.6000 us/op
WorkloadActual  60: 1 op, 34600.00 ns, 34.6000 us/op
WorkloadActual  61: 1 op, 18700.00 ns, 18.7000 us/op
WorkloadActual  62: 1 op, 20600.00 ns, 20.6000 us/op
WorkloadActual  63: 1 op, 19900.00 ns, 19.9000 us/op
WorkloadActual  64: 1 op, 15300.00 ns, 15.3000 us/op
WorkloadActual  65: 1 op, 14200.00 ns, 14.2000 us/op
WorkloadActual  66: 1 op, 14400.00 ns, 14.4000 us/op
WorkloadActual  67: 1 op, 19400.00 ns, 19.4000 us/op
WorkloadActual  68: 1 op, 14600.00 ns, 14.6000 us/op
WorkloadActual  69: 1 op, 14200.00 ns, 14.2000 us/op
WorkloadActual  70: 1 op, 14900.00 ns, 14.9000 us/op
WorkloadActual  71: 1 op, 15600.00 ns, 15.6000 us/op
WorkloadActual  72: 1 op, 18400.00 ns, 18.4000 us/op
WorkloadActual  73: 1 op, 14900.00 ns, 14.9000 us/op
WorkloadActual  74: 1 op, 13100.00 ns, 13.1000 us/op
WorkloadActual  75: 1 op, 14500.00 ns, 14.5000 us/op
WorkloadActual  76: 1 op, 12900.00 ns, 12.9000 us/op
WorkloadActual  77: 1 op, 14600.00 ns, 14.6000 us/op
WorkloadActual  78: 1 op, 13800.00 ns, 13.8000 us/op
WorkloadActual  79: 1 op, 13900.00 ns, 13.9000 us/op
WorkloadActual  80: 1 op, 13700.00 ns, 13.7000 us/op
WorkloadActual  81: 1 op, 13700.00 ns, 13.7000 us/op
WorkloadActual  82: 1 op, 13800.00 ns, 13.8000 us/op
WorkloadActual  83: 1 op, 13100.00 ns, 13.1000 us/op
WorkloadActual  84: 1 op, 19200.00 ns, 19.2000 us/op
WorkloadActual  85: 1 op, 17500.00 ns, 17.5000 us/op
WorkloadActual  86: 1 op, 15100.00 ns, 15.1000 us/op
WorkloadActual  87: 1 op, 18300.00 ns, 18.3000 us/op
WorkloadActual  88: 1 op, 19200.00 ns, 19.2000 us/op
WorkloadActual  89: 1 op, 24500.00 ns, 24.5000 us/op
WorkloadActual  90: 1 op, 18200.00 ns, 18.2000 us/op
WorkloadActual  91: 1 op, 23100.00 ns, 23.1000 us/op
WorkloadActual  92: 1 op, 18900.00 ns, 18.9000 us/op
WorkloadActual  93: 1 op, 18900.00 ns, 18.9000 us/op
WorkloadActual  94: 1 op, 18200.00 ns, 18.2000 us/op
WorkloadActual  95: 1 op, 18800.00 ns, 18.8000 us/op
WorkloadActual  96: 1 op, 19800.00 ns, 19.8000 us/op
WorkloadActual  97: 1 op, 21800.00 ns, 21.8000 us/op
WorkloadActual  98: 1 op, 21000.00 ns, 21.0000 us/op
WorkloadActual  99: 1 op, 17300.00 ns, 17.3000 us/op
WorkloadActual  100: 1 op, 17600.00 ns, 17.6000 us/op

// AfterActualRun
WorkloadResult   1: 1 op, 14800.00 ns, 14.8000 us/op
WorkloadResult   2: 1 op, 16800.00 ns, 16.8000 us/op
WorkloadResult   3: 1 op, 17700.00 ns, 17.7000 us/op
WorkloadResult   4: 1 op, 17400.00 ns, 17.4000 us/op
WorkloadResult   5: 1 op, 17100.00 ns, 17.1000 us/op
WorkloadResult   6: 1 op, 17400.00 ns, 17.4000 us/op
WorkloadResult   7: 1 op, 20800.00 ns, 20.8000 us/op
WorkloadResult   8: 1 op, 18900.00 ns, 18.9000 us/op
WorkloadResult   9: 1 op, 17300.00 ns, 17.3000 us/op
WorkloadResult  10: 1 op, 18700.00 ns, 18.7000 us/op
WorkloadResult  11: 1 op, 20200.00 ns, 20.2000 us/op
WorkloadResult  12: 1 op, 18100.00 ns, 18.1000 us/op
WorkloadResult  13: 1 op, 20100.00 ns, 20.1000 us/op
WorkloadResult  14: 1 op, 17000.00 ns, 17.0000 us/op
WorkloadResult  15: 1 op, 16200.00 ns, 16.2000 us/op
WorkloadResult  16: 1 op, 22600.00 ns, 22.6000 us/op
WorkloadResult  17: 1 op, 20100.00 ns, 20.1000 us/op
WorkloadResult  18: 1 op, 18200.00 ns, 18.2000 us/op
WorkloadResult  19: 1 op, 17300.00 ns, 17.3000 us/op
WorkloadResult  20: 1 op, 15000.00 ns, 15.0000 us/op
WorkloadResult  21: 1 op, 18200.00 ns, 18.2000 us/op
WorkloadResult  22: 1 op, 20500.00 ns, 20.5000 us/op
WorkloadResult  23: 1 op, 17500.00 ns, 17.5000 us/op
WorkloadResult  24: 1 op, 16900.00 ns, 16.9000 us/op
WorkloadResult  25: 1 op, 17200.00 ns, 17.2000 us/op
WorkloadResult  26: 1 op, 20500.00 ns, 20.5000 us/op
WorkloadResult  27: 1 op, 20300.00 ns, 20.3000 us/op
WorkloadResult  28: 1 op, 16300.00 ns, 16.3000 us/op
WorkloadResult  29: 1 op, 16300.00 ns, 16.3000 us/op
WorkloadResult  30: 1 op, 20700.00 ns, 20.7000 us/op
WorkloadResult  31: 1 op, 21100.00 ns, 21.1000 us/op
WorkloadResult  32: 1 op, 16000.00 ns, 16.0000 us/op
WorkloadResult  33: 1 op, 22200.00 ns, 22.2000 us/op
WorkloadResult  34: 1 op, 20600.00 ns, 20.6000 us/op
WorkloadResult  35: 1 op, 17400.00 ns, 17.4000 us/op
WorkloadResult  36: 1 op, 20600.00 ns, 20.6000 us/op
WorkloadResult  37: 1 op, 15800.00 ns, 15.8000 us/op
WorkloadResult  38: 1 op, 15800.00 ns, 15.8000 us/op
WorkloadResult  39: 1 op, 15700.00 ns, 15.7000 us/op
WorkloadResult  40: 1 op, 15600.00 ns, 15.6000 us/op
WorkloadResult  41: 1 op, 15400.00 ns, 15.4000 us/op
WorkloadResult  42: 1 op, 15100.00 ns, 15.1000 us/op
WorkloadResult  43: 1 op, 15300.00 ns, 15.3000 us/op
WorkloadResult  44: 1 op, 14200.00 ns, 14.2000 us/op
WorkloadResult  45: 1 op, 19600.00 ns, 19.6000 us/op
WorkloadResult  46: 1 op, 16700.00 ns, 16.7000 us/op
WorkloadResult  47: 1 op, 14600.00 ns, 14.6000 us/op
WorkloadResult  48: 1 op, 17200.00 ns, 17.2000 us/op
WorkloadResult  49: 1 op, 15500.00 ns, 15.5000 us/op
WorkloadResult  50: 1 op, 15000.00 ns, 15.0000 us/op
WorkloadResult  51: 1 op, 14800.00 ns, 14.8000 us/op
WorkloadResult  52: 1 op, 20700.00 ns, 20.7000 us/op
WorkloadResult  53: 1 op, 17000.00 ns, 17.0000 us/op
WorkloadResult  54: 1 op, 18900.00 ns, 18.9000 us/op
WorkloadResult  55: 1 op, 20100.00 ns, 20.1000 us/op
WorkloadResult  56: 1 op, 19200.00 ns, 19.2000 us/op
WorkloadResult  57: 1 op, 20300.00 ns, 20.3000 us/op
WorkloadResult  58: 1 op, 21200.00 ns, 21.2000 us/op
WorkloadResult  59: 1 op, 18500.00 ns, 18.5000 us/op
WorkloadResult  60: 1 op, 18600.00 ns, 18.6000 us/op
WorkloadResult  61: 1 op, 20500.00 ns, 20.5000 us/op
WorkloadResult  62: 1 op, 19800.00 ns, 19.8000 us/op
WorkloadResult  63: 1 op, 15200.00 ns, 15.2000 us/op
WorkloadResult  64: 1 op, 14100.00 ns, 14.1000 us/op
WorkloadResult  65: 1 op, 14300.00 ns, 14.3000 us/op
WorkloadResult  66: 1 op, 19300.00 ns, 19.3000 us/op
WorkloadResult  67: 1 op, 14500.00 ns, 14.5000 us/op
WorkloadResult  68: 1 op, 14100.00 ns, 14.1000 us/op
WorkloadResult  69: 1 op, 14800.00 ns, 14.8000 us/op
WorkloadResult  70: 1 op, 15500.00 ns, 15.5000 us/op
WorkloadResult  71: 1 op, 18300.00 ns, 18.3000 us/op
WorkloadResult  72: 1 op, 14800.00 ns, 14.8000 us/op
WorkloadResult  73: 1 op, 13000.00 ns, 13.0000 us/op
WorkloadResult  74: 1 op, 14400.00 ns, 14.4000 us/op
WorkloadResult  75: 1 op, 12800.00 ns, 12.8000 us/op
WorkloadResult  76: 1 op, 14500.00 ns, 14.5000 us/op
WorkloadResult  77: 1 op, 13700.00 ns, 13.7000 us/op
WorkloadResult  78: 1 op, 13800.00 ns, 13.8000 us/op
WorkloadResult  79: 1 op, 13600.00 ns, 13.6000 us/op
WorkloadResult  80: 1 op, 13600.00 ns, 13.6000 us/op
WorkloadResult  81: 1 op, 13700.00 ns, 13.7000 us/op
WorkloadResult  82: 1 op, 13000.00 ns, 13.0000 us/op
WorkloadResult  83: 1 op, 19100.00 ns, 19.1000 us/op
WorkloadResult  84: 1 op, 17400.00 ns, 17.4000 us/op
WorkloadResult  85: 1 op, 15000.00 ns, 15.0000 us/op
WorkloadResult  86: 1 op, 18200.00 ns, 18.2000 us/op
WorkloadResult  87: 1 op, 19100.00 ns, 19.1000 us/op
WorkloadResult  88: 1 op, 24400.00 ns, 24.4000 us/op
WorkloadResult  89: 1 op, 18100.00 ns, 18.1000 us/op
WorkloadResult  90: 1 op, 23000.00 ns, 23.0000 us/op
WorkloadResult  91: 1 op, 18800.00 ns, 18.8000 us/op
WorkloadResult  92: 1 op, 18800.00 ns, 18.8000 us/op
WorkloadResult  93: 1 op, 18100.00 ns, 18.1000 us/op
WorkloadResult  94: 1 op, 18700.00 ns, 18.7000 us/op
WorkloadResult  95: 1 op, 19700.00 ns, 19.7000 us/op
WorkloadResult  96: 1 op, 21700.00 ns, 21.7000 us/op
WorkloadResult  97: 1 op, 20900.00 ns, 20.9000 us/op
WorkloadResult  98: 1 op, 17200.00 ns, 17.2000 us/op
WorkloadResult  99: 1 op, 17500.00 ns, 17.5000 us/op
// GC:  0 0 0 27024 1
// Threading:  0 0 1

// AfterAll
// Benchmark Process 33992 has exited with code 0.

Mean = 17.493 μs, StdErr = 0.260 μs (1.49%), N = 99, StdDev = 2.591 μs
Min = 12.800 μs, Q1 = 15.250 μs, Median = 17.400 μs, Q3 = 19.450 μs, Max = 24.400 μs
IQR = 4.200 μs, LowerFence = 8.950 μs, UpperFence = 25.750 μs
ConfidenceInterval = [16.609 μs; 18.377 μs] (CI 99.9%), Margin = 0.884 μs (5.05% of Mean)
Skewness = 0.2, Kurtosis = 2.25, MValue = 3.48

// ** Remained 7 (46,7%) benchmark(s) to run. Estimated finish 2026-09-11 16:11 (0h 0m from now) **
Setup power plan (GUID: 8c5e7fda-e8bf-4a96-9a85-a6e23a8c635c FriendlyName: High performance)
// **************************
// Benchmark: HierarchyBenchmarks.GetChildren: Job-DRRRRQ(InvocationCount=1, UnrollFactor=1) [NodeCount=1000]
// *** Execute ***
// Launch: 1 / 1
// Execute: dotnet f708123d-25c8-4862-a51c-d2fd081c87d7.dll --anonymousPipes 2104 1924 --benchmarkName "HierarchyBenchmarks.GetChildren(NodeCount: 1000)" --job "InvocationCount=1, UnrollFactor=1" --benchmarkId 8 in D:\HierarchyKit\benchmarks\HierarchyKit.Benchmarks\bin\Release\net10.0\f708123d-25c8-4862-a51c-d2fd081c87d7\bin\Release\net10.0
// BeforeAnythingElse

// Benchmark Process Environment Information:
// BenchmarkDotNet v0.14.0
// Runtime=.NET 10.0.12 (10.0.1226.42308), X64 RyuJIT AVX2
// GC=Non-concurrent Workstation
// HardwareIntrinsics=AVX2,AES,BMI1,BMI2,FMA,LZCNT,PCLMUL,POPCNT,AvxVnni,SERIALIZE VectorSize=256
// Job: Job-ATDBFM(InvocationCount=1, UnrollFactor=1)

OverheadJitting  1: 1 op, 188300.00 ns, 188.3000 us/op
WorkloadJitting  1: 1 op, 857100.00 ns, 857.1000 us/op

OverheadWarmup   1: 1 op, 200.00 ns, 200.0000 ns/op
OverheadWarmup   2: 1 op, 200.00 ns, 200.0000 ns/op
OverheadWarmup   3: 1 op, 100.00 ns, 100.0000 ns/op
OverheadWarmup   4: 1 op, 200.00 ns, 200.0000 ns/op
OverheadWarmup   5: 1 op, 200.00 ns, 200.0000 ns/op

OverheadActual   1: 1 op, 200.00 ns, 200.0000 ns/op
OverheadActual   2: 1 op, 200.00 ns, 200.0000 ns/op
OverheadActual   3: 1 op, 200.00 ns, 200.0000 ns/op
OverheadActual   4: 1 op, 100.00 ns, 100.0000 ns/op
OverheadActual   5: 1 op, 100.00 ns, 100.0000 ns/op
OverheadActual   6: 1 op, 200.00 ns, 200.0000 ns/op
OverheadActual   7: 1 op, 100.00 ns, 100.0000 ns/op
OverheadActual   8: 1 op, 100.00 ns, 100.0000 ns/op
OverheadActual   9: 1 op, 200.00 ns, 200.0000 ns/op
OverheadActual  10: 1 op, 200.00 ns, 200.0000 ns/op
OverheadActual  11: 1 op, 200.00 ns, 200.0000 ns/op
OverheadActual  12: 1 op, 100.00 ns, 100.0000 ns/op
OverheadActual  13: 1 op, 100.00 ns, 100.0000 ns/op
OverheadActual  14: 1 op, 200.00 ns, 200.0000 ns/op
OverheadActual  15: 1 op, 200.00 ns, 200.0000 ns/op
OverheadActual  16: 1 op, 100.00 ns, 100.0000 ns/op
OverheadActual  17: 1 op, 100.00 ns, 100.0000 ns/op
OverheadActual  18: 1 op, 200.00 ns, 200.0000 ns/op
OverheadActual  19: 1 op, 200.00 ns, 200.0000 ns/op
OverheadActual  20: 1 op, 100.00 ns, 100.0000 ns/op

WorkloadWarmup   1: 1 op, 37400.00 ns, 37.4000 us/op
WorkloadWarmup   2: 1 op, 23100.00 ns, 23.1000 us/op
WorkloadWarmup   3: 1 op, 21700.00 ns, 21.7000 us/op
WorkloadWarmup   4: 1 op, 24000.00 ns, 24.0000 us/op
WorkloadWarmup   5: 1 op, 23200.00 ns, 23.2000 us/op
WorkloadWarmup   6: 1 op, 21000.00 ns, 21.0000 us/op
WorkloadWarmup   7: 1 op, 27900.00 ns, 27.9000 us/op
WorkloadWarmup   8: 1 op, 26700.00 ns, 26.7000 us/op

// BeforeActualRun
WorkloadActual   1: 1 op, 28000.00 ns, 28.0000 us/op
WorkloadActual   2: 1 op, 25700.00 ns, 25.7000 us/op
WorkloadActual   3: 1 op, 23500.00 ns, 23.5000 us/op
WorkloadActual   4: 1 op, 28800.00 ns, 28.8000 us/op
WorkloadActual   5: 1 op, 27200.00 ns, 27.2000 us/op
WorkloadActual   6: 1 op, 25300.00 ns, 25.3000 us/op
WorkloadActual   7: 1 op, 25700.00 ns, 25.7000 us/op
WorkloadActual   8: 1 op, 24000.00 ns, 24.0000 us/op
WorkloadActual   9: 1 op, 22600.00 ns, 22.6000 us/op
WorkloadActual  10: 1 op, 20900.00 ns, 20.9000 us/op
WorkloadActual  11: 1 op, 24300.00 ns, 24.3000 us/op
WorkloadActual  12: 1 op, 26100.00 ns, 26.1000 us/op
WorkloadActual  13: 1 op, 24800.00 ns, 24.8000 us/op
WorkloadActual  14: 1 op, 23300.00 ns, 23.3000 us/op
WorkloadActual  15: 1 op, 22200.00 ns, 22.2000 us/op
WorkloadActual  16: 1 op, 22800.00 ns, 22.8000 us/op
WorkloadActual  17: 1 op, 22000.00 ns, 22.0000 us/op
WorkloadActual  18: 1 op, 21600.00 ns, 21.6000 us/op
WorkloadActual  19: 1 op, 21500.00 ns, 21.5000 us/op
WorkloadActual  20: 1 op, 21900.00 ns, 21.9000 us/op
WorkloadActual  21: 1 op, 20400.00 ns, 20.4000 us/op
WorkloadActual  22: 1 op, 20200.00 ns, 20.2000 us/op
WorkloadActual  23: 1 op, 25200.00 ns, 25.2000 us/op
WorkloadActual  24: 1 op, 24400.00 ns, 24.4000 us/op
WorkloadActual  25: 1 op, 21700.00 ns, 21.7000 us/op
WorkloadActual  26: 1 op, 22600.00 ns, 22.6000 us/op
WorkloadActual  27: 1 op, 21800.00 ns, 21.8000 us/op
WorkloadActual  28: 1 op, 20500.00 ns, 20.5000 us/op
WorkloadActual  29: 1 op, 19900.00 ns, 19.9000 us/op
WorkloadActual  30: 1 op, 21100.00 ns, 21.1000 us/op
WorkloadActual  31: 1 op, 20700.00 ns, 20.7000 us/op
WorkloadActual  32: 1 op, 23800.00 ns, 23.8000 us/op
WorkloadActual  33: 1 op, 23200.00 ns, 23.2000 us/op
WorkloadActual  34: 1 op, 25000.00 ns, 25.0000 us/op
WorkloadActual  35: 1 op, 24800.00 ns, 24.8000 us/op
WorkloadActual  36: 1 op, 23900.00 ns, 23.9000 us/op
WorkloadActual  37: 1 op, 21500.00 ns, 21.5000 us/op
WorkloadActual  38: 1 op, 21100.00 ns, 21.1000 us/op
WorkloadActual  39: 1 op, 19400.00 ns, 19.4000 us/op
WorkloadActual  40: 1 op, 25800.00 ns, 25.8000 us/op
WorkloadActual  41: 1 op, 24200.00 ns, 24.2000 us/op
WorkloadActual  42: 1 op, 21600.00 ns, 21.6000 us/op
WorkloadActual  43: 1 op, 20100.00 ns, 20.1000 us/op
WorkloadActual  44: 1 op, 24100.00 ns, 24.1000 us/op
WorkloadActual  45: 1 op, 24500.00 ns, 24.5000 us/op
WorkloadActual  46: 1 op, 22500.00 ns, 22.5000 us/op
WorkloadActual  47: 1 op, 21500.00 ns, 21.5000 us/op
WorkloadActual  48: 1 op, 20900.00 ns, 20.9000 us/op
WorkloadActual  49: 1 op, 20100.00 ns, 20.1000 us/op
WorkloadActual  50: 1 op, 24500.00 ns, 24.5000 us/op
WorkloadActual  51: 1 op, 24000.00 ns, 24.0000 us/op
WorkloadActual  52: 1 op, 20900.00 ns, 20.9000 us/op
WorkloadActual  53: 1 op, 19300.00 ns, 19.3000 us/op
WorkloadActual  54: 1 op, 21000.00 ns, 21.0000 us/op
WorkloadActual  55: 1 op, 19700.00 ns, 19.7000 us/op
WorkloadActual  56: 1 op, 18900.00 ns, 18.9000 us/op
WorkloadActual  57: 1 op, 19100.00 ns, 19.1000 us/op
WorkloadActual  58: 1 op, 22000.00 ns, 22.0000 us/op
WorkloadActual  59: 1 op, 36300.00 ns, 36.3000 us/op
WorkloadActual  60: 1 op, 18900.00 ns, 18.9000 us/op
WorkloadActual  61: 1 op, 19900.00 ns, 19.9000 us/op
WorkloadActual  62: 1 op, 20300.00 ns, 20.3000 us/op
WorkloadActual  63: 1 op, 20600.00 ns, 20.6000 us/op
WorkloadActual  64: 1 op, 20300.00 ns, 20.3000 us/op
WorkloadActual  65: 1 op, 19700.00 ns, 19.7000 us/op
WorkloadActual  66: 1 op, 19900.00 ns, 19.9000 us/op
WorkloadActual  67: 1 op, 20300.00 ns, 20.3000 us/op
WorkloadActual  68: 1 op, 19300.00 ns, 19.3000 us/op
WorkloadActual  69: 1 op, 18900.00 ns, 18.9000 us/op
WorkloadActual  70: 1 op, 18900.00 ns, 18.9000 us/op
WorkloadActual  71: 1 op, 20300.00 ns, 20.3000 us/op
WorkloadActual  72: 1 op, 19800.00 ns, 19.8000 us/op
WorkloadActual  73: 1 op, 19100.00 ns, 19.1000 us/op
WorkloadActual  74: 1 op, 24500.00 ns, 24.5000 us/op
WorkloadActual  75: 1 op, 21300.00 ns, 21.3000 us/op
WorkloadActual  76: 1 op, 18700.00 ns, 18.7000 us/op
WorkloadActual  77: 1 op, 18400.00 ns, 18.4000 us/op
WorkloadActual  78: 1 op, 20000.00 ns, 20.0000 us/op
WorkloadActual  79: 1 op, 19200.00 ns, 19.2000 us/op
WorkloadActual  80: 1 op, 22300.00 ns, 22.3000 us/op
WorkloadActual  81: 1 op, 22600.00 ns, 22.6000 us/op
WorkloadActual  82: 1 op, 19300.00 ns, 19.3000 us/op
WorkloadActual  83: 1 op, 18600.00 ns, 18.6000 us/op
WorkloadActual  84: 1 op, 18800.00 ns, 18.8000 us/op
WorkloadActual  85: 1 op, 19500.00 ns, 19.5000 us/op
WorkloadActual  86: 1 op, 18500.00 ns, 18.5000 us/op
WorkloadActual  87: 1 op, 17800.00 ns, 17.8000 us/op
WorkloadActual  88: 1 op, 18500.00 ns, 18.5000 us/op
WorkloadActual  89: 1 op, 23000.00 ns, 23.0000 us/op
WorkloadActual  90: 1 op, 23000.00 ns, 23.0000 us/op
WorkloadActual  91: 1 op, 23800.00 ns, 23.8000 us/op
WorkloadActual  92: 1 op, 21300.00 ns, 21.3000 us/op
WorkloadActual  93: 1 op, 22400.00 ns, 22.4000 us/op
WorkloadActual  94: 1 op, 23400.00 ns, 23.4000 us/op
WorkloadActual  95: 1 op, 20900.00 ns, 20.9000 us/op
WorkloadActual  96: 1 op, 22100.00 ns, 22.1000 us/op
WorkloadActual  97: 1 op, 26500.00 ns, 26.5000 us/op
WorkloadActual  98: 1 op, 21800.00 ns, 21.8000 us/op
WorkloadActual  99: 1 op, 21600.00 ns, 21.6000 us/op
WorkloadActual  100: 1 op, 21600.00 ns, 21.6000 us/op

// AfterActualRun
WorkloadResult   1: 1 op, 27800.00 ns, 27.8000 us/op
WorkloadResult   2: 1 op, 25500.00 ns, 25.5000 us/op
WorkloadResult   3: 1 op, 23300.00 ns, 23.3000 us/op
WorkloadResult   4: 1 op, 28600.00 ns, 28.6000 us/op
WorkloadResult   5: 1 op, 27000.00 ns, 27.0000 us/op
WorkloadResult   6: 1 op, 25100.00 ns, 25.1000 us/op
WorkloadResult   7: 1 op, 25500.00 ns, 25.5000 us/op
WorkloadResult   8: 1 op, 23800.00 ns, 23.8000 us/op
WorkloadResult   9: 1 op, 22400.00 ns, 22.4000 us/op
WorkloadResult  10: 1 op, 20700.00 ns, 20.7000 us/op
WorkloadResult  11: 1 op, 24100.00 ns, 24.1000 us/op
WorkloadResult  12: 1 op, 25900.00 ns, 25.9000 us/op
WorkloadResult  13: 1 op, 24600.00 ns, 24.6000 us/op
WorkloadResult  14: 1 op, 23100.00 ns, 23.1000 us/op
WorkloadResult  15: 1 op, 22000.00 ns, 22.0000 us/op
WorkloadResult  16: 1 op, 22600.00 ns, 22.6000 us/op
WorkloadResult  17: 1 op, 21800.00 ns, 21.8000 us/op
WorkloadResult  18: 1 op, 21400.00 ns, 21.4000 us/op
WorkloadResult  19: 1 op, 21300.00 ns, 21.3000 us/op
WorkloadResult  20: 1 op, 21700.00 ns, 21.7000 us/op
WorkloadResult  21: 1 op, 20200.00 ns, 20.2000 us/op
WorkloadResult  22: 1 op, 20000.00 ns, 20.0000 us/op
WorkloadResult  23: 1 op, 25000.00 ns, 25.0000 us/op
WorkloadResult  24: 1 op, 24200.00 ns, 24.2000 us/op
WorkloadResult  25: 1 op, 21500.00 ns, 21.5000 us/op
WorkloadResult  26: 1 op, 22400.00 ns, 22.4000 us/op
WorkloadResult  27: 1 op, 21600.00 ns, 21.6000 us/op
WorkloadResult  28: 1 op, 20300.00 ns, 20.3000 us/op
WorkloadResult  29: 1 op, 19700.00 ns, 19.7000 us/op
WorkloadResult  30: 1 op, 20900.00 ns, 20.9000 us/op
WorkloadResult  31: 1 op, 20500.00 ns, 20.5000 us/op
WorkloadResult  32: 1 op, 23600.00 ns, 23.6000 us/op
WorkloadResult  33: 1 op, 23000.00 ns, 23.0000 us/op
WorkloadResult  34: 1 op, 24800.00 ns, 24.8000 us/op
WorkloadResult  35: 1 op, 24600.00 ns, 24.6000 us/op
WorkloadResult  36: 1 op, 23700.00 ns, 23.7000 us/op
WorkloadResult  37: 1 op, 21300.00 ns, 21.3000 us/op
WorkloadResult  38: 1 op, 20900.00 ns, 20.9000 us/op
WorkloadResult  39: 1 op, 19200.00 ns, 19.2000 us/op
WorkloadResult  40: 1 op, 25600.00 ns, 25.6000 us/op
WorkloadResult  41: 1 op, 24000.00 ns, 24.0000 us/op
WorkloadResult  42: 1 op, 21400.00 ns, 21.4000 us/op
WorkloadResult  43: 1 op, 19900.00 ns, 19.9000 us/op
WorkloadResult  44: 1 op, 23900.00 ns, 23.9000 us/op
WorkloadResult  45: 1 op, 24300.00 ns, 24.3000 us/op
WorkloadResult  46: 1 op, 22300.00 ns, 22.3000 us/op
WorkloadResult  47: 1 op, 21300.00 ns, 21.3000 us/op
WorkloadResult  48: 1 op, 20700.00 ns, 20.7000 us/op
WorkloadResult  49: 1 op, 19900.00 ns, 19.9000 us/op
WorkloadResult  50: 1 op, 24300.00 ns, 24.3000 us/op
WorkloadResult  51: 1 op, 23800.00 ns, 23.8000 us/op
WorkloadResult  52: 1 op, 20700.00 ns, 20.7000 us/op
WorkloadResult  53: 1 op, 19100.00 ns, 19.1000 us/op
WorkloadResult  54: 1 op, 20800.00 ns, 20.8000 us/op
WorkloadResult  55: 1 op, 19500.00 ns, 19.5000 us/op
WorkloadResult  56: 1 op, 18700.00 ns, 18.7000 us/op
WorkloadResult  57: 1 op, 18900.00 ns, 18.9000 us/op
WorkloadResult  58: 1 op, 21800.00 ns, 21.8000 us/op
WorkloadResult  59: 1 op, 18700.00 ns, 18.7000 us/op
WorkloadResult  60: 1 op, 19700.00 ns, 19.7000 us/op
WorkloadResult  61: 1 op, 20100.00 ns, 20.1000 us/op
WorkloadResult  62: 1 op, 20400.00 ns, 20.4000 us/op
WorkloadResult  63: 1 op, 20100.00 ns, 20.1000 us/op
WorkloadResult  64: 1 op, 19500.00 ns, 19.5000 us/op
WorkloadResult  65: 1 op, 19700.00 ns, 19.7000 us/op
WorkloadResult  66: 1 op, 20100.00 ns, 20.1000 us/op
WorkloadResult  67: 1 op, 19100.00 ns, 19.1000 us/op
WorkloadResult  68: 1 op, 18700.00 ns, 18.7000 us/op
WorkloadResult  69: 1 op, 18700.00 ns, 18.7000 us/op
WorkloadResult  70: 1 op, 20100.00 ns, 20.1000 us/op
WorkloadResult  71: 1 op, 19600.00 ns, 19.6000 us/op
WorkloadResult  72: 1 op, 18900.00 ns, 18.9000 us/op
WorkloadResult  73: 1 op, 24300.00 ns, 24.3000 us/op
WorkloadResult  74: 1 op, 21100.00 ns, 21.1000 us/op
WorkloadResult  75: 1 op, 18500.00 ns, 18.5000 us/op
WorkloadResult  76: 1 op, 18200.00 ns, 18.2000 us/op
WorkloadResult  77: 1 op, 19800.00 ns, 19.8000 us/op
WorkloadResult  78: 1 op, 19000.00 ns, 19.0000 us/op
WorkloadResult  79: 1 op, 22100.00 ns, 22.1000 us/op
WorkloadResult  80: 1 op, 22400.00 ns, 22.4000 us/op
WorkloadResult  81: 1 op, 19100.00 ns, 19.1000 us/op
WorkloadResult  82: 1 op, 18400.00 ns, 18.4000 us/op
WorkloadResult  83: 1 op, 18600.00 ns, 18.6000 us/op
WorkloadResult  84: 1 op, 19300.00 ns, 19.3000 us/op
WorkloadResult  85: 1 op, 18300.00 ns, 18.3000 us/op
WorkloadResult  86: 1 op, 17600.00 ns, 17.6000 us/op
WorkloadResult  87: 1 op, 18300.00 ns, 18.3000 us/op
WorkloadResult  88: 1 op, 22800.00 ns, 22.8000 us/op
WorkloadResult  89: 1 op, 22800.00 ns, 22.8000 us/op
WorkloadResult  90: 1 op, 23600.00 ns, 23.6000 us/op
WorkloadResult  91: 1 op, 21100.00 ns, 21.1000 us/op
WorkloadResult  92: 1 op, 22200.00 ns, 22.2000 us/op
WorkloadResult  93: 1 op, 23200.00 ns, 23.2000 us/op
WorkloadResult  94: 1 op, 20700.00 ns, 20.7000 us/op
WorkloadResult  95: 1 op, 21900.00 ns, 21.9000 us/op
WorkloadResult  96: 1 op, 26300.00 ns, 26.3000 us/op
WorkloadResult  97: 1 op, 21600.00 ns, 21.6000 us/op
WorkloadResult  98: 1 op, 21400.00 ns, 21.4000 us/op
WorkloadResult  99: 1 op, 21400.00 ns, 21.4000 us/op
// GC:  0 0 0 12528 1
// Threading:  0 0 1

// AfterAll
// Benchmark Process 33300 has exited with code 0.

Mean = 21.656 μs, StdErr = 0.240 μs (1.11%), N = 99, StdDev = 2.390 μs
Min = 17.600 μs, Q1 = 19.750 μs, Median = 21.400 μs, Q3 = 23.450 μs, Max = 28.600 μs
IQR = 3.700 μs, LowerFence = 14.200 μs, UpperFence = 29.000 μs
ConfidenceInterval = [20.841 μs; 22.470 μs] (CI 99.9%), Margin = 0.815 μs (3.76% of Mean)
Skewness = 0.58, Kurtosis = 2.71, MValue = 2

// ** Remained 6 (40,0%) benchmark(s) to run. Estimated finish 2026-09-11 16:11 (0h 0m from now) **
Setup power plan (GUID: 8c5e7fda-e8bf-4a96-9a85-a6e23a8c635c FriendlyName: High performance)
// **************************
// Benchmark: HierarchyBenchmarks.Descendants: Job-DRRRRQ(InvocationCount=1, UnrollFactor=1) [NodeCount=1000]
// *** Execute ***
// Launch: 1 / 1
// Execute: dotnet f708123d-25c8-4862-a51c-d2fd081c87d7.dll --anonymousPipes 1640 1720 --benchmarkName "HierarchyBenchmarks.Descendants(NodeCount: 1000)" --job "InvocationCount=1, UnrollFactor=1" --benchmarkId 9 in D:\HierarchyKit\benchmarks\HierarchyKit.Benchmarks\bin\Release\net10.0\f708123d-25c8-4862-a51c-d2fd081c87d7\bin\Release\net10.0
// BeforeAnythingElse

// Benchmark Process Environment Information:
// BenchmarkDotNet v0.14.0
// Runtime=.NET 10.0.12 (10.0.1226.42308), X64 RyuJIT AVX2
// GC=Non-concurrent Workstation
// HardwareIntrinsics=AVX2,AES,BMI1,BMI2,FMA,LZCNT,PCLMUL,POPCNT,AvxVnni,SERIALIZE VectorSize=256
// Job: Job-JYGMZT(InvocationCount=1, UnrollFactor=1)

OverheadJitting  1: 1 op, 192500.00 ns, 192.5000 us/op
WorkloadJitting  1: 1 op, 2596500.00 ns, 2.5965 ms/op

OverheadWarmup   1: 1 op, 100.00 ns, 100.0000 ns/op
OverheadWarmup   2: 1 op, 100.00 ns, 100.0000 ns/op
OverheadWarmup   3: 1 op, 200.00 ns, 200.0000 ns/op
OverheadWarmup   4: 1 op, 100.00 ns, 100.0000 ns/op
OverheadWarmup   5: 1 op, 200.00 ns, 200.0000 ns/op

OverheadActual   1: 1 op, 200.00 ns, 200.0000 ns/op
OverheadActual   2: 1 op, 100.00 ns, 100.0000 ns/op
OverheadActual   3: 1 op, 100.00 ns, 100.0000 ns/op
OverheadActual   4: 1 op, 100.00 ns, 100.0000 ns/op
OverheadActual   5: 1 op, 200.00 ns, 200.0000 ns/op
OverheadActual   6: 1 op, 200.00 ns, 200.0000 ns/op
OverheadActual   7: 1 op, 200.00 ns, 200.0000 ns/op
OverheadActual   8: 1 op, 200.00 ns, 200.0000 ns/op
OverheadActual   9: 1 op, 200.00 ns, 200.0000 ns/op
OverheadActual  10: 1 op, 100.00 ns, 100.0000 ns/op
OverheadActual  11: 1 op, 100.00 ns, 100.0000 ns/op
OverheadActual  12: 1 op, 100.00 ns, 100.0000 ns/op
OverheadActual  13: 1 op, 100.00 ns, 100.0000 ns/op
OverheadActual  14: 1 op, 100.00 ns, 100.0000 ns/op
OverheadActual  15: 1 op, 100.00 ns, 100.0000 ns/op
OverheadActual  16: 1 op, 100.00 ns, 100.0000 ns/op
OverheadActual  17: 1 op, 0.00 ns, 0.0000 ns/op
OverheadActual  18: 1 op, 100.00 ns, 100.0000 ns/op
OverheadActual  19: 1 op, 100.00 ns, 100.0000 ns/op
OverheadActual  20: 1 op, 100.00 ns, 100.0000 ns/op

WorkloadWarmup   1: 1 op, 114400.00 ns, 114.4000 us/op
WorkloadWarmup   2: 1 op, 103300.00 ns, 103.3000 us/op
WorkloadWarmup   3: 1 op, 104400.00 ns, 104.4000 us/op
WorkloadWarmup   4: 1 op, 100200.00 ns, 100.2000 us/op
WorkloadWarmup   5: 1 op, 95000.00 ns, 95.0000 us/op
WorkloadWarmup   6: 1 op, 101200.00 ns, 101.2000 us/op
WorkloadWarmup   7: 1 op, 104400.00 ns, 104.4000 us/op
WorkloadWarmup   8: 1 op, 126800.00 ns, 126.8000 us/op
WorkloadWarmup   9: 1 op, 127100.00 ns, 127.1000 us/op
WorkloadWarmup  10: 1 op, 134100.00 ns, 134.1000 us/op
WorkloadWarmup  11: 1 op, 131300.00 ns, 131.3000 us/op

// BeforeActualRun
WorkloadActual   1: 1 op, 141700.00 ns, 141.7000 us/op
WorkloadActual   2: 1 op, 130200.00 ns, 130.2000 us/op
WorkloadActual   3: 1 op, 128900.00 ns, 128.9000 us/op
WorkloadActual   4: 1 op, 128600.00 ns, 128.6000 us/op
WorkloadActual   5: 1 op, 120000.00 ns, 120.0000 us/op
WorkloadActual   6: 1 op, 112700.00 ns, 112.7000 us/op
WorkloadActual   7: 1 op, 111200.00 ns, 111.2000 us/op
WorkloadActual   8: 1 op, 112500.00 ns, 112.5000 us/op
WorkloadActual   9: 1 op, 113900.00 ns, 113.9000 us/op
WorkloadActual  10: 1 op, 111600.00 ns, 111.6000 us/op
WorkloadActual  11: 1 op, 115100.00 ns, 115.1000 us/op
WorkloadActual  12: 1 op, 119500.00 ns, 119.5000 us/op
WorkloadActual  13: 1 op, 111500.00 ns, 111.5000 us/op
WorkloadActual  14: 1 op, 116000.00 ns, 116.0000 us/op
WorkloadActual  15: 1 op, 123000.00 ns, 123.0000 us/op
WorkloadActual  16: 1 op, 118000.00 ns, 118.0000 us/op
WorkloadActual  17: 1 op, 114700.00 ns, 114.7000 us/op
WorkloadActual  18: 1 op, 112400.00 ns, 112.4000 us/op
WorkloadActual  19: 1 op, 114100.00 ns, 114.1000 us/op
WorkloadActual  20: 1 op, 112700.00 ns, 112.7000 us/op
WorkloadActual  21: 1 op, 108600.00 ns, 108.6000 us/op
WorkloadActual  22: 1 op, 103300.00 ns, 103.3000 us/op
WorkloadActual  23: 1 op, 102700.00 ns, 102.7000 us/op
WorkloadActual  24: 1 op, 101600.00 ns, 101.6000 us/op
WorkloadActual  25: 1 op, 104400.00 ns, 104.4000 us/op
WorkloadActual  26: 1 op, 104100.00 ns, 104.1000 us/op
WorkloadActual  27: 1 op, 102500.00 ns, 102.5000 us/op
WorkloadActual  28: 1 op, 102300.00 ns, 102.3000 us/op
WorkloadActual  29: 1 op, 102000.00 ns, 102.0000 us/op
WorkloadActual  30: 1 op, 102400.00 ns, 102.4000 us/op
WorkloadActual  31: 1 op, 101800.00 ns, 101.8000 us/op
WorkloadActual  32: 1 op, 101200.00 ns, 101.2000 us/op
WorkloadActual  33: 1 op, 105700.00 ns, 105.7000 us/op
WorkloadActual  34: 1 op, 102700.00 ns, 102.7000 us/op
WorkloadActual  35: 1 op, 102400.00 ns, 102.4000 us/op
WorkloadActual  36: 1 op, 101200.00 ns, 101.2000 us/op
WorkloadActual  37: 1 op, 104200.00 ns, 104.2000 us/op
WorkloadActual  38: 1 op, 107600.00 ns, 107.6000 us/op
WorkloadActual  39: 1 op, 102900.00 ns, 102.9000 us/op
WorkloadActual  40: 1 op, 103100.00 ns, 103.1000 us/op
WorkloadActual  41: 1 op, 101600.00 ns, 101.6000 us/op
WorkloadActual  42: 1 op, 101300.00 ns, 101.3000 us/op
WorkloadActual  43: 1 op, 101700.00 ns, 101.7000 us/op
WorkloadActual  44: 1 op, 103800.00 ns, 103.8000 us/op
WorkloadActual  45: 1 op, 102800.00 ns, 102.8000 us/op
WorkloadActual  46: 1 op, 111200.00 ns, 111.2000 us/op
WorkloadActual  47: 1 op, 105300.00 ns, 105.3000 us/op
WorkloadActual  48: 1 op, 105600.00 ns, 105.6000 us/op
WorkloadActual  49: 1 op, 102700.00 ns, 102.7000 us/op
WorkloadActual  50: 1 op, 102200.00 ns, 102.2000 us/op
WorkloadActual  51: 1 op, 102800.00 ns, 102.8000 us/op
WorkloadActual  52: 1 op, 108400.00 ns, 108.4000 us/op
WorkloadActual  53: 1 op, 103700.00 ns, 103.7000 us/op
WorkloadActual  54: 1 op, 100500.00 ns, 100.5000 us/op
WorkloadActual  55: 1 op, 98200.00 ns, 98.2000 us/op
WorkloadActual  56: 1 op, 96500.00 ns, 96.5000 us/op
WorkloadActual  57: 1 op, 97200.00 ns, 97.2000 us/op
WorkloadActual  58: 1 op, 96300.00 ns, 96.3000 us/op
WorkloadActual  59: 1 op, 99300.00 ns, 99.3000 us/op
WorkloadActual  60: 1 op, 99100.00 ns, 99.1000 us/op
WorkloadActual  61: 1 op, 98200.00 ns, 98.2000 us/op
WorkloadActual  62: 1 op, 99700.00 ns, 99.7000 us/op
WorkloadActual  63: 1 op, 98400.00 ns, 98.4000 us/op
WorkloadActual  64: 1 op, 105900.00 ns, 105.9000 us/op
WorkloadActual  65: 1 op, 99800.00 ns, 99.8000 us/op
WorkloadActual  66: 1 op, 105700.00 ns, 105.7000 us/op
WorkloadActual  67: 1 op, 100000.00 ns, 100.0000 us/op
WorkloadActual  68: 1 op, 99300.00 ns, 99.3000 us/op
WorkloadActual  69: 1 op, 111000.00 ns, 111.0000 us/op
WorkloadActual  70: 1 op, 100600.00 ns, 100.6000 us/op
WorkloadActual  71: 1 op, 100200.00 ns, 100.2000 us/op
WorkloadActual  72: 1 op, 98300.00 ns, 98.3000 us/op
WorkloadActual  73: 1 op, 103600.00 ns, 103.6000 us/op
WorkloadActual  74: 1 op, 99600.00 ns, 99.6000 us/op
WorkloadActual  75: 1 op, 99800.00 ns, 99.8000 us/op
WorkloadActual  76: 1 op, 100900.00 ns, 100.9000 us/op
WorkloadActual  77: 1 op, 98800.00 ns, 98.8000 us/op
WorkloadActual  78: 1 op, 99800.00 ns, 99.8000 us/op
WorkloadActual  79: 1 op, 100200.00 ns, 100.2000 us/op
WorkloadActual  80: 1 op, 98900.00 ns, 98.9000 us/op
WorkloadActual  81: 1 op, 99000.00 ns, 99.0000 us/op
WorkloadActual  82: 1 op, 97700.00 ns, 97.7000 us/op
WorkloadActual  83: 1 op, 99900.00 ns, 99.9000 us/op
WorkloadActual  84: 1 op, 97300.00 ns, 97.3000 us/op
WorkloadActual  85: 1 op, 98200.00 ns, 98.2000 us/op
WorkloadActual  86: 1 op, 101100.00 ns, 101.1000 us/op
WorkloadActual  87: 1 op, 109800.00 ns, 109.8000 us/op
WorkloadActual  88: 1 op, 102000.00 ns, 102.0000 us/op
WorkloadActual  89: 1 op, 98000.00 ns, 98.0000 us/op
WorkloadActual  90: 1 op, 194900.00 ns, 194.9000 us/op
WorkloadActual  91: 1 op, 101900.00 ns, 101.9000 us/op
WorkloadActual  92: 1 op, 100300.00 ns, 100.3000 us/op
WorkloadActual  93: 1 op, 99400.00 ns, 99.4000 us/op
WorkloadActual  94: 1 op, 104400.00 ns, 104.4000 us/op
WorkloadActual  95: 1 op, 99100.00 ns, 99.1000 us/op
WorkloadActual  96: 1 op, 98000.00 ns, 98.0000 us/op
WorkloadActual  97: 1 op, 240700.00 ns, 240.7000 us/op
WorkloadActual  98: 1 op, 103600.00 ns, 103.6000 us/op
WorkloadActual  99: 1 op, 100900.00 ns, 100.9000 us/op
WorkloadActual  100: 1 op, 113200.00 ns, 113.2000 us/op

// AfterActualRun
WorkloadResult   1: 1 op, 119900.00 ns, 119.9000 us/op
WorkloadResult   2: 1 op, 112600.00 ns, 112.6000 us/op
WorkloadResult   3: 1 op, 111100.00 ns, 111.1000 us/op
WorkloadResult   4: 1 op, 112400.00 ns, 112.4000 us/op
WorkloadResult   5: 1 op, 113800.00 ns, 113.8000 us/op
WorkloadResult   6: 1 op, 111500.00 ns, 111.5000 us/op
WorkloadResult   7: 1 op, 115000.00 ns, 115.0000 us/op
WorkloadResult   8: 1 op, 119400.00 ns, 119.4000 us/op
WorkloadResult   9: 1 op, 111400.00 ns, 111.4000 us/op
WorkloadResult  10: 1 op, 115900.00 ns, 115.9000 us/op
WorkloadResult  11: 1 op, 122900.00 ns, 122.9000 us/op
WorkloadResult  12: 1 op, 117900.00 ns, 117.9000 us/op
WorkloadResult  13: 1 op, 114600.00 ns, 114.6000 us/op
WorkloadResult  14: 1 op, 112300.00 ns, 112.3000 us/op
WorkloadResult  15: 1 op, 114000.00 ns, 114.0000 us/op
WorkloadResult  16: 1 op, 112600.00 ns, 112.6000 us/op
WorkloadResult  17: 1 op, 108500.00 ns, 108.5000 us/op
WorkloadResult  18: 1 op, 103200.00 ns, 103.2000 us/op
WorkloadResult  19: 1 op, 102600.00 ns, 102.6000 us/op
WorkloadResult  20: 1 op, 101500.00 ns, 101.5000 us/op
WorkloadResult  21: 1 op, 104300.00 ns, 104.3000 us/op
WorkloadResult  22: 1 op, 104000.00 ns, 104.0000 us/op
WorkloadResult  23: 1 op, 102400.00 ns, 102.4000 us/op
WorkloadResult  24: 1 op, 102200.00 ns, 102.2000 us/op
WorkloadResult  25: 1 op, 101900.00 ns, 101.9000 us/op
WorkloadResult  26: 1 op, 102300.00 ns, 102.3000 us/op
WorkloadResult  27: 1 op, 101700.00 ns, 101.7000 us/op
WorkloadResult  28: 1 op, 101100.00 ns, 101.1000 us/op
WorkloadResult  29: 1 op, 105600.00 ns, 105.6000 us/op
WorkloadResult  30: 1 op, 102600.00 ns, 102.6000 us/op
WorkloadResult  31: 1 op, 102300.00 ns, 102.3000 us/op
WorkloadResult  32: 1 op, 101100.00 ns, 101.1000 us/op
WorkloadResult  33: 1 op, 104100.00 ns, 104.1000 us/op
WorkloadResult  34: 1 op, 107500.00 ns, 107.5000 us/op
WorkloadResult  35: 1 op, 102800.00 ns, 102.8000 us/op
WorkloadResult  36: 1 op, 103000.00 ns, 103.0000 us/op
WorkloadResult  37: 1 op, 101500.00 ns, 101.5000 us/op
WorkloadResult  38: 1 op, 101200.00 ns, 101.2000 us/op
WorkloadResult  39: 1 op, 101600.00 ns, 101.6000 us/op
WorkloadResult  40: 1 op, 103700.00 ns, 103.7000 us/op
WorkloadResult  41: 1 op, 102700.00 ns, 102.7000 us/op
WorkloadResult  42: 1 op, 111100.00 ns, 111.1000 us/op
WorkloadResult  43: 1 op, 105200.00 ns, 105.2000 us/op
WorkloadResult  44: 1 op, 105500.00 ns, 105.5000 us/op
WorkloadResult  45: 1 op, 102600.00 ns, 102.6000 us/op
WorkloadResult  46: 1 op, 102100.00 ns, 102.1000 us/op
WorkloadResult  47: 1 op, 102700.00 ns, 102.7000 us/op
WorkloadResult  48: 1 op, 108300.00 ns, 108.3000 us/op
WorkloadResult  49: 1 op, 103600.00 ns, 103.6000 us/op
WorkloadResult  50: 1 op, 100400.00 ns, 100.4000 us/op
WorkloadResult  51: 1 op, 98100.00 ns, 98.1000 us/op
WorkloadResult  52: 1 op, 96400.00 ns, 96.4000 us/op
WorkloadResult  53: 1 op, 97100.00 ns, 97.1000 us/op
WorkloadResult  54: 1 op, 96200.00 ns, 96.2000 us/op
WorkloadResult  55: 1 op, 99200.00 ns, 99.2000 us/op
WorkloadResult  56: 1 op, 99000.00 ns, 99.0000 us/op
WorkloadResult  57: 1 op, 98100.00 ns, 98.1000 us/op
WorkloadResult  58: 1 op, 99600.00 ns, 99.6000 us/op
WorkloadResult  59: 1 op, 98300.00 ns, 98.3000 us/op
WorkloadResult  60: 1 op, 105800.00 ns, 105.8000 us/op
WorkloadResult  61: 1 op, 99700.00 ns, 99.7000 us/op
WorkloadResult  62: 1 op, 105600.00 ns, 105.6000 us/op
WorkloadResult  63: 1 op, 99900.00 ns, 99.9000 us/op
WorkloadResult  64: 1 op, 99200.00 ns, 99.2000 us/op
WorkloadResult  65: 1 op, 110900.00 ns, 110.9000 us/op
WorkloadResult  66: 1 op, 100500.00 ns, 100.5000 us/op
WorkloadResult  67: 1 op, 100100.00 ns, 100.1000 us/op
WorkloadResult  68: 1 op, 98200.00 ns, 98.2000 us/op
WorkloadResult  69: 1 op, 103500.00 ns, 103.5000 us/op
WorkloadResult  70: 1 op, 99500.00 ns, 99.5000 us/op
WorkloadResult  71: 1 op, 99700.00 ns, 99.7000 us/op
WorkloadResult  72: 1 op, 100800.00 ns, 100.8000 us/op
WorkloadResult  73: 1 op, 98700.00 ns, 98.7000 us/op
WorkloadResult  74: 1 op, 99700.00 ns, 99.7000 us/op
WorkloadResult  75: 1 op, 100100.00 ns, 100.1000 us/op
WorkloadResult  76: 1 op, 98800.00 ns, 98.8000 us/op
WorkloadResult  77: 1 op, 98900.00 ns, 98.9000 us/op
WorkloadResult  78: 1 op, 97600.00 ns, 97.6000 us/op
WorkloadResult  79: 1 op, 99800.00 ns, 99.8000 us/op
WorkloadResult  80: 1 op, 97200.00 ns, 97.2000 us/op
WorkloadResult  81: 1 op, 98100.00 ns, 98.1000 us/op
WorkloadResult  82: 1 op, 101000.00 ns, 101.0000 us/op
WorkloadResult  83: 1 op, 109700.00 ns, 109.7000 us/op
WorkloadResult  84: 1 op, 101900.00 ns, 101.9000 us/op
WorkloadResult  85: 1 op, 97900.00 ns, 97.9000 us/op
WorkloadResult  86: 1 op, 101800.00 ns, 101.8000 us/op
WorkloadResult  87: 1 op, 100200.00 ns, 100.2000 us/op
WorkloadResult  88: 1 op, 99300.00 ns, 99.3000 us/op
WorkloadResult  89: 1 op, 104300.00 ns, 104.3000 us/op
WorkloadResult  90: 1 op, 99000.00 ns, 99.0000 us/op
WorkloadResult  91: 1 op, 97900.00 ns, 97.9000 us/op
WorkloadResult  92: 1 op, 103500.00 ns, 103.5000 us/op
WorkloadResult  93: 1 op, 100800.00 ns, 100.8000 us/op
WorkloadResult  94: 1 op, 113100.00 ns, 113.1000 us/op
// GC:  0 0 0 25592 1
// Threading:  0 0 1

// AfterAll
// Benchmark Process 12208 has exited with code 0.

Mean = 104.031 μs, StdErr = 0.619 μs (0.60%), N = 94, StdDev = 6.005 μs
Min = 96.200 μs, Q1 = 99.700 μs, Median = 102.250 μs, Q3 = 105.750 μs, Max = 122.900 μs
IQR = 6.050 μs, LowerFence = 90.625 μs, UpperFence = 114.825 μs
ConfidenceInterval = [101.926 μs; 106.136 μs] (CI 99.9%), Margin = 2.105 μs (2.02% of Mean)
Skewness = 1.13, Kurtosis = 3.46, MValue = 2.41

// ** Remained 5 (33,3%) benchmark(s) to run. Estimated finish 2026-09-11 16:11 (0h 0m from now) **
Setup power plan (GUID: 8c5e7fda-e8bf-4a96-9a85-a6e23a8c635c FriendlyName: High performance)
// **************************
// Benchmark: HierarchyBenchmarks.Add: Job-DRRRRQ(InvocationCount=1, UnrollFactor=1) [NodeCount=5000]
// *** Execute ***
// Launch: 1 / 1
// Execute: dotnet f708123d-25c8-4862-a51c-d2fd081c87d7.dll --anonymousPipes 1652 1920 --benchmarkName "HierarchyBenchmarks.Add(NodeCount: 5000)" --job "InvocationCount=1, UnrollFactor=1" --benchmarkId 10 in D:\HierarchyKit\benchmarks\HierarchyKit.Benchmarks\bin\Release\net10.0\f708123d-25c8-4862-a51c-d2fd081c87d7\bin\Release\net10.0
// BeforeAnythingElse

// Benchmark Process Environment Information:
// BenchmarkDotNet v0.14.0
// Runtime=.NET 10.0.12 (10.0.1226.42308), X64 RyuJIT AVX2
// GC=Non-concurrent Workstation
// HardwareIntrinsics=AVX2,AES,BMI1,BMI2,FMA,LZCNT,PCLMUL,POPCNT,AvxVnni,SERIALIZE VectorSize=256
// Job: Job-JAJNLQ(InvocationCount=1, UnrollFactor=1)

OverheadJitting  1: 1 op, 173300.00 ns, 173.3000 us/op
WorkloadJitting  1: 1 op, 309300.00 ns, 309.3000 us/op

OverheadWarmup   1: 1 op, 400.00 ns, 400.0000 ns/op
OverheadWarmup   2: 1 op, 100.00 ns, 100.0000 ns/op
OverheadWarmup   3: 1 op, 100.00 ns, 100.0000 ns/op
OverheadWarmup   4: 1 op, 100.00 ns, 100.0000 ns/op
OverheadWarmup   5: 1 op, 200.00 ns, 200.0000 ns/op
OverheadWarmup   6: 1 op, 100.00 ns, 100.0000 ns/op

OverheadActual   1: 1 op, 200.00 ns, 200.0000 ns/op
OverheadActual   2: 1 op, 200.00 ns, 200.0000 ns/op
OverheadActual   3: 1 op, 200.00 ns, 200.0000 ns/op
OverheadActual   4: 1 op, 200.00 ns, 200.0000 ns/op
OverheadActual   5: 1 op, 100.00 ns, 100.0000 ns/op
OverheadActual   6: 1 op, 200.00 ns, 200.0000 ns/op
OverheadActual   7: 1 op, 100.00 ns, 100.0000 ns/op
OverheadActual   8: 1 op, 200.00 ns, 200.0000 ns/op
OverheadActual   9: 1 op, 100.00 ns, 100.0000 ns/op
OverheadActual  10: 1 op, 200.00 ns, 200.0000 ns/op
OverheadActual  11: 1 op, 100.00 ns, 100.0000 ns/op
OverheadActual  12: 1 op, 200.00 ns, 200.0000 ns/op
OverheadActual  13: 1 op, 100.00 ns, 100.0000 ns/op
OverheadActual  14: 1 op, 100.00 ns, 100.0000 ns/op
OverheadActual  15: 1 op, 0.00 ns, 0.0000 ns/op
OverheadActual  16: 1 op, 100.00 ns, 100.0000 ns/op
OverheadActual  17: 1 op, 100.00 ns, 100.0000 ns/op
OverheadActual  18: 1 op, 200.00 ns, 200.0000 ns/op
OverheadActual  19: 1 op, 100.00 ns, 100.0000 ns/op
OverheadActual  20: 1 op, 100.00 ns, 100.0000 ns/op

WorkloadWarmup   1: 1 op, 9900.00 ns, 9.9000 us/op
WorkloadWarmup   2: 1 op, 18300.00 ns, 18.3000 us/op
WorkloadWarmup   3: 1 op, 10500.00 ns, 10.5000 us/op
WorkloadWarmup   4: 1 op, 10700.00 ns, 10.7000 us/op
WorkloadWarmup   5: 1 op, 9600.00 ns, 9.6000 us/op
WorkloadWarmup   6: 1 op, 9900.00 ns, 9.9000 us/op

// BeforeActualRun
WorkloadActual   1: 1 op, 9800.00 ns, 9.8000 us/op
WorkloadActual   2: 1 op, 10200.00 ns, 10.2000 us/op
WorkloadActual   3: 1 op, 10300.00 ns, 10.3000 us/op
WorkloadActual   4: 1 op, 10400.00 ns, 10.4000 us/op
WorkloadActual   5: 1 op, 10700.00 ns, 10.7000 us/op
WorkloadActual   6: 1 op, 10900.00 ns, 10.9000 us/op
WorkloadActual   7: 1 op, 10600.00 ns, 10.6000 us/op
WorkloadActual   8: 1 op, 11000.00 ns, 11.0000 us/op
WorkloadActual   9: 1 op, 13600.00 ns, 13.6000 us/op
WorkloadActual  10: 1 op, 11200.00 ns, 11.2000 us/op
WorkloadActual  11: 1 op, 17900.00 ns, 17.9000 us/op
WorkloadActual  12: 1 op, 11800.00 ns, 11.8000 us/op
WorkloadActual  13: 1 op, 11200.00 ns, 11.2000 us/op
WorkloadActual  14: 1 op, 14000.00 ns, 14.0000 us/op
WorkloadActual  15: 1 op, 11000.00 ns, 11.0000 us/op
WorkloadActual  16: 1 op, 10900.00 ns, 10.9000 us/op
WorkloadActual  17: 1 op, 10600.00 ns, 10.6000 us/op
WorkloadActual  18: 1 op, 10500.00 ns, 10.5000 us/op
WorkloadActual  19: 1 op, 10700.00 ns, 10.7000 us/op
WorkloadActual  20: 1 op, 14300.00 ns, 14.3000 us/op
WorkloadActual  21: 1 op, 11100.00 ns, 11.1000 us/op
WorkloadActual  22: 1 op, 17100.00 ns, 17.1000 us/op
WorkloadActual  23: 1 op, 14400.00 ns, 14.4000 us/op
WorkloadActual  24: 1 op, 12800.00 ns, 12.8000 us/op
WorkloadActual  25: 1 op, 10700.00 ns, 10.7000 us/op
WorkloadActual  26: 1 op, 11000.00 ns, 11.0000 us/op
WorkloadActual  27: 1 op, 10600.00 ns, 10.6000 us/op
WorkloadActual  28: 1 op, 11600.00 ns, 11.6000 us/op
WorkloadActual  29: 1 op, 10600.00 ns, 10.6000 us/op
WorkloadActual  30: 1 op, 13600.00 ns, 13.6000 us/op
WorkloadActual  31: 1 op, 10500.00 ns, 10.5000 us/op
WorkloadActual  32: 1 op, 11800.00 ns, 11.8000 us/op
WorkloadActual  33: 1 op, 12500.00 ns, 12.5000 us/op
WorkloadActual  34: 1 op, 10400.00 ns, 10.4000 us/op
WorkloadActual  35: 1 op, 11100.00 ns, 11.1000 us/op
WorkloadActual  36: 1 op, 11900.00 ns, 11.9000 us/op
WorkloadActual  37: 1 op, 17200.00 ns, 17.2000 us/op
WorkloadActual  38: 1 op, 11600.00 ns, 11.6000 us/op
WorkloadActual  39: 1 op, 12500.00 ns, 12.5000 us/op
WorkloadActual  40: 1 op, 11900.00 ns, 11.9000 us/op
WorkloadActual  41: 1 op, 12000.00 ns, 12.0000 us/op
WorkloadActual  42: 1 op, 11900.00 ns, 11.9000 us/op
WorkloadActual  43: 1 op, 11500.00 ns, 11.5000 us/op
WorkloadActual  44: 1 op, 11400.00 ns, 11.4000 us/op
WorkloadActual  45: 1 op, 10600.00 ns, 10.6000 us/op
WorkloadActual  46: 1 op, 11100.00 ns, 11.1000 us/op
WorkloadActual  47: 1 op, 11600.00 ns, 11.6000 us/op
WorkloadActual  48: 1 op, 12900.00 ns, 12.9000 us/op
WorkloadActual  49: 1 op, 10500.00 ns, 10.5000 us/op
WorkloadActual  50: 1 op, 11900.00 ns, 11.9000 us/op
WorkloadActual  51: 1 op, 10700.00 ns, 10.7000 us/op
WorkloadActual  52: 1 op, 10600.00 ns, 10.6000 us/op
WorkloadActual  53: 1 op, 11700.00 ns, 11.7000 us/op
WorkloadActual  54: 1 op, 13100.00 ns, 13.1000 us/op
WorkloadActual  55: 1 op, 10700.00 ns, 10.7000 us/op
WorkloadActual  56: 1 op, 12000.00 ns, 12.0000 us/op
WorkloadActual  57: 1 op, 10700.00 ns, 10.7000 us/op
WorkloadActual  58: 1 op, 13600.00 ns, 13.6000 us/op
WorkloadActual  59: 1 op, 10600.00 ns, 10.6000 us/op
WorkloadActual  60: 1 op, 11200.00 ns, 11.2000 us/op
WorkloadActual  61: 1 op, 10200.00 ns, 10.2000 us/op
WorkloadActual  62: 1 op, 10800.00 ns, 10.8000 us/op
WorkloadActual  63: 1 op, 11400.00 ns, 11.4000 us/op
WorkloadActual  64: 1 op, 123200.00 ns, 123.2000 us/op
WorkloadActual  65: 1 op, 11100.00 ns, 11.1000 us/op
WorkloadActual  66: 1 op, 10800.00 ns, 10.8000 us/op
WorkloadActual  67: 1 op, 12200.00 ns, 12.2000 us/op
WorkloadActual  68: 1 op, 19800.00 ns, 19.8000 us/op
WorkloadActual  69: 1 op, 10900.00 ns, 10.9000 us/op
WorkloadActual  70: 1 op, 13100.00 ns, 13.1000 us/op
WorkloadActual  71: 1 op, 10500.00 ns, 10.5000 us/op
WorkloadActual  72: 1 op, 11200.00 ns, 11.2000 us/op
WorkloadActual  73: 1 op, 17600.00 ns, 17.6000 us/op
WorkloadActual  74: 1 op, 12700.00 ns, 12.7000 us/op
WorkloadActual  75: 1 op, 14900.00 ns, 14.9000 us/op
WorkloadActual  76: 1 op, 12800.00 ns, 12.8000 us/op
WorkloadActual  77: 1 op, 10000.00 ns, 10.0000 us/op
WorkloadActual  78: 1 op, 11800.00 ns, 11.8000 us/op
WorkloadActual  79: 1 op, 10800.00 ns, 10.8000 us/op
WorkloadActual  80: 1 op, 13400.00 ns, 13.4000 us/op
WorkloadActual  81: 1 op, 11700.00 ns, 11.7000 us/op
WorkloadActual  82: 1 op, 10900.00 ns, 10.9000 us/op
WorkloadActual  83: 1 op, 10600.00 ns, 10.6000 us/op
WorkloadActual  84: 1 op, 11700.00 ns, 11.7000 us/op
WorkloadActual  85: 1 op, 11900.00 ns, 11.9000 us/op
WorkloadActual  86: 1 op, 11300.00 ns, 11.3000 us/op
WorkloadActual  87: 1 op, 10600.00 ns, 10.6000 us/op
WorkloadActual  88: 1 op, 19300.00 ns, 19.3000 us/op
WorkloadActual  89: 1 op, 18700.00 ns, 18.7000 us/op
WorkloadActual  90: 1 op, 25900.00 ns, 25.9000 us/op
WorkloadActual  91: 1 op, 18800.00 ns, 18.8000 us/op
WorkloadActual  92: 1 op, 21400.00 ns, 21.4000 us/op
WorkloadActual  93: 1 op, 25200.00 ns, 25.2000 us/op
WorkloadActual  94: 1 op, 20500.00 ns, 20.5000 us/op
WorkloadActual  95: 1 op, 19900.00 ns, 19.9000 us/op
WorkloadActual  96: 1 op, 22800.00 ns, 22.8000 us/op
WorkloadActual  97: 1 op, 18500.00 ns, 18.5000 us/op
WorkloadActual  98: 1 op, 25000.00 ns, 25.0000 us/op
WorkloadActual  99: 1 op, 23700.00 ns, 23.7000 us/op
WorkloadActual  100: 1 op, 23100.00 ns, 23.1000 us/op

// AfterActualRun
WorkloadResult   1: 1 op, 9700.00 ns, 9.7000 us/op
WorkloadResult   2: 1 op, 10100.00 ns, 10.1000 us/op
WorkloadResult   3: 1 op, 10200.00 ns, 10.2000 us/op
WorkloadResult   4: 1 op, 10300.00 ns, 10.3000 us/op
WorkloadResult   5: 1 op, 10600.00 ns, 10.6000 us/op
WorkloadResult   6: 1 op, 10800.00 ns, 10.8000 us/op
WorkloadResult   7: 1 op, 10500.00 ns, 10.5000 us/op
WorkloadResult   8: 1 op, 10900.00 ns, 10.9000 us/op
WorkloadResult   9: 1 op, 13500.00 ns, 13.5000 us/op
WorkloadResult  10: 1 op, 11100.00 ns, 11.1000 us/op
WorkloadResult  11: 1 op, 17800.00 ns, 17.8000 us/op
WorkloadResult  12: 1 op, 11700.00 ns, 11.7000 us/op
WorkloadResult  13: 1 op, 11100.00 ns, 11.1000 us/op
WorkloadResult  14: 1 op, 13900.00 ns, 13.9000 us/op
WorkloadResult  15: 1 op, 10900.00 ns, 10.9000 us/op
WorkloadResult  16: 1 op, 10800.00 ns, 10.8000 us/op
WorkloadResult  17: 1 op, 10500.00 ns, 10.5000 us/op
WorkloadResult  18: 1 op, 10400.00 ns, 10.4000 us/op
WorkloadResult  19: 1 op, 10600.00 ns, 10.6000 us/op
WorkloadResult  20: 1 op, 14200.00 ns, 14.2000 us/op
WorkloadResult  21: 1 op, 11000.00 ns, 11.0000 us/op
WorkloadResult  22: 1 op, 17000.00 ns, 17.0000 us/op
WorkloadResult  23: 1 op, 14300.00 ns, 14.3000 us/op
WorkloadResult  24: 1 op, 12700.00 ns, 12.7000 us/op
WorkloadResult  25: 1 op, 10600.00 ns, 10.6000 us/op
WorkloadResult  26: 1 op, 10900.00 ns, 10.9000 us/op
WorkloadResult  27: 1 op, 10500.00 ns, 10.5000 us/op
WorkloadResult  28: 1 op, 11500.00 ns, 11.5000 us/op
WorkloadResult  29: 1 op, 10500.00 ns, 10.5000 us/op
WorkloadResult  30: 1 op, 13500.00 ns, 13.5000 us/op
WorkloadResult  31: 1 op, 10400.00 ns, 10.4000 us/op
WorkloadResult  32: 1 op, 11700.00 ns, 11.7000 us/op
WorkloadResult  33: 1 op, 12400.00 ns, 12.4000 us/op
WorkloadResult  34: 1 op, 10300.00 ns, 10.3000 us/op
WorkloadResult  35: 1 op, 11000.00 ns, 11.0000 us/op
WorkloadResult  36: 1 op, 11800.00 ns, 11.8000 us/op
WorkloadResult  37: 1 op, 17100.00 ns, 17.1000 us/op
WorkloadResult  38: 1 op, 11500.00 ns, 11.5000 us/op
WorkloadResult  39: 1 op, 12400.00 ns, 12.4000 us/op
WorkloadResult  40: 1 op, 11800.00 ns, 11.8000 us/op
WorkloadResult  41: 1 op, 11900.00 ns, 11.9000 us/op
WorkloadResult  42: 1 op, 11800.00 ns, 11.8000 us/op
WorkloadResult  43: 1 op, 11400.00 ns, 11.4000 us/op
WorkloadResult  44: 1 op, 11300.00 ns, 11.3000 us/op
WorkloadResult  45: 1 op, 10500.00 ns, 10.5000 us/op
WorkloadResult  46: 1 op, 11000.00 ns, 11.0000 us/op
WorkloadResult  47: 1 op, 11500.00 ns, 11.5000 us/op
WorkloadResult  48: 1 op, 12800.00 ns, 12.8000 us/op
WorkloadResult  49: 1 op, 10400.00 ns, 10.4000 us/op
WorkloadResult  50: 1 op, 11800.00 ns, 11.8000 us/op
WorkloadResult  51: 1 op, 10600.00 ns, 10.6000 us/op
WorkloadResult  52: 1 op, 10500.00 ns, 10.5000 us/op
WorkloadResult  53: 1 op, 11600.00 ns, 11.6000 us/op
WorkloadResult  54: 1 op, 13000.00 ns, 13.0000 us/op
WorkloadResult  55: 1 op, 10600.00 ns, 10.6000 us/op
WorkloadResult  56: 1 op, 11900.00 ns, 11.9000 us/op
WorkloadResult  57: 1 op, 10600.00 ns, 10.6000 us/op
WorkloadResult  58: 1 op, 13500.00 ns, 13.5000 us/op
WorkloadResult  59: 1 op, 10500.00 ns, 10.5000 us/op
WorkloadResult  60: 1 op, 11100.00 ns, 11.1000 us/op
WorkloadResult  61: 1 op, 10100.00 ns, 10.1000 us/op
WorkloadResult  62: 1 op, 10700.00 ns, 10.7000 us/op
WorkloadResult  63: 1 op, 11300.00 ns, 11.3000 us/op
WorkloadResult  64: 1 op, 11000.00 ns, 11.0000 us/op
WorkloadResult  65: 1 op, 10700.00 ns, 10.7000 us/op
WorkloadResult  66: 1 op, 12100.00 ns, 12.1000 us/op
WorkloadResult  67: 1 op, 10800.00 ns, 10.8000 us/op
WorkloadResult  68: 1 op, 13000.00 ns, 13.0000 us/op
WorkloadResult  69: 1 op, 10400.00 ns, 10.4000 us/op
WorkloadResult  70: 1 op, 11100.00 ns, 11.1000 us/op
WorkloadResult  71: 1 op, 17500.00 ns, 17.5000 us/op
WorkloadResult  72: 1 op, 12600.00 ns, 12.6000 us/op
WorkloadResult  73: 1 op, 14800.00 ns, 14.8000 us/op
WorkloadResult  74: 1 op, 12700.00 ns, 12.7000 us/op
WorkloadResult  75: 1 op, 9900.00 ns, 9.9000 us/op
WorkloadResult  76: 1 op, 11700.00 ns, 11.7000 us/op
WorkloadResult  77: 1 op, 10700.00 ns, 10.7000 us/op
WorkloadResult  78: 1 op, 13300.00 ns, 13.3000 us/op
WorkloadResult  79: 1 op, 11600.00 ns, 11.6000 us/op
WorkloadResult  80: 1 op, 10800.00 ns, 10.8000 us/op
WorkloadResult  81: 1 op, 10500.00 ns, 10.5000 us/op
WorkloadResult  82: 1 op, 11600.00 ns, 11.6000 us/op
WorkloadResult  83: 1 op, 11800.00 ns, 11.8000 us/op
WorkloadResult  84: 1 op, 11200.00 ns, 11.2000 us/op
WorkloadResult  85: 1 op, 10500.00 ns, 10.5000 us/op
// GC:  0 0 0 137400 1
// Threading:  0 0 1

// AfterAll
// Benchmark Process 31112 has exited with code 0.

Mean = 11.685 μs, StdErr = 0.181 μs (1.55%), N = 85, StdDev = 1.670 μs
Min = 9.700 μs, Q1 = 10.600 μs, Median = 11.100 μs, Q3 = 11.900 μs, Max = 17.800 μs
IQR = 1.300 μs, LowerFence = 8.650 μs, UpperFence = 13.850 μs
ConfidenceInterval = [11.067 μs; 12.303 μs] (CI 99.9%), Margin = 0.618 μs (5.29% of Mean)
Skewness = 1.94, Kurtosis = 6.88, MValue = 2.76

// ** Remained 4 (26,7%) benchmark(s) to run. Estimated finish 2026-09-11 16:11 (0h 0m from now) **
Setup power plan (GUID: 8c5e7fda-e8bf-4a96-9a85-a6e23a8c635c FriendlyName: High performance)
// **************************
// Benchmark: HierarchyBenchmarks.Move: Job-DRRRRQ(InvocationCount=1, UnrollFactor=1) [NodeCount=5000]
// *** Execute ***
// Launch: 1 / 1
// Execute: dotnet f708123d-25c8-4862-a51c-d2fd081c87d7.dll --anonymousPipes 2280 1440 --benchmarkName "HierarchyBenchmarks.Move(NodeCount: 5000)" --job "InvocationCount=1, UnrollFactor=1" --benchmarkId 11 in D:\HierarchyKit\benchmarks\HierarchyKit.Benchmarks\bin\Release\net10.0\f708123d-25c8-4862-a51c-d2fd081c87d7\bin\Release\net10.0
// BeforeAnythingElse

// Benchmark Process Environment Information:
// BenchmarkDotNet v0.14.0
// Runtime=.NET 10.0.12 (10.0.1226.42308), X64 RyuJIT AVX2
// GC=Non-concurrent Workstation
// HardwareIntrinsics=AVX2,AES,BMI1,BMI2,FMA,LZCNT,PCLMUL,POPCNT,AvxVnni,SERIALIZE VectorSize=256
// Job: Job-DEGWSU(InvocationCount=1, UnrollFactor=1)

OverheadJitting  1: 1 op, 176200.00 ns, 176.2000 us/op
WorkloadJitting  1: 1 op, 852400.00 ns, 852.4000 us/op

OverheadWarmup   1: 1 op, 200.00 ns, 200.0000 ns/op
OverheadWarmup   2: 1 op, 100.00 ns, 100.0000 ns/op
OverheadWarmup   3: 1 op, 100.00 ns, 100.0000 ns/op
OverheadWarmup   4: 1 op, 200.00 ns, 200.0000 ns/op
OverheadWarmup   5: 1 op, 200.00 ns, 200.0000 ns/op
OverheadWarmup   6: 1 op, 100.00 ns, 100.0000 ns/op

OverheadActual   1: 1 op, 200.00 ns, 200.0000 ns/op
OverheadActual   2: 1 op, 200.00 ns, 200.0000 ns/op
OverheadActual   3: 1 op, 200.00 ns, 200.0000 ns/op
OverheadActual   4: 1 op, 100.00 ns, 100.0000 ns/op
OverheadActual   5: 1 op, 100.00 ns, 100.0000 ns/op
OverheadActual   6: 1 op, 100.00 ns, 100.0000 ns/op
OverheadActual   7: 1 op, 100.00 ns, 100.0000 ns/op
OverheadActual   8: 1 op, 0.00 ns, 0.0000 ns/op
OverheadActual   9: 1 op, 100.00 ns, 100.0000 ns/op
OverheadActual  10: 1 op, 100.00 ns, 100.0000 ns/op
OverheadActual  11: 1 op, 100.00 ns, 100.0000 ns/op
OverheadActual  12: 1 op, 100.00 ns, 100.0000 ns/op
OverheadActual  13: 1 op, 100.00 ns, 100.0000 ns/op
OverheadActual  14: 1 op, 100.00 ns, 100.0000 ns/op
OverheadActual  15: 1 op, 0.00 ns, 0.0000 ns/op
OverheadActual  16: 1 op, 100.00 ns, 100.0000 ns/op
OverheadActual  17: 1 op, 100.00 ns, 100.0000 ns/op
OverheadActual  18: 1 op, 200.00 ns, 200.0000 ns/op
OverheadActual  19: 1 op, 200.00 ns, 200.0000 ns/op
OverheadActual  20: 1 op, 100.00 ns, 100.0000 ns/op

WorkloadWarmup   1: 1 op, 80000.00 ns, 80.0000 us/op
WorkloadWarmup   2: 1 op, 401000.00 ns, 401.0000 us/op
WorkloadWarmup   3: 1 op, 37800.00 ns, 37.8000 us/op
WorkloadWarmup   4: 1 op, 55200.00 ns, 55.2000 us/op
WorkloadWarmup   5: 1 op, 39200.00 ns, 39.2000 us/op
WorkloadWarmup   6: 1 op, 58900.00 ns, 58.9000 us/op

// BeforeActualRun
WorkloadActual   1: 1 op, 34500.00 ns, 34.5000 us/op
WorkloadActual   2: 1 op, 33900.00 ns, 33.9000 us/op
WorkloadActual   3: 1 op, 35600.00 ns, 35.6000 us/op
WorkloadActual   4: 1 op, 35700.00 ns, 35.7000 us/op
WorkloadActual   5: 1 op, 37000.00 ns, 37.0000 us/op
WorkloadActual   6: 1 op, 34000.00 ns, 34.0000 us/op
WorkloadActual   7: 1 op, 38700.00 ns, 38.7000 us/op
WorkloadActual   8: 1 op, 34400.00 ns, 34.4000 us/op
WorkloadActual   9: 1 op, 35000.00 ns, 35.0000 us/op
WorkloadActual  10: 1 op, 32200.00 ns, 32.2000 us/op
WorkloadActual  11: 1 op, 34400.00 ns, 34.4000 us/op
WorkloadActual  12: 1 op, 33000.00 ns, 33.0000 us/op
WorkloadActual  13: 1 op, 32100.00 ns, 32.1000 us/op
WorkloadActual  14: 1 op, 35500.00 ns, 35.5000 us/op
WorkloadActual  15: 1 op, 31500.00 ns, 31.5000 us/op
WorkloadActual  16: 1 op, 30100.00 ns, 30.1000 us/op
WorkloadActual  17: 1 op, 32300.00 ns, 32.3000 us/op
WorkloadActual  18: 1 op, 50400.00 ns, 50.4000 us/op
WorkloadActual  19: 1 op, 33400.00 ns, 33.4000 us/op
WorkloadActual  20: 1 op, 36300.00 ns, 36.3000 us/op
WorkloadActual  21: 1 op, 32700.00 ns, 32.7000 us/op
WorkloadActual  22: 1 op, 39400.00 ns, 39.4000 us/op
WorkloadActual  23: 1 op, 31800.00 ns, 31.8000 us/op
WorkloadActual  24: 1 op, 32600.00 ns, 32.6000 us/op
WorkloadActual  25: 1 op, 43400.00 ns, 43.4000 us/op
WorkloadActual  26: 1 op, 31600.00 ns, 31.6000 us/op
WorkloadActual  27: 1 op, 44700.00 ns, 44.7000 us/op
WorkloadActual  28: 1 op, 31200.00 ns, 31.2000 us/op
WorkloadActual  29: 1 op, 33200.00 ns, 33.2000 us/op
WorkloadActual  30: 1 op, 36500.00 ns, 36.5000 us/op
WorkloadActual  31: 1 op, 31800.00 ns, 31.8000 us/op
WorkloadActual  32: 1 op, 33100.00 ns, 33.1000 us/op
WorkloadActual  33: 1 op, 30800.00 ns, 30.8000 us/op
WorkloadActual  34: 1 op, 34000.00 ns, 34.0000 us/op
WorkloadActual  35: 1 op, 31500.00 ns, 31.5000 us/op
WorkloadActual  36: 1 op, 31800.00 ns, 31.8000 us/op
WorkloadActual  37: 1 op, 31300.00 ns, 31.3000 us/op
WorkloadActual  38: 1 op, 32100.00 ns, 32.1000 us/op
WorkloadActual  39: 1 op, 32400.00 ns, 32.4000 us/op
WorkloadActual  40: 1 op, 36700.00 ns, 36.7000 us/op
WorkloadActual  41: 1 op, 32000.00 ns, 32.0000 us/op
WorkloadActual  42: 1 op, 32800.00 ns, 32.8000 us/op
WorkloadActual  43: 1 op, 37800.00 ns, 37.8000 us/op
WorkloadActual  44: 1 op, 153700.00 ns, 153.7000 us/op
WorkloadActual  45: 1 op, 31600.00 ns, 31.6000 us/op
WorkloadActual  46: 1 op, 31900.00 ns, 31.9000 us/op
WorkloadActual  47: 1 op, 33100.00 ns, 33.1000 us/op
WorkloadActual  48: 1 op, 32200.00 ns, 32.2000 us/op
WorkloadActual  49: 1 op, 31500.00 ns, 31.5000 us/op
WorkloadActual  50: 1 op, 32300.00 ns, 32.3000 us/op
WorkloadActual  51: 1 op, 31000.00 ns, 31.0000 us/op
WorkloadActual  52: 1 op, 36100.00 ns, 36.1000 us/op
WorkloadActual  53: 1 op, 32000.00 ns, 32.0000 us/op
WorkloadActual  54: 1 op, 33300.00 ns, 33.3000 us/op
WorkloadActual  55: 1 op, 34000.00 ns, 34.0000 us/op
WorkloadActual  56: 1 op, 31600.00 ns, 31.6000 us/op
WorkloadActual  57: 1 op, 31000.00 ns, 31.0000 us/op
WorkloadActual  58: 1 op, 30200.00 ns, 30.2000 us/op
WorkloadActual  59: 1 op, 30800.00 ns, 30.8000 us/op
WorkloadActual  60: 1 op, 31500.00 ns, 31.5000 us/op
WorkloadActual  61: 1 op, 30700.00 ns, 30.7000 us/op
WorkloadActual  62: 1 op, 34600.00 ns, 34.6000 us/op
WorkloadActual  63: 1 op, 32000.00 ns, 32.0000 us/op
WorkloadActual  64: 1 op, 32800.00 ns, 32.8000 us/op
WorkloadActual  65: 1 op, 30700.00 ns, 30.7000 us/op
WorkloadActual  66: 1 op, 31700.00 ns, 31.7000 us/op
WorkloadActual  67: 1 op, 34500.00 ns, 34.5000 us/op
WorkloadActual  68: 1 op, 31400.00 ns, 31.4000 us/op
WorkloadActual  69: 1 op, 34700.00 ns, 34.7000 us/op
WorkloadActual  70: 1 op, 32100.00 ns, 32.1000 us/op
WorkloadActual  71: 1 op, 33000.00 ns, 33.0000 us/op
WorkloadActual  72: 1 op, 33700.00 ns, 33.7000 us/op
WorkloadActual  73: 1 op, 37400.00 ns, 37.4000 us/op
WorkloadActual  74: 1 op, 34500.00 ns, 34.5000 us/op
WorkloadActual  75: 1 op, 31300.00 ns, 31.3000 us/op
WorkloadActual  76: 1 op, 31400.00 ns, 31.4000 us/op
WorkloadActual  77: 1 op, 29900.00 ns, 29.9000 us/op
WorkloadActual  78: 1 op, 33100.00 ns, 33.1000 us/op
WorkloadActual  79: 1 op, 30600.00 ns, 30.6000 us/op
WorkloadActual  80: 1 op, 30600.00 ns, 30.6000 us/op
WorkloadActual  81: 1 op, 34600.00 ns, 34.6000 us/op
WorkloadActual  82: 1 op, 33000.00 ns, 33.0000 us/op
WorkloadActual  83: 1 op, 32300.00 ns, 32.3000 us/op
WorkloadActual  84: 1 op, 46600.00 ns, 46.6000 us/op
WorkloadActual  85: 1 op, 49400.00 ns, 49.4000 us/op
WorkloadActual  86: 1 op, 50600.00 ns, 50.6000 us/op
WorkloadActual  87: 1 op, 32500.00 ns, 32.5000 us/op
WorkloadActual  88: 1 op, 48700.00 ns, 48.7000 us/op
WorkloadActual  89: 1 op, 47900.00 ns, 47.9000 us/op
WorkloadActual  90: 1 op, 47400.00 ns, 47.4000 us/op
WorkloadActual  91: 1 op, 47700.00 ns, 47.7000 us/op
WorkloadActual  92: 1 op, 45600.00 ns, 45.6000 us/op
WorkloadActual  93: 1 op, 45800.00 ns, 45.8000 us/op
WorkloadActual  94: 1 op, 47200.00 ns, 47.2000 us/op
WorkloadActual  95: 1 op, 46800.00 ns, 46.8000 us/op
WorkloadActual  96: 1 op, 48400.00 ns, 48.4000 us/op
WorkloadActual  97: 1 op, 46500.00 ns, 46.5000 us/op
WorkloadActual  98: 1 op, 46600.00 ns, 46.6000 us/op
WorkloadActual  99: 1 op, 47400.00 ns, 47.4000 us/op
WorkloadActual  100: 1 op, 46600.00 ns, 46.6000 us/op

// AfterActualRun
WorkloadResult   1: 1 op, 34400.00 ns, 34.4000 us/op
WorkloadResult   2: 1 op, 33800.00 ns, 33.8000 us/op
WorkloadResult   3: 1 op, 35500.00 ns, 35.5000 us/op
WorkloadResult   4: 1 op, 35600.00 ns, 35.6000 us/op
WorkloadResult   5: 1 op, 36900.00 ns, 36.9000 us/op
WorkloadResult   6: 1 op, 33900.00 ns, 33.9000 us/op
WorkloadResult   7: 1 op, 38600.00 ns, 38.6000 us/op
WorkloadResult   8: 1 op, 34300.00 ns, 34.3000 us/op
WorkloadResult   9: 1 op, 34900.00 ns, 34.9000 us/op
WorkloadResult  10: 1 op, 32100.00 ns, 32.1000 us/op
WorkloadResult  11: 1 op, 34300.00 ns, 34.3000 us/op
WorkloadResult  12: 1 op, 32900.00 ns, 32.9000 us/op
WorkloadResult  13: 1 op, 32000.00 ns, 32.0000 us/op
WorkloadResult  14: 1 op, 35400.00 ns, 35.4000 us/op
WorkloadResult  15: 1 op, 31400.00 ns, 31.4000 us/op
WorkloadResult  16: 1 op, 30000.00 ns, 30.0000 us/op
WorkloadResult  17: 1 op, 32200.00 ns, 32.2000 us/op
WorkloadResult  18: 1 op, 33300.00 ns, 33.3000 us/op
WorkloadResult  19: 1 op, 36200.00 ns, 36.2000 us/op
WorkloadResult  20: 1 op, 32600.00 ns, 32.6000 us/op
WorkloadResult  21: 1 op, 39300.00 ns, 39.3000 us/op
WorkloadResult  22: 1 op, 31700.00 ns, 31.7000 us/op
WorkloadResult  23: 1 op, 32500.00 ns, 32.5000 us/op
WorkloadResult  24: 1 op, 43300.00 ns, 43.3000 us/op
WorkloadResult  25: 1 op, 31500.00 ns, 31.5000 us/op
WorkloadResult  26: 1 op, 31100.00 ns, 31.1000 us/op
WorkloadResult  27: 1 op, 33100.00 ns, 33.1000 us/op
WorkloadResult  28: 1 op, 36400.00 ns, 36.4000 us/op
WorkloadResult  29: 1 op, 31700.00 ns, 31.7000 us/op
WorkloadResult  30: 1 op, 33000.00 ns, 33.0000 us/op
WorkloadResult  31: 1 op, 30700.00 ns, 30.7000 us/op
WorkloadResult  32: 1 op, 33900.00 ns, 33.9000 us/op
WorkloadResult  33: 1 op, 31400.00 ns, 31.4000 us/op
WorkloadResult  34: 1 op, 31700.00 ns, 31.7000 us/op
WorkloadResult  35: 1 op, 31200.00 ns, 31.2000 us/op
WorkloadResult  36: 1 op, 32000.00 ns, 32.0000 us/op
WorkloadResult  37: 1 op, 32300.00 ns, 32.3000 us/op
WorkloadResult  38: 1 op, 36600.00 ns, 36.6000 us/op
WorkloadResult  39: 1 op, 31900.00 ns, 31.9000 us/op
WorkloadResult  40: 1 op, 32700.00 ns, 32.7000 us/op
WorkloadResult  41: 1 op, 37700.00 ns, 37.7000 us/op
WorkloadResult  42: 1 op, 31500.00 ns, 31.5000 us/op
WorkloadResult  43: 1 op, 31800.00 ns, 31.8000 us/op
WorkloadResult  44: 1 op, 33000.00 ns, 33.0000 us/op
WorkloadResult  45: 1 op, 32100.00 ns, 32.1000 us/op
WorkloadResult  46: 1 op, 31400.00 ns, 31.4000 us/op
WorkloadResult  47: 1 op, 32200.00 ns, 32.2000 us/op
WorkloadResult  48: 1 op, 30900.00 ns, 30.9000 us/op
WorkloadResult  49: 1 op, 36000.00 ns, 36.0000 us/op
WorkloadResult  50: 1 op, 31900.00 ns, 31.9000 us/op
WorkloadResult  51: 1 op, 33200.00 ns, 33.2000 us/op
WorkloadResult  52: 1 op, 33900.00 ns, 33.9000 us/op
WorkloadResult  53: 1 op, 31500.00 ns, 31.5000 us/op
WorkloadResult  54: 1 op, 30900.00 ns, 30.9000 us/op
WorkloadResult  55: 1 op, 30100.00 ns, 30.1000 us/op
WorkloadResult  56: 1 op, 30700.00 ns, 30.7000 us/op
WorkloadResult  57: 1 op, 31400.00 ns, 31.4000 us/op
WorkloadResult  58: 1 op, 30600.00 ns, 30.6000 us/op
WorkloadResult  59: 1 op, 34500.00 ns, 34.5000 us/op
WorkloadResult  60: 1 op, 31900.00 ns, 31.9000 us/op
WorkloadResult  61: 1 op, 32700.00 ns, 32.7000 us/op
WorkloadResult  62: 1 op, 30600.00 ns, 30.6000 us/op
WorkloadResult  63: 1 op, 31600.00 ns, 31.6000 us/op
WorkloadResult  64: 1 op, 34400.00 ns, 34.4000 us/op
WorkloadResult  65: 1 op, 31300.00 ns, 31.3000 us/op
WorkloadResult  66: 1 op, 34600.00 ns, 34.6000 us/op
WorkloadResult  67: 1 op, 32000.00 ns, 32.0000 us/op
WorkloadResult  68: 1 op, 32900.00 ns, 32.9000 us/op
WorkloadResult  69: 1 op, 33600.00 ns, 33.6000 us/op
WorkloadResult  70: 1 op, 37300.00 ns, 37.3000 us/op
WorkloadResult  71: 1 op, 34400.00 ns, 34.4000 us/op
WorkloadResult  72: 1 op, 31200.00 ns, 31.2000 us/op
WorkloadResult  73: 1 op, 31300.00 ns, 31.3000 us/op
WorkloadResult  74: 1 op, 29800.00 ns, 29.8000 us/op
WorkloadResult  75: 1 op, 33000.00 ns, 33.0000 us/op
WorkloadResult  76: 1 op, 30500.00 ns, 30.5000 us/op
WorkloadResult  77: 1 op, 30500.00 ns, 30.5000 us/op
WorkloadResult  78: 1 op, 34500.00 ns, 34.5000 us/op
WorkloadResult  79: 1 op, 32900.00 ns, 32.9000 us/op
WorkloadResult  80: 1 op, 32200.00 ns, 32.2000 us/op
WorkloadResult  81: 1 op, 32400.00 ns, 32.4000 us/op
// GC:  0 0 0 137712 1
// Threading:  0 0 1

// AfterAll
// Benchmark Process 1452 has exited with code 0.

Mean = 33.077 μs, StdErr = 0.261 μs (0.79%), N = 81, StdDev = 2.352 μs
Min = 29.800 μs, Q1 = 31.500 μs, Median = 32.400 μs, Q3 = 34.300 μs, Max = 43.300 μs
IQR = 2.800 μs, LowerFence = 27.300 μs, UpperFence = 38.500 μs
ConfidenceInterval = [32.184 μs; 33.969 μs] (CI 99.9%), Margin = 0.893 μs (2.70% of Mean)
Skewness = 1.54, Kurtosis = 6.31, MValue = 2

// ** Remained 3 (20,0%) benchmark(s) to run. Estimated finish 2026-09-11 16:11 (0h 0m from now) **
Setup power plan (GUID: 8c5e7fda-e8bf-4a96-9a85-a6e23a8c635c FriendlyName: High performance)
// **************************
// Benchmark: HierarchyBenchmarks.Remove: Job-DRRRRQ(InvocationCount=1, UnrollFactor=1) [NodeCount=5000]
// *** Execute ***
// Launch: 1 / 1
// Execute: dotnet f708123d-25c8-4862-a51c-d2fd081c87d7.dll --anonymousPipes 2168 1692 --benchmarkName "HierarchyBenchmarks.Remove(NodeCount: 5000)" --job "InvocationCount=1, UnrollFactor=1" --benchmarkId 12 in D:\HierarchyKit\benchmarks\HierarchyKit.Benchmarks\bin\Release\net10.0\f708123d-25c8-4862-a51c-d2fd081c87d7\bin\Release\net10.0
// BeforeAnythingElse

// Benchmark Process Environment Information:
// BenchmarkDotNet v0.14.0
// Runtime=.NET 10.0.12 (10.0.1226.42308), X64 RyuJIT AVX2
// GC=Non-concurrent Workstation
// HardwareIntrinsics=AVX2,AES,BMI1,BMI2,FMA,LZCNT,PCLMUL,POPCNT,AvxVnni,SERIALIZE VectorSize=256
// Job: Job-ELXUXL(InvocationCount=1, UnrollFactor=1)

OverheadJitting  1: 1 op, 398600.00 ns, 398.6000 us/op
WorkloadJitting  1: 1 op, 1568000.00 ns, 1.5680 ms/op

OverheadWarmup   1: 1 op, 200.00 ns, 200.0000 ns/op
OverheadWarmup   2: 1 op, 200.00 ns, 200.0000 ns/op
OverheadWarmup   3: 1 op, 100.00 ns, 100.0000 ns/op
OverheadWarmup   4: 1 op, 200.00 ns, 200.0000 ns/op
OverheadWarmup   5: 1 op, 200.00 ns, 200.0000 ns/op

OverheadActual   1: 1 op, 200.00 ns, 200.0000 ns/op
OverheadActual   2: 1 op, 200.00 ns, 200.0000 ns/op
OverheadActual   3: 1 op, 100.00 ns, 100.0000 ns/op
OverheadActual   4: 1 op, 200.00 ns, 200.0000 ns/op
OverheadActual   5: 1 op, 200.00 ns, 200.0000 ns/op
OverheadActual   6: 1 op, 100.00 ns, 100.0000 ns/op
OverheadActual   7: 1 op, 100.00 ns, 100.0000 ns/op
OverheadActual   8: 1 op, 200.00 ns, 200.0000 ns/op
OverheadActual   9: 1 op, 200.00 ns, 200.0000 ns/op
OverheadActual  10: 1 op, 100.00 ns, 100.0000 ns/op
OverheadActual  11: 1 op, 100.00 ns, 100.0000 ns/op
OverheadActual  12: 1 op, 200.00 ns, 200.0000 ns/op
OverheadActual  13: 1 op, 100.00 ns, 100.0000 ns/op
OverheadActual  14: 1 op, 200.00 ns, 200.0000 ns/op
OverheadActual  15: 1 op, 100.00 ns, 100.0000 ns/op
OverheadActual  16: 1 op, 100.00 ns, 100.0000 ns/op
OverheadActual  17: 1 op, 200.00 ns, 200.0000 ns/op
OverheadActual  18: 1 op, 100.00 ns, 100.0000 ns/op
OverheadActual  19: 1 op, 200.00 ns, 200.0000 ns/op
OverheadActual  20: 1 op, 200.00 ns, 200.0000 ns/op

WorkloadWarmup   1: 1 op, 110200.00 ns, 110.2000 us/op
WorkloadWarmup   2: 1 op, 404100.00 ns, 404.1000 us/op
WorkloadWarmup   3: 1 op, 34800.00 ns, 34.8000 us/op
WorkloadWarmup   4: 1 op, 34300.00 ns, 34.3000 us/op
WorkloadWarmup   5: 1 op, 34900.00 ns, 34.9000 us/op
WorkloadWarmup   6: 1 op, 34100.00 ns, 34.1000 us/op

// BeforeActualRun
WorkloadActual   1: 1 op, 33700.00 ns, 33.7000 us/op
WorkloadActual   2: 1 op, 34500.00 ns, 34.5000 us/op
WorkloadActual   3: 1 op, 31900.00 ns, 31.9000 us/op
WorkloadActual   4: 1 op, 34700.00 ns, 34.7000 us/op
WorkloadActual   5: 1 op, 36100.00 ns, 36.1000 us/op
WorkloadActual   6: 1 op, 38500.00 ns, 38.5000 us/op
WorkloadActual   7: 1 op, 35400.00 ns, 35.4000 us/op
WorkloadActual   8: 1 op, 41400.00 ns, 41.4000 us/op
WorkloadActual   9: 1 op, 41100.00 ns, 41.1000 us/op
WorkloadActual  10: 1 op, 37500.00 ns, 37.5000 us/op
WorkloadActual  11: 1 op, 39200.00 ns, 39.2000 us/op
WorkloadActual  12: 1 op, 50700.00 ns, 50.7000 us/op
WorkloadActual  13: 1 op, 53200.00 ns, 53.2000 us/op
WorkloadActual  14: 1 op, 50400.00 ns, 50.4000 us/op
WorkloadActual  15: 1 op, 49500.00 ns, 49.5000 us/op
WorkloadActual  16: 1 op, 40500.00 ns, 40.5000 us/op
WorkloadActual  17: 1 op, 33500.00 ns, 33.5000 us/op
WorkloadActual  18: 1 op, 32200.00 ns, 32.2000 us/op
WorkloadActual  19: 1 op, 31700.00 ns, 31.7000 us/op
WorkloadActual  20: 1 op, 34000.00 ns, 34.0000 us/op
WorkloadActual  21: 1 op, 34900.00 ns, 34.9000 us/op
WorkloadActual  22: 1 op, 35300.00 ns, 35.3000 us/op
WorkloadActual  23: 1 op, 37800.00 ns, 37.8000 us/op
WorkloadActual  24: 1 op, 43200.00 ns, 43.2000 us/op
WorkloadActual  25: 1 op, 34200.00 ns, 34.2000 us/op
WorkloadActual  26: 1 op, 34400.00 ns, 34.4000 us/op
WorkloadActual  27: 1 op, 37100.00 ns, 37.1000 us/op
WorkloadActual  28: 1 op, 38700.00 ns, 38.7000 us/op
WorkloadActual  29: 1 op, 37400.00 ns, 37.4000 us/op
WorkloadActual  30: 1 op, 36600.00 ns, 36.6000 us/op
WorkloadActual  31: 1 op, 34000.00 ns, 34.0000 us/op
WorkloadActual  32: 1 op, 39700.00 ns, 39.7000 us/op
WorkloadActual  33: 1 op, 35200.00 ns, 35.2000 us/op
WorkloadActual  34: 1 op, 37200.00 ns, 37.2000 us/op
WorkloadActual  35: 1 op, 31200.00 ns, 31.2000 us/op
WorkloadActual  36: 1 op, 32700.00 ns, 32.7000 us/op
WorkloadActual  37: 1 op, 36300.00 ns, 36.3000 us/op
WorkloadActual  38: 1 op, 33800.00 ns, 33.8000 us/op
WorkloadActual  39: 1 op, 33600.00 ns, 33.6000 us/op
WorkloadActual  40: 1 op, 33400.00 ns, 33.4000 us/op
WorkloadActual  41: 1 op, 31700.00 ns, 31.7000 us/op
WorkloadActual  42: 1 op, 33300.00 ns, 33.3000 us/op
WorkloadActual  43: 1 op, 38700.00 ns, 38.7000 us/op
WorkloadActual  44: 1 op, 36100.00 ns, 36.1000 us/op
WorkloadActual  45: 1 op, 37200.00 ns, 37.2000 us/op
WorkloadActual  46: 1 op, 35600.00 ns, 35.6000 us/op
WorkloadActual  47: 1 op, 36000.00 ns, 36.0000 us/op
WorkloadActual  48: 1 op, 34000.00 ns, 34.0000 us/op
WorkloadActual  49: 1 op, 32200.00 ns, 32.2000 us/op
WorkloadActual  50: 1 op, 31400.00 ns, 31.4000 us/op
WorkloadActual  51: 1 op, 30500.00 ns, 30.5000 us/op
WorkloadActual  52: 1 op, 33100.00 ns, 33.1000 us/op
WorkloadActual  53: 1 op, 36100.00 ns, 36.1000 us/op
WorkloadActual  54: 1 op, 34600.00 ns, 34.6000 us/op
WorkloadActual  55: 1 op, 38500.00 ns, 38.5000 us/op
WorkloadActual  56: 1 op, 38200.00 ns, 38.2000 us/op
WorkloadActual  57: 1 op, 33600.00 ns, 33.6000 us/op
WorkloadActual  58: 1 op, 31500.00 ns, 31.5000 us/op
WorkloadActual  59: 1 op, 31800.00 ns, 31.8000 us/op
WorkloadActual  60: 1 op, 330500.00 ns, 330.5000 us/op
WorkloadActual  61: 1 op, 36500.00 ns, 36.5000 us/op
WorkloadActual  62: 1 op, 37400.00 ns, 37.4000 us/op
WorkloadActual  63: 1 op, 35200.00 ns, 35.2000 us/op
WorkloadActual  64: 1 op, 34900.00 ns, 34.9000 us/op
WorkloadActual  65: 1 op, 33000.00 ns, 33.0000 us/op
WorkloadActual  66: 1 op, 35100.00 ns, 35.1000 us/op
WorkloadActual  67: 1 op, 36700.00 ns, 36.7000 us/op
WorkloadActual  68: 1 op, 36300.00 ns, 36.3000 us/op
WorkloadActual  69: 1 op, 33000.00 ns, 33.0000 us/op
WorkloadActual  70: 1 op, 34200.00 ns, 34.2000 us/op
WorkloadActual  71: 1 op, 32900.00 ns, 32.9000 us/op
WorkloadActual  72: 1 op, 33500.00 ns, 33.5000 us/op
WorkloadActual  73: 1 op, 34700.00 ns, 34.7000 us/op
WorkloadActual  74: 1 op, 31600.00 ns, 31.6000 us/op
WorkloadActual  75: 1 op, 36500.00 ns, 36.5000 us/op
WorkloadActual  76: 1 op, 35900.00 ns, 35.9000 us/op
WorkloadActual  77: 1 op, 31200.00 ns, 31.2000 us/op
WorkloadActual  78: 1 op, 34200.00 ns, 34.2000 us/op
WorkloadActual  79: 1 op, 36500.00 ns, 36.5000 us/op
WorkloadActual  80: 1 op, 58400.00 ns, 58.4000 us/op
WorkloadActual  81: 1 op, 53400.00 ns, 53.4000 us/op
WorkloadActual  82: 1 op, 35000.00 ns, 35.0000 us/op
WorkloadActual  83: 1 op, 58200.00 ns, 58.2000 us/op
WorkloadActual  84: 1 op, 52200.00 ns, 52.2000 us/op
WorkloadActual  85: 1 op, 52200.00 ns, 52.2000 us/op
WorkloadActual  86: 1 op, 57200.00 ns, 57.2000 us/op
WorkloadActual  87: 1 op, 53500.00 ns, 53.5000 us/op
WorkloadActual  88: 1 op, 55700.00 ns, 55.7000 us/op
WorkloadActual  89: 1 op, 57100.00 ns, 57.1000 us/op
WorkloadActual  90: 1 op, 53600.00 ns, 53.6000 us/op
WorkloadActual  91: 1 op, 50700.00 ns, 50.7000 us/op
WorkloadActual  92: 1 op, 52400.00 ns, 52.4000 us/op
WorkloadActual  93: 1 op, 51400.00 ns, 51.4000 us/op
WorkloadActual  94: 1 op, 52900.00 ns, 52.9000 us/op
WorkloadActual  95: 1 op, 53300.00 ns, 53.3000 us/op
WorkloadActual  96: 1 op, 59800.00 ns, 59.8000 us/op
WorkloadActual  97: 1 op, 54300.00 ns, 54.3000 us/op
WorkloadActual  98: 1 op, 53000.00 ns, 53.0000 us/op
WorkloadActual  99: 1 op, 54800.00 ns, 54.8000 us/op
WorkloadActual  100: 1 op, 50200.00 ns, 50.2000 us/op

// AfterActualRun
WorkloadResult   1: 1 op, 33500.00 ns, 33.5000 us/op
WorkloadResult   2: 1 op, 34300.00 ns, 34.3000 us/op
WorkloadResult   3: 1 op, 31700.00 ns, 31.7000 us/op
WorkloadResult   4: 1 op, 34500.00 ns, 34.5000 us/op
WorkloadResult   5: 1 op, 35900.00 ns, 35.9000 us/op
WorkloadResult   6: 1 op, 38300.00 ns, 38.3000 us/op
WorkloadResult   7: 1 op, 35200.00 ns, 35.2000 us/op
WorkloadResult   8: 1 op, 41200.00 ns, 41.2000 us/op
WorkloadResult   9: 1 op, 40900.00 ns, 40.9000 us/op
WorkloadResult  10: 1 op, 37300.00 ns, 37.3000 us/op
WorkloadResult  11: 1 op, 39000.00 ns, 39.0000 us/op
WorkloadResult  12: 1 op, 50500.00 ns, 50.5000 us/op
WorkloadResult  13: 1 op, 53000.00 ns, 53.0000 us/op
WorkloadResult  14: 1 op, 50200.00 ns, 50.2000 us/op
WorkloadResult  15: 1 op, 49300.00 ns, 49.3000 us/op
WorkloadResult  16: 1 op, 40300.00 ns, 40.3000 us/op
WorkloadResult  17: 1 op, 33300.00 ns, 33.3000 us/op
WorkloadResult  18: 1 op, 32000.00 ns, 32.0000 us/op
WorkloadResult  19: 1 op, 31500.00 ns, 31.5000 us/op
WorkloadResult  20: 1 op, 33800.00 ns, 33.8000 us/op
WorkloadResult  21: 1 op, 34700.00 ns, 34.7000 us/op
WorkloadResult  22: 1 op, 35100.00 ns, 35.1000 us/op
WorkloadResult  23: 1 op, 37600.00 ns, 37.6000 us/op
WorkloadResult  24: 1 op, 43000.00 ns, 43.0000 us/op
WorkloadResult  25: 1 op, 34000.00 ns, 34.0000 us/op
WorkloadResult  26: 1 op, 34200.00 ns, 34.2000 us/op
WorkloadResult  27: 1 op, 36900.00 ns, 36.9000 us/op
WorkloadResult  28: 1 op, 38500.00 ns, 38.5000 us/op
WorkloadResult  29: 1 op, 37200.00 ns, 37.2000 us/op
WorkloadResult  30: 1 op, 36400.00 ns, 36.4000 us/op
WorkloadResult  31: 1 op, 33800.00 ns, 33.8000 us/op
WorkloadResult  32: 1 op, 39500.00 ns, 39.5000 us/op
WorkloadResult  33: 1 op, 35000.00 ns, 35.0000 us/op
WorkloadResult  34: 1 op, 37000.00 ns, 37.0000 us/op
WorkloadResult  35: 1 op, 31000.00 ns, 31.0000 us/op
WorkloadResult  36: 1 op, 32500.00 ns, 32.5000 us/op
WorkloadResult  37: 1 op, 36100.00 ns, 36.1000 us/op
WorkloadResult  38: 1 op, 33600.00 ns, 33.6000 us/op
WorkloadResult  39: 1 op, 33400.00 ns, 33.4000 us/op
WorkloadResult  40: 1 op, 33200.00 ns, 33.2000 us/op
WorkloadResult  41: 1 op, 31500.00 ns, 31.5000 us/op
WorkloadResult  42: 1 op, 33100.00 ns, 33.1000 us/op
WorkloadResult  43: 1 op, 38500.00 ns, 38.5000 us/op
WorkloadResult  44: 1 op, 35900.00 ns, 35.9000 us/op
WorkloadResult  45: 1 op, 37000.00 ns, 37.0000 us/op
WorkloadResult  46: 1 op, 35400.00 ns, 35.4000 us/op
WorkloadResult  47: 1 op, 35800.00 ns, 35.8000 us/op
WorkloadResult  48: 1 op, 33800.00 ns, 33.8000 us/op
WorkloadResult  49: 1 op, 32000.00 ns, 32.0000 us/op
WorkloadResult  50: 1 op, 31200.00 ns, 31.2000 us/op
WorkloadResult  51: 1 op, 30300.00 ns, 30.3000 us/op
WorkloadResult  52: 1 op, 32900.00 ns, 32.9000 us/op
WorkloadResult  53: 1 op, 35900.00 ns, 35.9000 us/op
WorkloadResult  54: 1 op, 34400.00 ns, 34.4000 us/op
WorkloadResult  55: 1 op, 38300.00 ns, 38.3000 us/op
WorkloadResult  56: 1 op, 38000.00 ns, 38.0000 us/op
WorkloadResult  57: 1 op, 33400.00 ns, 33.4000 us/op
WorkloadResult  58: 1 op, 31300.00 ns, 31.3000 us/op
WorkloadResult  59: 1 op, 31600.00 ns, 31.6000 us/op
WorkloadResult  60: 1 op, 36300.00 ns, 36.3000 us/op
WorkloadResult  61: 1 op, 37200.00 ns, 37.2000 us/op
WorkloadResult  62: 1 op, 35000.00 ns, 35.0000 us/op
WorkloadResult  63: 1 op, 34700.00 ns, 34.7000 us/op
WorkloadResult  64: 1 op, 32800.00 ns, 32.8000 us/op
WorkloadResult  65: 1 op, 34900.00 ns, 34.9000 us/op
WorkloadResult  66: 1 op, 36500.00 ns, 36.5000 us/op
WorkloadResult  67: 1 op, 36100.00 ns, 36.1000 us/op
WorkloadResult  68: 1 op, 32800.00 ns, 32.8000 us/op
WorkloadResult  69: 1 op, 34000.00 ns, 34.0000 us/op
WorkloadResult  70: 1 op, 32700.00 ns, 32.7000 us/op
WorkloadResult  71: 1 op, 33300.00 ns, 33.3000 us/op
WorkloadResult  72: 1 op, 34500.00 ns, 34.5000 us/op
WorkloadResult  73: 1 op, 31400.00 ns, 31.4000 us/op
WorkloadResult  74: 1 op, 36300.00 ns, 36.3000 us/op
WorkloadResult  75: 1 op, 35700.00 ns, 35.7000 us/op
WorkloadResult  76: 1 op, 31000.00 ns, 31.0000 us/op
WorkloadResult  77: 1 op, 34000.00 ns, 34.0000 us/op
WorkloadResult  78: 1 op, 36300.00 ns, 36.3000 us/op
WorkloadResult  79: 1 op, 58200.00 ns, 58.2000 us/op
WorkloadResult  80: 1 op, 53200.00 ns, 53.2000 us/op
WorkloadResult  81: 1 op, 34800.00 ns, 34.8000 us/op
WorkloadResult  82: 1 op, 58000.00 ns, 58.0000 us/op
WorkloadResult  83: 1 op, 52000.00 ns, 52.0000 us/op
WorkloadResult  84: 1 op, 52000.00 ns, 52.0000 us/op
WorkloadResult  85: 1 op, 57000.00 ns, 57.0000 us/op
WorkloadResult  86: 1 op, 53300.00 ns, 53.3000 us/op
WorkloadResult  87: 1 op, 55500.00 ns, 55.5000 us/op
WorkloadResult  88: 1 op, 56900.00 ns, 56.9000 us/op
WorkloadResult  89: 1 op, 53400.00 ns, 53.4000 us/op
WorkloadResult  90: 1 op, 50500.00 ns, 50.5000 us/op
WorkloadResult  91: 1 op, 52200.00 ns, 52.2000 us/op
WorkloadResult  92: 1 op, 51200.00 ns, 51.2000 us/op
WorkloadResult  93: 1 op, 52700.00 ns, 52.7000 us/op
WorkloadResult  94: 1 op, 53100.00 ns, 53.1000 us/op
WorkloadResult  95: 1 op, 59600.00 ns, 59.6000 us/op
WorkloadResult  96: 1 op, 54100.00 ns, 54.1000 us/op
WorkloadResult  97: 1 op, 52800.00 ns, 52.8000 us/op
WorkloadResult  98: 1 op, 54600.00 ns, 54.6000 us/op
WorkloadResult  99: 1 op, 50000.00 ns, 50.0000 us/op
// GC:  0 0 0 137744 1
// Threading:  0 0 1

// AfterAll
// Benchmark Process 24152 has exited with code 0.

Mean = 39.488 μs, StdErr = 0.843 μs (2.14%), N = 99, StdDev = 8.390 μs
Min = 30.300 μs, Q1 = 33.700 μs, Median = 35.900 μs, Q3 = 42.100 μs, Max = 59.600 μs
IQR = 8.400 μs, LowerFence = 21.100 μs, UpperFence = 54.700 μs
ConfidenceInterval = [36.627 μs; 42.349 μs] (CI 99.9%), Margin = 2.861 μs (7.24% of Mean)
Skewness = 1.04, Kurtosis = 2.53, MValue = 2.71

// ** Remained 2 (13,3%) benchmark(s) to run. Estimated finish 2026-09-11 16:11 (0h 0m from now) **
Setup power plan (GUID: 8c5e7fda-e8bf-4a96-9a85-a6e23a8c635c FriendlyName: High performance)
// **************************
// Benchmark: HierarchyBenchmarks.GetChildren: Job-DRRRRQ(InvocationCount=1, UnrollFactor=1) [NodeCount=5000]
// *** Execute ***
// Launch: 1 / 1
// Execute: dotnet f708123d-25c8-4862-a51c-d2fd081c87d7.dll --anonymousPipes 1660 1676 --benchmarkName "HierarchyBenchmarks.GetChildren(NodeCount: 5000)" --job "InvocationCount=1, UnrollFactor=1" --benchmarkId 13 in D:\HierarchyKit\benchmarks\HierarchyKit.Benchmarks\bin\Release\net10.0\f708123d-25c8-4862-a51c-d2fd081c87d7\bin\Release\net10.0
// BeforeAnythingElse

// Benchmark Process Environment Information:
// BenchmarkDotNet v0.14.0
// Runtime=.NET 10.0.12 (10.0.1226.42308), X64 RyuJIT AVX2
// GC=Non-concurrent Workstation
// HardwareIntrinsics=AVX2,AES,BMI1,BMI2,FMA,LZCNT,PCLMUL,POPCNT,AvxVnni,SERIALIZE VectorSize=256
// Job: Job-UHRPNT(InvocationCount=1, UnrollFactor=1)

OverheadJitting  1: 1 op, 186400.00 ns, 186.4000 us/op
WorkloadJitting  1: 1 op, 1011400.00 ns, 1.0114 ms/op

OverheadWarmup   1: 1 op, 300.00 ns, 300.0000 ns/op
OverheadWarmup   2: 1 op, 100.00 ns, 100.0000 ns/op
OverheadWarmup   3: 1 op, 100.00 ns, 100.0000 ns/op
OverheadWarmup   4: 1 op, 200.00 ns, 200.0000 ns/op
OverheadWarmup   5: 1 op, 100.00 ns, 100.0000 ns/op
OverheadWarmup   6: 1 op, 100.00 ns, 100.0000 ns/op

OverheadActual   1: 1 op, 100.00 ns, 100.0000 ns/op
OverheadActual   2: 1 op, 100.00 ns, 100.0000 ns/op
OverheadActual   3: 1 op, 100.00 ns, 100.0000 ns/op
OverheadActual   4: 1 op, 100.00 ns, 100.0000 ns/op
OverheadActual   5: 1 op, 100.00 ns, 100.0000 ns/op
OverheadActual   6: 1 op, 100.00 ns, 100.0000 ns/op
OverheadActual   7: 1 op, 100.00 ns, 100.0000 ns/op
OverheadActual   8: 1 op, 200.00 ns, 200.0000 ns/op
OverheadActual   9: 1 op, 100.00 ns, 100.0000 ns/op
OverheadActual  10: 1 op, 100.00 ns, 100.0000 ns/op
OverheadActual  11: 1 op, 200.00 ns, 200.0000 ns/op
OverheadActual  12: 1 op, 200.00 ns, 200.0000 ns/op
OverheadActual  13: 1 op, 100.00 ns, 100.0000 ns/op
OverheadActual  14: 1 op, 200.00 ns, 200.0000 ns/op
OverheadActual  15: 1 op, 100.00 ns, 100.0000 ns/op
OverheadActual  16: 1 op, 200.00 ns, 200.0000 ns/op
OverheadActual  17: 1 op, 100.00 ns, 100.0000 ns/op
OverheadActual  18: 1 op, 200.00 ns, 200.0000 ns/op
OverheadActual  19: 1 op, 200.00 ns, 200.0000 ns/op
OverheadActual  20: 1 op, 300.00 ns, 300.0000 ns/op

WorkloadWarmup   1: 1 op, 116800.00 ns, 116.8000 us/op
WorkloadWarmup   2: 1 op, 562600.00 ns, 562.6000 us/op
WorkloadWarmup   3: 1 op, 53800.00 ns, 53.8000 us/op
WorkloadWarmup   4: 1 op, 51100.00 ns, 51.1000 us/op
WorkloadWarmup   5: 1 op, 51800.00 ns, 51.8000 us/op
WorkloadWarmup   6: 1 op, 51200.00 ns, 51.2000 us/op

// BeforeActualRun
WorkloadActual   1: 1 op, 52100.00 ns, 52.1000 us/op
WorkloadActual   2: 1 op, 48400.00 ns, 48.4000 us/op
WorkloadActual   3: 1 op, 49300.00 ns, 49.3000 us/op
WorkloadActual   4: 1 op, 72000.00 ns, 72.0000 us/op
WorkloadActual   5: 1 op, 206200.00 ns, 206.2000 us/op
WorkloadActual   6: 1 op, 183200.00 ns, 183.2000 us/op
WorkloadActual   7: 1 op, 155600.00 ns, 155.6000 us/op
WorkloadActual   8: 1 op, 47000.00 ns, 47.0000 us/op
WorkloadActual   9: 1 op, 47800.00 ns, 47.8000 us/op
WorkloadActual  10: 1 op, 56200.00 ns, 56.2000 us/op
WorkloadActual  11: 1 op, 54100.00 ns, 54.1000 us/op
WorkloadActual  12: 1 op, 52000.00 ns, 52.0000 us/op
WorkloadActual  13: 1 op, 48800.00 ns, 48.8000 us/op
WorkloadActual  14: 1 op, 51700.00 ns, 51.7000 us/op
WorkloadActual  15: 1 op, 43900.00 ns, 43.9000 us/op
WorkloadActual  16: 1 op, 46100.00 ns, 46.1000 us/op
WorkloadActual  17: 1 op, 46100.00 ns, 46.1000 us/op
WorkloadActual  18: 1 op, 43900.00 ns, 43.9000 us/op
WorkloadActual  19: 1 op, 47900.00 ns, 47.9000 us/op
WorkloadActual  20: 1 op, 41800.00 ns, 41.8000 us/op
WorkloadActual  21: 1 op, 41800.00 ns, 41.8000 us/op
WorkloadActual  22: 1 op, 39500.00 ns, 39.5000 us/op
WorkloadActual  23: 1 op, 39900.00 ns, 39.9000 us/op
WorkloadActual  24: 1 op, 38900.00 ns, 38.9000 us/op
WorkloadActual  25: 1 op, 37300.00 ns, 37.3000 us/op
WorkloadActual  26: 1 op, 48300.00 ns, 48.3000 us/op
WorkloadActual  27: 1 op, 43200.00 ns, 43.2000 us/op
WorkloadActual  28: 1 op, 45000.00 ns, 45.0000 us/op
WorkloadActual  29: 1 op, 45300.00 ns, 45.3000 us/op
WorkloadActual  30: 1 op, 45500.00 ns, 45.5000 us/op
WorkloadActual  31: 1 op, 40000.00 ns, 40.0000 us/op
WorkloadActual  32: 1 op, 39800.00 ns, 39.8000 us/op
WorkloadActual  33: 1 op, 39100.00 ns, 39.1000 us/op
WorkloadActual  34: 1 op, 44100.00 ns, 44.1000 us/op
WorkloadActual  35: 1 op, 41900.00 ns, 41.9000 us/op
WorkloadActual  36: 1 op, 41200.00 ns, 41.2000 us/op
WorkloadActual  37: 1 op, 41700.00 ns, 41.7000 us/op
WorkloadActual  38: 1 op, 41600.00 ns, 41.6000 us/op
WorkloadActual  39: 1 op, 42800.00 ns, 42.8000 us/op
WorkloadActual  40: 1 op, 43000.00 ns, 43.0000 us/op
WorkloadActual  41: 1 op, 41300.00 ns, 41.3000 us/op
WorkloadActual  42: 1 op, 46300.00 ns, 46.3000 us/op
WorkloadActual  43: 1 op, 46300.00 ns, 46.3000 us/op
WorkloadActual  44: 1 op, 41900.00 ns, 41.9000 us/op
WorkloadActual  45: 1 op, 42700.00 ns, 42.7000 us/op
WorkloadActual  46: 1 op, 39900.00 ns, 39.9000 us/op
WorkloadActual  47: 1 op, 37100.00 ns, 37.1000 us/op
WorkloadActual  48: 1 op, 43800.00 ns, 43.8000 us/op
WorkloadActual  49: 1 op, 42900.00 ns, 42.9000 us/op
WorkloadActual  50: 1 op, 41200.00 ns, 41.2000 us/op
WorkloadActual  51: 1 op, 41300.00 ns, 41.3000 us/op
WorkloadActual  52: 1 op, 41500.00 ns, 41.5000 us/op
WorkloadActual  53: 1 op, 41300.00 ns, 41.3000 us/op
WorkloadActual  54: 1 op, 40900.00 ns, 40.9000 us/op
WorkloadActual  55: 1 op, 40100.00 ns, 40.1000 us/op
WorkloadActual  56: 1 op, 40400.00 ns, 40.4000 us/op
WorkloadActual  57: 1 op, 41500.00 ns, 41.5000 us/op
WorkloadActual  58: 1 op, 43200.00 ns, 43.2000 us/op
WorkloadActual  59: 1 op, 42500.00 ns, 42.5000 us/op
WorkloadActual  60: 1 op, 41400.00 ns, 41.4000 us/op
WorkloadActual  61: 1 op, 40600.00 ns, 40.6000 us/op
WorkloadActual  62: 1 op, 46100.00 ns, 46.1000 us/op
WorkloadActual  63: 1 op, 40200.00 ns, 40.2000 us/op
WorkloadActual  64: 1 op, 41200.00 ns, 41.2000 us/op
WorkloadActual  65: 1 op, 43000.00 ns, 43.0000 us/op
WorkloadActual  66: 1 op, 40500.00 ns, 40.5000 us/op
WorkloadActual  67: 1 op, 41500.00 ns, 41.5000 us/op
WorkloadActual  68: 1 op, 40700.00 ns, 40.7000 us/op
WorkloadActual  69: 1 op, 41600.00 ns, 41.6000 us/op
WorkloadActual  70: 1 op, 43300.00 ns, 43.3000 us/op
WorkloadActual  71: 1 op, 39800.00 ns, 39.8000 us/op
WorkloadActual  72: 1 op, 40700.00 ns, 40.7000 us/op
WorkloadActual  73: 1 op, 48000.00 ns, 48.0000 us/op
WorkloadActual  74: 1 op, 42300.00 ns, 42.3000 us/op
WorkloadActual  75: 1 op, 40100.00 ns, 40.1000 us/op
WorkloadActual  76: 1 op, 46800.00 ns, 46.8000 us/op
WorkloadActual  77: 1 op, 42700.00 ns, 42.7000 us/op
WorkloadActual  78: 1 op, 41300.00 ns, 41.3000 us/op
WorkloadActual  79: 1 op, 43400.00 ns, 43.4000 us/op
WorkloadActual  80: 1 op, 39500.00 ns, 39.5000 us/op
WorkloadActual  81: 1 op, 55500.00 ns, 55.5000 us/op
WorkloadActual  82: 1 op, 41500.00 ns, 41.5000 us/op
WorkloadActual  83: 1 op, 44400.00 ns, 44.4000 us/op
WorkloadActual  84: 1 op, 42800.00 ns, 42.8000 us/op
WorkloadActual  85: 1 op, 46200.00 ns, 46.2000 us/op
WorkloadActual  86: 1 op, 40800.00 ns, 40.8000 us/op
WorkloadActual  87: 1 op, 43500.00 ns, 43.5000 us/op
WorkloadActual  88: 1 op, 41500.00 ns, 41.5000 us/op
WorkloadActual  89: 1 op, 43000.00 ns, 43.0000 us/op
WorkloadActual  90: 1 op, 65300.00 ns, 65.3000 us/op
WorkloadActual  91: 1 op, 63200.00 ns, 63.2000 us/op
WorkloadActual  92: 1 op, 65600.00 ns, 65.6000 us/op
WorkloadActual  93: 1 op, 65300.00 ns, 65.3000 us/op
WorkloadActual  94: 1 op, 64300.00 ns, 64.3000 us/op
WorkloadActual  95: 1 op, 64100.00 ns, 64.1000 us/op
WorkloadActual  96: 1 op, 62900.00 ns, 62.9000 us/op
WorkloadActual  97: 1 op, 63100.00 ns, 63.1000 us/op
WorkloadActual  98: 1 op, 430800.00 ns, 430.8000 us/op
WorkloadActual  99: 1 op, 63800.00 ns, 63.8000 us/op
WorkloadActual  100: 1 op, 63400.00 ns, 63.4000 us/op

// AfterActualRun
WorkloadResult   1: 1 op, 52000.00 ns, 52.0000 us/op
WorkloadResult   2: 1 op, 48300.00 ns, 48.3000 us/op
WorkloadResult   3: 1 op, 49200.00 ns, 49.2000 us/op
WorkloadResult   4: 1 op, 46900.00 ns, 46.9000 us/op
WorkloadResult   5: 1 op, 47700.00 ns, 47.7000 us/op
WorkloadResult   6: 1 op, 56100.00 ns, 56.1000 us/op
WorkloadResult   7: 1 op, 54000.00 ns, 54.0000 us/op
WorkloadResult   8: 1 op, 51900.00 ns, 51.9000 us/op
WorkloadResult   9: 1 op, 48700.00 ns, 48.7000 us/op
WorkloadResult  10: 1 op, 51600.00 ns, 51.6000 us/op
WorkloadResult  11: 1 op, 43800.00 ns, 43.8000 us/op
WorkloadResult  12: 1 op, 46000.00 ns, 46.0000 us/op
WorkloadResult  13: 1 op, 46000.00 ns, 46.0000 us/op
WorkloadResult  14: 1 op, 43800.00 ns, 43.8000 us/op
WorkloadResult  15: 1 op, 47800.00 ns, 47.8000 us/op
WorkloadResult  16: 1 op, 41700.00 ns, 41.7000 us/op
WorkloadResult  17: 1 op, 41700.00 ns, 41.7000 us/op
WorkloadResult  18: 1 op, 39400.00 ns, 39.4000 us/op
WorkloadResult  19: 1 op, 39800.00 ns, 39.8000 us/op
WorkloadResult  20: 1 op, 38800.00 ns, 38.8000 us/op
WorkloadResult  21: 1 op, 37200.00 ns, 37.2000 us/op
WorkloadResult  22: 1 op, 48200.00 ns, 48.2000 us/op
WorkloadResult  23: 1 op, 43100.00 ns, 43.1000 us/op
WorkloadResult  24: 1 op, 44900.00 ns, 44.9000 us/op
WorkloadResult  25: 1 op, 45200.00 ns, 45.2000 us/op
WorkloadResult  26: 1 op, 45400.00 ns, 45.4000 us/op
WorkloadResult  27: 1 op, 39900.00 ns, 39.9000 us/op
WorkloadResult  28: 1 op, 39700.00 ns, 39.7000 us/op
WorkloadResult  29: 1 op, 39000.00 ns, 39.0000 us/op
WorkloadResult  30: 1 op, 44000.00 ns, 44.0000 us/op
WorkloadResult  31: 1 op, 41800.00 ns, 41.8000 us/op
WorkloadResult  32: 1 op, 41100.00 ns, 41.1000 us/op
WorkloadResult  33: 1 op, 41600.00 ns, 41.6000 us/op
WorkloadResult  34: 1 op, 41500.00 ns, 41.5000 us/op
WorkloadResult  35: 1 op, 42700.00 ns, 42.7000 us/op
WorkloadResult  36: 1 op, 42900.00 ns, 42.9000 us/op
WorkloadResult  37: 1 op, 41200.00 ns, 41.2000 us/op
WorkloadResult  38: 1 op, 46200.00 ns, 46.2000 us/op
WorkloadResult  39: 1 op, 46200.00 ns, 46.2000 us/op
WorkloadResult  40: 1 op, 41800.00 ns, 41.8000 us/op
WorkloadResult  41: 1 op, 42600.00 ns, 42.6000 us/op
WorkloadResult  42: 1 op, 39800.00 ns, 39.8000 us/op
WorkloadResult  43: 1 op, 37000.00 ns, 37.0000 us/op
WorkloadResult  44: 1 op, 43700.00 ns, 43.7000 us/op
WorkloadResult  45: 1 op, 42800.00 ns, 42.8000 us/op
WorkloadResult  46: 1 op, 41100.00 ns, 41.1000 us/op
WorkloadResult  47: 1 op, 41200.00 ns, 41.2000 us/op
WorkloadResult  48: 1 op, 41400.00 ns, 41.4000 us/op
WorkloadResult  49: 1 op, 41200.00 ns, 41.2000 us/op
WorkloadResult  50: 1 op, 40800.00 ns, 40.8000 us/op
WorkloadResult  51: 1 op, 40000.00 ns, 40.0000 us/op
WorkloadResult  52: 1 op, 40300.00 ns, 40.3000 us/op
WorkloadResult  53: 1 op, 41400.00 ns, 41.4000 us/op
WorkloadResult  54: 1 op, 43100.00 ns, 43.1000 us/op
WorkloadResult  55: 1 op, 42400.00 ns, 42.4000 us/op
WorkloadResult  56: 1 op, 41300.00 ns, 41.3000 us/op
WorkloadResult  57: 1 op, 40500.00 ns, 40.5000 us/op
WorkloadResult  58: 1 op, 46000.00 ns, 46.0000 us/op
WorkloadResult  59: 1 op, 40100.00 ns, 40.1000 us/op
WorkloadResult  60: 1 op, 41100.00 ns, 41.1000 us/op
WorkloadResult  61: 1 op, 42900.00 ns, 42.9000 us/op
WorkloadResult  62: 1 op, 40400.00 ns, 40.4000 us/op
WorkloadResult  63: 1 op, 41400.00 ns, 41.4000 us/op
WorkloadResult  64: 1 op, 40600.00 ns, 40.6000 us/op
WorkloadResult  65: 1 op, 41500.00 ns, 41.5000 us/op
WorkloadResult  66: 1 op, 43200.00 ns, 43.2000 us/op
WorkloadResult  67: 1 op, 39700.00 ns, 39.7000 us/op
WorkloadResult  68: 1 op, 40600.00 ns, 40.6000 us/op
WorkloadResult  69: 1 op, 47900.00 ns, 47.9000 us/op
WorkloadResult  70: 1 op, 42200.00 ns, 42.2000 us/op
WorkloadResult  71: 1 op, 40000.00 ns, 40.0000 us/op
WorkloadResult  72: 1 op, 46700.00 ns, 46.7000 us/op
WorkloadResult  73: 1 op, 42600.00 ns, 42.6000 us/op
WorkloadResult  74: 1 op, 41200.00 ns, 41.2000 us/op
WorkloadResult  75: 1 op, 43300.00 ns, 43.3000 us/op
WorkloadResult  76: 1 op, 39400.00 ns, 39.4000 us/op
WorkloadResult  77: 1 op, 55400.00 ns, 55.4000 us/op
WorkloadResult  78: 1 op, 41400.00 ns, 41.4000 us/op
WorkloadResult  79: 1 op, 44300.00 ns, 44.3000 us/op
WorkloadResult  80: 1 op, 42700.00 ns, 42.7000 us/op
WorkloadResult  81: 1 op, 46100.00 ns, 46.1000 us/op
WorkloadResult  82: 1 op, 40700.00 ns, 40.7000 us/op
WorkloadResult  83: 1 op, 43400.00 ns, 43.4000 us/op
WorkloadResult  84: 1 op, 41400.00 ns, 41.4000 us/op
WorkloadResult  85: 1 op, 42900.00 ns, 42.9000 us/op
// GC:  0 0 0 60192 1
// Threading:  0 0 1

// AfterAll
// Benchmark Process 7824 has exited with code 0.

Mean = 43.394 μs, StdErr = 0.422 μs (0.97%), N = 85, StdDev = 3.889 μs
Min = 37.000 μs, Q1 = 41.100 μs, Median = 42.400 μs, Q3 = 45.400 μs, Max = 56.100 μs
IQR = 4.300 μs, LowerFence = 34.650 μs, UpperFence = 51.850 μs
ConfidenceInterval = [41.955 μs; 44.833 μs] (CI 99.9%), Margin = 1.439 μs (3.32% of Mean)
Skewness = 1.27, Kurtosis = 4.42, MValue = 2.21

// ** Remained 1 (6,7%) benchmark(s) to run. Estimated finish 2026-09-11 16:11 (0h 0m from now) **
Setup power plan (GUID: 8c5e7fda-e8bf-4a96-9a85-a6e23a8c635c FriendlyName: High performance)
// **************************
// Benchmark: HierarchyBenchmarks.Descendants: Job-DRRRRQ(InvocationCount=1, UnrollFactor=1) [NodeCount=5000]
// *** Execute ***
// Launch: 1 / 1
// Execute: dotnet f708123d-25c8-4862-a51c-d2fd081c87d7.dll --anonymousPipes 2080 1640 --benchmarkName "HierarchyBenchmarks.Descendants(NodeCount: 5000)" --job "InvocationCount=1, UnrollFactor=1" --benchmarkId 14 in D:\HierarchyKit\benchmarks\HierarchyKit.Benchmarks\bin\Release\net10.0\f708123d-25c8-4862-a51c-d2fd081c87d7\bin\Release\net10.0
// BeforeAnythingElse

// Benchmark Process Environment Information:
// BenchmarkDotNet v0.14.0
// Runtime=.NET 10.0.12 (10.0.1226.42308), X64 RyuJIT AVX2
// GC=Non-concurrent Workstation
// HardwareIntrinsics=AVX2,AES,BMI1,BMI2,FMA,LZCNT,PCLMUL,POPCNT,AvxVnni,SERIALIZE VectorSize=256
// Job: Job-SHGLEN(InvocationCount=1, UnrollFactor=1)

OverheadJitting  1: 1 op, 177200.00 ns, 177.2000 us/op
WorkloadJitting  1: 1 op, 3738100.00 ns, 3.7381 ms/op

OverheadWarmup   1: 1 op, 200.00 ns, 200.0000 ns/op
OverheadWarmup   2: 1 op, 200.00 ns, 200.0000 ns/op
OverheadWarmup   3: 1 op, 100.00 ns, 100.0000 ns/op
OverheadWarmup   4: 1 op, 100.00 ns, 100.0000 ns/op
OverheadWarmup   5: 1 op, 100.00 ns, 100.0000 ns/op

OverheadActual   1: 1 op, 200.00 ns, 200.0000 ns/op
OverheadActual   2: 1 op, 200.00 ns, 200.0000 ns/op
OverheadActual   3: 1 op, 200.00 ns, 200.0000 ns/op
OverheadActual   4: 1 op, 200.00 ns, 200.0000 ns/op
OverheadActual   5: 1 op, 100.00 ns, 100.0000 ns/op
OverheadActual   6: 1 op, 200.00 ns, 200.0000 ns/op
OverheadActual   7: 1 op, 100.00 ns, 100.0000 ns/op
OverheadActual   8: 1 op, 100.00 ns, 100.0000 ns/op
OverheadActual   9: 1 op, 100.00 ns, 100.0000 ns/op
OverheadActual  10: 1 op, 200.00 ns, 200.0000 ns/op
OverheadActual  11: 1 op, 100.00 ns, 100.0000 ns/op
OverheadActual  12: 1 op, 100.00 ns, 100.0000 ns/op
OverheadActual  13: 1 op, 100.00 ns, 100.0000 ns/op
OverheadActual  14: 1 op, 200.00 ns, 200.0000 ns/op
OverheadActual  15: 1 op, 200.00 ns, 200.0000 ns/op
OverheadActual  16: 1 op, 100.00 ns, 100.0000 ns/op
OverheadActual  17: 1 op, 100.00 ns, 100.0000 ns/op
OverheadActual  18: 1 op, 200.00 ns, 200.0000 ns/op
OverheadActual  19: 1 op, 200.00 ns, 200.0000 ns/op
OverheadActual  20: 1 op, 100.00 ns, 100.0000 ns/op

WorkloadWarmup   1: 1 op, 562300.00 ns, 562.3000 us/op
WorkloadWarmup   2: 1 op, 2973700.00 ns, 2.9737 ms/op
WorkloadWarmup   3: 1 op, 519000.00 ns, 519.0000 us/op
WorkloadWarmup   4: 1 op, 485000.00 ns, 485.0000 us/op
WorkloadWarmup   5: 1 op, 509500.00 ns, 509.5000 us/op
WorkloadWarmup   6: 1 op, 467000.00 ns, 467.0000 us/op

// BeforeActualRun
WorkloadActual   1: 1 op, 659800.00 ns, 659.8000 us/op
WorkloadActual   2: 1 op, 569900.00 ns, 569.9000 us/op
WorkloadActual   3: 1 op, 575700.00 ns, 575.7000 us/op
WorkloadActual   4: 1 op, 556800.00 ns, 556.8000 us/op
WorkloadActual   5: 1 op, 695000.00 ns, 695.0000 us/op
WorkloadActual   6: 1 op, 623600.00 ns, 623.6000 us/op
WorkloadActual   7: 1 op, 615500.00 ns, 615.5000 us/op
WorkloadActual   8: 1 op, 670200.00 ns, 670.2000 us/op
WorkloadActual   9: 1 op, 764700.00 ns, 764.7000 us/op
WorkloadActual  10: 1 op, 2102700.00 ns, 2.1027 ms/op
WorkloadActual  11: 1 op, 738400.00 ns, 738.4000 us/op
WorkloadActual  12: 1 op, 613200.00 ns, 613.2000 us/op
WorkloadActual  13: 1 op, 101100.00 ns, 101.1000 us/op
WorkloadActual  14: 1 op, 283500.00 ns, 283.5000 us/op
WorkloadActual  15: 1 op, 77200.00 ns, 77.2000 us/op
WorkloadActual  16: 1 op, 83500.00 ns, 83.5000 us/op
WorkloadActual  17: 1 op, 79000.00 ns, 79.0000 us/op
WorkloadActual  18: 1 op, 83300.00 ns, 83.3000 us/op
WorkloadActual  19: 1 op, 75700.00 ns, 75.7000 us/op
WorkloadActual  20: 1 op, 75900.00 ns, 75.9000 us/op
WorkloadActual  21: 1 op, 84200.00 ns, 84.2000 us/op
WorkloadActual  22: 1 op, 80900.00 ns, 80.9000 us/op
WorkloadActual  23: 1 op, 74300.00 ns, 74.3000 us/op
WorkloadActual  24: 1 op, 79500.00 ns, 79.5000 us/op
WorkloadActual  25: 1 op, 76700.00 ns, 76.7000 us/op
WorkloadActual  26: 1 op, 77800.00 ns, 77.8000 us/op
WorkloadActual  27: 1 op, 79700.00 ns, 79.7000 us/op
WorkloadActual  28: 1 op, 77400.00 ns, 77.4000 us/op
WorkloadActual  29: 1 op, 75600.00 ns, 75.6000 us/op
WorkloadActual  30: 1 op, 84100.00 ns, 84.1000 us/op
WorkloadActual  31: 1 op, 72600.00 ns, 72.6000 us/op
WorkloadActual  32: 1 op, 78400.00 ns, 78.4000 us/op
WorkloadActual  33: 1 op, 78800.00 ns, 78.8000 us/op
WorkloadActual  34: 1 op, 75000.00 ns, 75.0000 us/op
WorkloadActual  35: 1 op, 77700.00 ns, 77.7000 us/op
WorkloadActual  36: 1 op, 73700.00 ns, 73.7000 us/op
WorkloadActual  37: 1 op, 75300.00 ns, 75.3000 us/op
WorkloadActual  38: 1 op, 74600.00 ns, 74.6000 us/op
WorkloadActual  39: 1 op, 72300.00 ns, 72.3000 us/op
WorkloadActual  40: 1 op, 68900.00 ns, 68.9000 us/op
WorkloadActual  41: 1 op, 73700.00 ns, 73.7000 us/op
WorkloadActual  42: 1 op, 81800.00 ns, 81.8000 us/op
WorkloadActual  43: 1 op, 72900.00 ns, 72.9000 us/op
WorkloadActual  44: 1 op, 76800.00 ns, 76.8000 us/op
WorkloadActual  45: 1 op, 77800.00 ns, 77.8000 us/op
WorkloadActual  46: 1 op, 85400.00 ns, 85.4000 us/op
WorkloadActual  47: 1 op, 82400.00 ns, 82.4000 us/op
WorkloadActual  48: 1 op, 75000.00 ns, 75.0000 us/op
WorkloadActual  49: 1 op, 80500.00 ns, 80.5000 us/op
WorkloadActual  50: 1 op, 74800.00 ns, 74.8000 us/op
WorkloadActual  51: 1 op, 78100.00 ns, 78.1000 us/op
WorkloadActual  52: 1 op, 79100.00 ns, 79.1000 us/op
WorkloadActual  53: 1 op, 76700.00 ns, 76.7000 us/op
WorkloadActual  54: 1 op, 79800.00 ns, 79.8000 us/op
WorkloadActual  55: 1 op, 97900.00 ns, 97.9000 us/op
WorkloadActual  56: 1 op, 76300.00 ns, 76.3000 us/op
WorkloadActual  57: 1 op, 78400.00 ns, 78.4000 us/op
WorkloadActual  58: 1 op, 177900.00 ns, 177.9000 us/op
WorkloadActual  59: 1 op, 75600.00 ns, 75.6000 us/op
WorkloadActual  60: 1 op, 80000.00 ns, 80.0000 us/op
WorkloadActual  61: 1 op, 73100.00 ns, 73.1000 us/op
WorkloadActual  62: 1 op, 81500.00 ns, 81.5000 us/op
WorkloadActual  63: 1 op, 75600.00 ns, 75.6000 us/op
WorkloadActual  64: 1 op, 74800.00 ns, 74.8000 us/op
WorkloadActual  65: 1 op, 72400.00 ns, 72.4000 us/op
WorkloadActual  66: 1 op, 76500.00 ns, 76.5000 us/op
WorkloadActual  67: 1 op, 82400.00 ns, 82.4000 us/op
WorkloadActual  68: 1 op, 76300.00 ns, 76.3000 us/op
WorkloadActual  69: 1 op, 82300.00 ns, 82.3000 us/op
WorkloadActual  70: 1 op, 78400.00 ns, 78.4000 us/op
WorkloadActual  71: 1 op, 77300.00 ns, 77.3000 us/op
WorkloadActual  72: 1 op, 78200.00 ns, 78.2000 us/op
WorkloadActual  73: 1 op, 80000.00 ns, 80.0000 us/op
WorkloadActual  74: 1 op, 76000.00 ns, 76.0000 us/op
WorkloadActual  75: 1 op, 105200.00 ns, 105.2000 us/op
WorkloadActual  76: 1 op, 78400.00 ns, 78.4000 us/op

// AfterActualRun
WorkloadResult   1: 1 op, 77050.00 ns, 77.0500 us/op
WorkloadResult   2: 1 op, 83350.00 ns, 83.3500 us/op
WorkloadResult   3: 1 op, 78850.00 ns, 78.8500 us/op
WorkloadResult   4: 1 op, 83150.00 ns, 83.1500 us/op
WorkloadResult   5: 1 op, 75550.00 ns, 75.5500 us/op
WorkloadResult   6: 1 op, 75750.00 ns, 75.7500 us/op
WorkloadResult   7: 1 op, 84050.00 ns, 84.0500 us/op
WorkloadResult   8: 1 op, 80750.00 ns, 80.7500 us/op
WorkloadResult   9: 1 op, 74150.00 ns, 74.1500 us/op
WorkloadResult  10: 1 op, 79350.00 ns, 79.3500 us/op
WorkloadResult  11: 1 op, 76550.00 ns, 76.5500 us/op
WorkloadResult  12: 1 op, 77650.00 ns, 77.6500 us/op
WorkloadResult  13: 1 op, 79550.00 ns, 79.5500 us/op
WorkloadResult  14: 1 op, 77250.00 ns, 77.2500 us/op
WorkloadResult  15: 1 op, 75450.00 ns, 75.4500 us/op
WorkloadResult  16: 1 op, 83950.00 ns, 83.9500 us/op
WorkloadResult  17: 1 op, 72450.00 ns, 72.4500 us/op
WorkloadResult  18: 1 op, 78250.00 ns, 78.2500 us/op
WorkloadResult  19: 1 op, 78650.00 ns, 78.6500 us/op
WorkloadResult  20: 1 op, 74850.00 ns, 74.8500 us/op
WorkloadResult  21: 1 op, 77550.00 ns, 77.5500 us/op
WorkloadResult  22: 1 op, 73550.00 ns, 73.5500 us/op
WorkloadResult  23: 1 op, 75150.00 ns, 75.1500 us/op
WorkloadResult  24: 1 op, 74450.00 ns, 74.4500 us/op
WorkloadResult  25: 1 op, 72150.00 ns, 72.1500 us/op
WorkloadResult  26: 1 op, 68750.00 ns, 68.7500 us/op
WorkloadResult  27: 1 op, 73550.00 ns, 73.5500 us/op
WorkloadResult  28: 1 op, 81650.00 ns, 81.6500 us/op
WorkloadResult  29: 1 op, 72750.00 ns, 72.7500 us/op
WorkloadResult  30: 1 op, 76650.00 ns, 76.6500 us/op
WorkloadResult  31: 1 op, 77650.00 ns, 77.6500 us/op
WorkloadResult  32: 1 op, 85250.00 ns, 85.2500 us/op
WorkloadResult  33: 1 op, 82250.00 ns, 82.2500 us/op
WorkloadResult  34: 1 op, 74850.00 ns, 74.8500 us/op
WorkloadResult  35: 1 op, 80350.00 ns, 80.3500 us/op
WorkloadResult  36: 1 op, 74650.00 ns, 74.6500 us/op
WorkloadResult  37: 1 op, 77950.00 ns, 77.9500 us/op
WorkloadResult  38: 1 op, 78950.00 ns, 78.9500 us/op
WorkloadResult  39: 1 op, 76550.00 ns, 76.5500 us/op
WorkloadResult  40: 1 op, 79650.00 ns, 79.6500 us/op
WorkloadResult  41: 1 op, 76150.00 ns, 76.1500 us/op
WorkloadResult  42: 1 op, 78250.00 ns, 78.2500 us/op
WorkloadResult  43: 1 op, 75450.00 ns, 75.4500 us/op
WorkloadResult  44: 1 op, 79850.00 ns, 79.8500 us/op
WorkloadResult  45: 1 op, 72950.00 ns, 72.9500 us/op
WorkloadResult  46: 1 op, 81350.00 ns, 81.3500 us/op
WorkloadResult  47: 1 op, 75450.00 ns, 75.4500 us/op
WorkloadResult  48: 1 op, 74650.00 ns, 74.6500 us/op
WorkloadResult  49: 1 op, 72250.00 ns, 72.2500 us/op
WorkloadResult  50: 1 op, 76350.00 ns, 76.3500 us/op
WorkloadResult  51: 1 op, 82250.00 ns, 82.2500 us/op
WorkloadResult  52: 1 op, 76150.00 ns, 76.1500 us/op
WorkloadResult  53: 1 op, 82150.00 ns, 82.1500 us/op
WorkloadResult  54: 1 op, 78250.00 ns, 78.2500 us/op
WorkloadResult  55: 1 op, 77150.00 ns, 77.1500 us/op
WorkloadResult  56: 1 op, 78050.00 ns, 78.0500 us/op
WorkloadResult  57: 1 op, 79850.00 ns, 79.8500 us/op
WorkloadResult  58: 1 op, 75850.00 ns, 75.8500 us/op
WorkloadResult  59: 1 op, 78250.00 ns, 78.2500 us/op
// GC:  0 0 0 172016 1
// Threading:  0 0 1

// AfterAll
// Benchmark Process 22820 has exited with code 0.

Mean = 77.484 μs, StdErr = 0.445 μs (0.57%), N = 59, StdDev = 3.421 μs
Min = 68.750 μs, Q1 = 75.300 μs, Median = 77.250 μs, Q3 = 79.600 μs, Max = 85.250 μs
IQR = 4.300 μs, LowerFence = 68.850 μs, UpperFence = 86.050 μs
ConfidenceInterval = [75.940 μs; 79.028 μs] (CI 99.9%), Margin = 1.544 μs (1.99% of Mean)
Skewness = 0.15, Kurtosis = 2.7, MValue = 2

// ** Remained 0 (0,0%) benchmark(s) to run. Estimated finish 2026-09-11 16:11 (0h 0m from now) **
Successfully reverted power plan (GUID: 381b4222-f694-41f0-9685-ff5bb260df2e FriendlyName: Balanced)
// ***** BenchmarkRunner: Finish  *****

// * Export *
  BenchmarkDotNet.Artifacts\results\HierarchyBenchmarks-report.csv
  BenchmarkDotNet.Artifacts\results\HierarchyBenchmarks-report-github.md
  BenchmarkDotNet.Artifacts\results\HierarchyBenchmarks-report.html

// * Detailed results *
HierarchyBenchmarks.Add: Job-DRRRRQ(InvocationCount=1, UnrollFactor=1) [NodeCount=100]
Runtime = .NET 10.0.12 (10.0.1226.42308), X64 RyuJIT AVX2; GC = Non-concurrent Workstation
Mean = 2.173 μs, StdErr = 0.112 μs (5.16%), N = 100, StdDev = 1.121 μs
Min = 0.400 μs, Q1 = 0.900 μs, Median = 2.750 μs, Q3 = 3.200 μs, Max = 3.600 μs
IQR = 2.300 μs, LowerFence = -2.550 μs, UpperFence = 6.650 μs
ConfidenceInterval = [1.793 μs; 2.553 μs] (CI 99.9%), Margin = 0.380 μs (17.49% of Mean)
Skewness = -0.27, Kurtosis = 1.28, MValue = 3.79
-------------------- Histogram --------------------
[0.083 μs ; 0.533 μs) | @
[0.533 μs ; 1.167 μs) | @@@@@@@@@@@@@@@@@@@@@@@@@@@@@@@@@@@@
[1.167 μs ; 1.833 μs) | @
[1.833 μs ; 2.467 μs) | @@@@@@@@@@
[2.467 μs ; 2.783 μs) | @@
[2.783 μs ; 3.417 μs) | @@@@@@@@@@@@@@@@@@@@@@@@@@@@@@@@@@@@@@@@@@@@@@@@
[3.417 μs ; 3.917 μs) | @@
---------------------------------------------------

HierarchyBenchmarks.Move: Job-DRRRRQ(InvocationCount=1, UnrollFactor=1) [NodeCount=100]
Runtime = .NET 10.0.12 (10.0.1226.42308), X64 RyuJIT AVX2; GC = Non-concurrent Workstation
Mean = 2.127 μs, StdErr = 0.047 μs (2.21%), N = 94, StdDev = 0.456 μs
Min = 1.500 μs, Q1 = 1.800 μs, Median = 1.900 μs, Q3 = 2.500 μs, Max = 3.400 μs
IQR = 0.700 μs, LowerFence = 0.750 μs, UpperFence = 3.550 μs
ConfidenceInterval = [1.967 μs; 2.286 μs] (CI 99.9%), Margin = 0.160 μs (7.51% of Mean)
Skewness = 0.92, Kurtosis = 2.84, MValue = 2.05
-------------------- Histogram --------------------
[1.368 μs ; 1.668 μs) | @@@@@
[1.668 μs ; 1.968 μs) | @@@@@@@@@@@@@@@@@@@@@@@@@@@@@@@@@@@@@@@@@@@@
[1.968 μs ; 2.268 μs) | @@@@@@@@@@@@@
[2.268 μs ; 2.568 μs) | @@@@@@@@@@@@@@
[2.568 μs ; 2.832 μs) | @@@@@@@@@
[2.832 μs ; 3.218 μs) | @@@@@@@
[3.218 μs ; 3.532 μs) | @@
---------------------------------------------------

HierarchyBenchmarks.Remove: Job-DRRRRQ(InvocationCount=1, UnrollFactor=1) [NodeCount=100]
Runtime = .NET 10.0.12 (10.0.1226.42308), X64 RyuJIT AVX2; GC = Non-concurrent Workstation
Mean = 2.136 μs, StdErr = 0.038 μs (1.76%), N = 85, StdDev = 0.347 μs
Min = 1.600 μs, Q1 = 1.900 μs, Median = 2.000 μs, Q3 = 2.300 μs, Max = 3.200 μs
IQR = 0.400 μs, LowerFence = 1.300 μs, UpperFence = 2.900 μs
ConfidenceInterval = [2.008 μs; 2.265 μs] (CI 99.9%), Margin = 0.128 μs (6.00% of Mean)
Skewness = 1.14, Kurtosis = 4.14, MValue = 3.36
-------------------- Histogram --------------------
[1.547 μs ; 1.753 μs) | @@@@
[1.753 μs ; 2.003 μs) | @@@@@@@@@@@@@@@@@@@@@@@@@@@@@@@@@@@@@@@@@
[2.003 μs ; 2.197 μs) | @@@
[2.197 μs ; 2.403 μs) | @@@@@@@@@@@@@@@@@@@@@@@@
[2.403 μs ; 2.603 μs) | @@@@@@@
[2.603 μs ; 2.747 μs) | 
[2.747 μs ; 2.953 μs) | @@
[2.953 μs ; 3.203 μs) | @@@@
---------------------------------------------------

HierarchyBenchmarks.GetChildren: Job-DRRRRQ(InvocationCount=1, UnrollFactor=1) [NodeCount=100]
Runtime = .NET 10.0.12 (10.0.1226.42308), X64 RyuJIT AVX2; GC = Non-concurrent Workstation
Mean = 2.456 μs, StdErr = 0.025 μs (1.03%), N = 89, StdDev = 0.238 μs
Min = 2.000 μs, Q1 = 2.300 μs, Median = 2.400 μs, Q3 = 2.600 μs, Max = 3.100 μs
IQR = 0.300 μs, LowerFence = 1.850 μs, UpperFence = 3.050 μs
ConfidenceInterval = [2.370 μs; 2.542 μs] (CI 99.9%), Margin = 0.086 μs (3.50% of Mean)
Skewness = 0.38, Kurtosis = 2.46, MValue = 5.8
-------------------- Histogram --------------------
[1.930 μs ; 2.080 μs) | @
[2.080 μs ; 2.220 μs) | @@@@@@@@@@@@@@@@@
[2.220 μs ; 2.280 μs) | 
[2.280 μs ; 2.420 μs) | @@@@@@@@@@@@@@@@@@@@@@@@@@@@@@
[2.420 μs ; 2.480 μs) | 
[2.480 μs ; 2.620 μs) | @@@@@@@@@@@@@@@@@@@@
[2.620 μs ; 2.680 μs) | 
[2.680 μs ; 2.820 μs) | @@@@@@@@@@@@@@@@
[2.820 μs ; 2.880 μs) | 
[2.880 μs ; 3.020 μs) | @@@@
[3.020 μs ; 3.170 μs) | @
---------------------------------------------------

HierarchyBenchmarks.Descendants: Job-DRRRRQ(InvocationCount=1, UnrollFactor=1) [NodeCount=100]
Runtime = .NET 10.0.12 (10.0.1226.42308), X64 RyuJIT AVX2; GC = Non-concurrent Workstation
Mean = 14.342 μs, StdErr = 0.283 μs (1.97%), N = 100, StdDev = 2.827 μs
Min = 10.800 μs, Q1 = 11.575 μs, Median = 14.300 μs, Q3 = 16.575 μs, Max = 21.200 μs
IQR = 5.000 μs, LowerFence = 4.075 μs, UpperFence = 24.075 μs
ConfidenceInterval = [13.383 μs; 15.301 μs] (CI 99.9%), Margin = 0.959 μs (6.69% of Mean)
Skewness = 0.5, Kurtosis = 2.23, MValue = 4.26
-------------------- Histogram --------------------
[10.000 μs ; 10.850 μs) | @
[10.850 μs ; 12.450 μs) | @@@@@@@@@@@@@@@@@@@@@@@@@@@@@@@@@@@@@@
[12.450 μs ; 13.900 μs) | @@@@
[13.900 μs ; 15.500 μs) | @@@@@@@@@@@@@@@@@@@@@@@@@@
[15.500 μs ; 16.150 μs) | @
[16.150 μs ; 17.750 μs) | @@@@@@@@@@@@@@@@@@
[17.750 μs ; 19.000 μs) | @@@@@@
[19.000 μs ; 19.900 μs) | @
[19.900 μs ; 21.500 μs) | @@@@@
---------------------------------------------------

HierarchyBenchmarks.Add: Job-DRRRRQ(InvocationCount=1, UnrollFactor=1) [NodeCount=1000]
Runtime = .NET 10.0.12 (10.0.1226.42308), X64 RyuJIT AVX2; GC = Non-concurrent Workstation
Mean = 3.079 μs, StdErr = 0.035 μs (1.15%), N = 80, StdDev = 0.317 μs
Min = 2.600 μs, Q1 = 2.900 μs, Median = 3.000 μs, Q3 = 3.200 μs, Max = 3.900 μs
IQR = 0.300 μs, LowerFence = 2.450 μs, UpperFence = 3.650 μs
ConfidenceInterval = [2.957 μs; 3.200 μs] (CI 99.9%), Margin = 0.121 μs (3.94% of Mean)
Skewness = 0.91, Kurtosis = 3.06, MValue = 2
-------------------- Histogram --------------------
[2.503 μs ; 2.653 μs) | @@@
[2.653 μs ; 2.853 μs) | @@@@@@@@@@@@@@@
[2.853 μs ; 3.047 μs) | @@@@@@@@@@@@@@@@@@@@@@@@@@@@@@@
[3.047 μs ; 3.247 μs) | @@@@@@@@@@@@@@
[3.247 μs ; 3.447 μs) | @@@@@
[3.447 μs ; 3.553 μs) | @
[3.553 μs ; 3.747 μs) | @@@@@@@@
[3.747 μs ; 3.947 μs) | @@@
---------------------------------------------------

HierarchyBenchmarks.Move: Job-DRRRRQ(InvocationCount=1, UnrollFactor=1) [NodeCount=1000]
Runtime = .NET 10.0.12 (10.0.1226.42308), X64 RyuJIT AVX2; GC = Non-concurrent Workstation
Mean = 14.566 μs, StdErr = 0.169 μs (1.16%), N = 93, StdDev = 1.632 μs
Min = 12.500 μs, Q1 = 13.400 μs, Median = 14.100 μs, Q3 = 15.100 μs, Max = 19.400 μs
IQR = 1.700 μs, LowerFence = 10.850 μs, UpperFence = 17.650 μs
ConfidenceInterval = [13.990 μs; 15.141 μs] (CI 99.9%), Margin = 0.575 μs (3.95% of Mean)
Skewness = 1.2, Kurtosis = 3.67, MValue = 2.9
-------------------- Histogram --------------------
[12.027 μs ; 12.977 μs) | @@@@@@@@@
[12.977 μs ; 13.923 μs) | @@@@@@@@@@@@@@@@@@@@@@@@@@@@@@@@@@@@
[13.923 μs ; 15.123 μs) | @@@@@@@@@@@@@@@@@@@@@@@@@@
[15.123 μs ; 15.827 μs) | @@@
[15.827 μs ; 16.773 μs) | @@@@@@@@@@
[16.773 μs ; 17.977 μs) | 
[17.977 μs ; 18.923 μs) | @@@@@@@@
[18.923 μs ; 19.873 μs) | @
---------------------------------------------------

HierarchyBenchmarks.Remove: Job-DRRRRQ(InvocationCount=1, UnrollFactor=1) [NodeCount=1000]
Runtime = .NET 10.0.12 (10.0.1226.42308), X64 RyuJIT AVX2; GC = Non-concurrent Workstation
Mean = 17.493 μs, StdErr = 0.260 μs (1.49%), N = 99, StdDev = 2.591 μs
Min = 12.800 μs, Q1 = 15.250 μs, Median = 17.400 μs, Q3 = 19.450 μs, Max = 24.400 μs
IQR = 4.200 μs, LowerFence = 8.950 μs, UpperFence = 25.750 μs
ConfidenceInterval = [16.609 μs; 18.377 μs] (CI 99.9%), Margin = 0.884 μs (5.05% of Mean)
Skewness = 0.2, Kurtosis = 2.25, MValue = 3.48
-------------------- Histogram --------------------
[12.565 μs ; 14.065 μs) | @@@@@@@@
[14.065 μs ; 15.535 μs) | @@@@@@@@@@@@@@@@@@@@@
[15.535 μs ; 16.765 μs) | @@@@@@@@@
[16.765 μs ; 18.235 μs) | @@@@@@@@@@@@@@@@@@@@@@@
[18.235 μs ; 19.515 μs) | @@@@@@@@@@@@@
[19.515 μs ; 20.985 μs) | @@@@@@@@@@@@@@@@@@
[20.985 μs ; 22.385 μs) | @@@@
[22.385 μs ; 23.535 μs) | @@
[23.535 μs ; 25.135 μs) | @
---------------------------------------------------

HierarchyBenchmarks.GetChildren: Job-DRRRRQ(InvocationCount=1, UnrollFactor=1) [NodeCount=1000]
Runtime = .NET 10.0.12 (10.0.1226.42308), X64 RyuJIT AVX2; GC = Non-concurrent Workstation
Mean = 21.656 μs, StdErr = 0.240 μs (1.11%), N = 99, StdDev = 2.390 μs
Min = 17.600 μs, Q1 = 19.750 μs, Median = 21.400 μs, Q3 = 23.450 μs, Max = 28.600 μs
IQR = 3.700 μs, LowerFence = 14.200 μs, UpperFence = 29.000 μs
ConfidenceInterval = [20.841 μs; 22.470 μs] (CI 99.9%), Margin = 0.815 μs (3.76% of Mean)
Skewness = 0.58, Kurtosis = 2.71, MValue = 2
-------------------- Histogram --------------------
[17.372 μs ; 18.572 μs) | @@@@@@
[18.572 μs ; 20.072 μs) | @@@@@@@@@@@@@@@@@@@@@@@
[20.072 μs ; 21.428 μs) | @@@@@@@@@@@@@@@@@@@@@@@@
[21.428 μs ; 22.828 μs) | @@@@@@@@@@@@@@@@@
[22.828 μs ; 24.328 μs) | @@@@@@@@@@@@@@@@
[24.328 μs ; 25.928 μs) | @@@@@@@@@
[25.928 μs ; 27.328 μs) | @@
[27.328 μs ; 28.878 μs) | @@
---------------------------------------------------

HierarchyBenchmarks.Descendants: Job-DRRRRQ(InvocationCount=1, UnrollFactor=1) [NodeCount=1000]
Runtime = .NET 10.0.12 (10.0.1226.42308), X64 RyuJIT AVX2; GC = Non-concurrent Workstation
Mean = 104.031 μs, StdErr = 0.619 μs (0.60%), N = 94, StdDev = 6.005 μs
Min = 96.200 μs, Q1 = 99.700 μs, Median = 102.250 μs, Q3 = 105.750 μs, Max = 122.900 μs
IQR = 6.050 μs, LowerFence = 90.625 μs, UpperFence = 114.825 μs
ConfidenceInterval = [101.926 μs; 106.136 μs] (CI 99.9%), Margin = 2.105 μs (2.02% of Mean)
Skewness = 1.13, Kurtosis = 3.46, MValue = 2.41
-------------------- Histogram --------------------
[ 96.017 μs ;  99.417 μs) | @@@@@@@@@@@@@@@@@@@@
[ 99.417 μs ; 102.883 μs) | @@@@@@@@@@@@@@@@@@@@@@@@@@@@@@@@@@@@
[102.883 μs ; 106.867 μs) | @@@@@@@@@@@@@@@
[106.867 μs ; 110.717 μs) | @@@@
[110.717 μs ; 114.183 μs) | @@@@@@@@@@@@
[114.183 μs ; 117.983 μs) | @@@@
[117.983 μs ; 121.383 μs) | @@
[121.383 μs ; 124.633 μs) | @
---------------------------------------------------

HierarchyBenchmarks.Add: Job-DRRRRQ(InvocationCount=1, UnrollFactor=1) [NodeCount=5000]
Runtime = .NET 10.0.12 (10.0.1226.42308), X64 RyuJIT AVX2; GC = Non-concurrent Workstation
Mean = 11.685 μs, StdErr = 0.181 μs (1.55%), N = 85, StdDev = 1.670 μs
Min = 9.700 μs, Q1 = 10.600 μs, Median = 11.100 μs, Q3 = 11.900 μs, Max = 17.800 μs
IQR = 1.300 μs, LowerFence = 8.650 μs, UpperFence = 13.850 μs
ConfidenceInterval = [11.067 μs; 12.303 μs] (CI 99.9%), Margin = 0.618 μs (5.29% of Mean)
Skewness = 1.94, Kurtosis = 6.88, MValue = 2.76
-------------------- Histogram --------------------
[ 9.201 μs ; 10.151 μs) | @@@@
[10.151 μs ; 11.149 μs) | @@@@@@@@@@@@@@@@@@@@@@@@@@@@@@@@@@@@@@@@
[11.149 μs ; 12.149 μs) | @@@@@@@@@@@@@@@@@@@@@
[12.149 μs ; 12.551 μs) | @@
[12.551 μs ; 13.549 μs) | @@@@@@@@@@
[13.549 μs ; 14.849 μs) | @@@@
[14.849 μs ; 15.846 μs) | 
[15.846 μs ; 16.901 μs) | 
[16.901 μs ; 17.899 μs) | @@@@
---------------------------------------------------

HierarchyBenchmarks.Move: Job-DRRRRQ(InvocationCount=1, UnrollFactor=1) [NodeCount=5000]
Runtime = .NET 10.0.12 (10.0.1226.42308), X64 RyuJIT AVX2; GC = Non-concurrent Workstation
Mean = 33.077 μs, StdErr = 0.261 μs (0.79%), N = 81, StdDev = 2.352 μs
Min = 29.800 μs, Q1 = 31.500 μs, Median = 32.400 μs, Q3 = 34.300 μs, Max = 43.300 μs
IQR = 2.800 μs, LowerFence = 27.300 μs, UpperFence = 38.500 μs
ConfidenceInterval = [32.184 μs; 33.969 μs] (CI 99.9%), Margin = 0.893 μs (2.70% of Mean)
Skewness = 1.54, Kurtosis = 6.31, MValue = 2
-------------------- Histogram --------------------
[29.537 μs ; 30.887 μs) | @@@@@@@@@
[30.887 μs ; 32.313 μs) | @@@@@@@@@@@@@@@@@@@@@@@@@@@@@@@
[32.313 μs ; 33.913 μs) | @@@@@@@@@@@@@@@@@@@
[33.913 μs ; 35.663 μs) | @@@@@@@@@@@@
[35.663 μs ; 37.363 μs) | @@@@@@
[37.363 μs ; 38.237 μs) | @
[38.237 μs ; 39.663 μs) | @@
[39.663 μs ; 41.090 μs) | 
[41.090 μs ; 42.587 μs) | 
[42.587 μs ; 44.013 μs) | @
---------------------------------------------------

HierarchyBenchmarks.Remove: Job-DRRRRQ(InvocationCount=1, UnrollFactor=1) [NodeCount=5000]
Runtime = .NET 10.0.12 (10.0.1226.42308), X64 RyuJIT AVX2; GC = Non-concurrent Workstation
Mean = 39.488 μs, StdErr = 0.843 μs (2.14%), N = 99, StdDev = 8.390 μs
Min = 30.300 μs, Q1 = 33.700 μs, Median = 35.900 μs, Q3 = 42.100 μs, Max = 59.600 μs
IQR = 8.400 μs, LowerFence = 21.100 μs, UpperFence = 54.700 μs
ConfidenceInterval = [36.627 μs; 42.349 μs] (CI 99.9%), Margin = 2.861 μs (7.24% of Mean)
Skewness = 1.04, Kurtosis = 2.53, MValue = 2.71
-------------------- Histogram --------------------
[27.920 μs ; 32.620 μs) | @@@@@@@@@@@@@
[32.620 μs ; 37.380 μs) | @@@@@@@@@@@@@@@@@@@@@@@@@@@@@@@@@@@@@@@@@@@@@@@@@@
[37.380 μs ; 41.780 μs) | @@@@@@@@@@@
[41.780 μs ; 45.380 μs) | @
[45.380 μs ; 49.920 μs) | @
[49.920 μs ; 54.680 μs) | @@@@@@@@@@@@@@@@@
[54.680 μs ; 59.930 μs) | @@@@@@
---------------------------------------------------

HierarchyBenchmarks.GetChildren: Job-DRRRRQ(InvocationCount=1, UnrollFactor=1) [NodeCount=5000]
Runtime = .NET 10.0.12 (10.0.1226.42308), X64 RyuJIT AVX2; GC = Non-concurrent Workstation
Mean = 43.394 μs, StdErr = 0.422 μs (0.97%), N = 85, StdDev = 3.889 μs
Min = 37.000 μs, Q1 = 41.100 μs, Median = 42.400 μs, Q3 = 45.400 μs, Max = 56.100 μs
IQR = 4.300 μs, LowerFence = 34.650 μs, UpperFence = 51.850 μs
ConfidenceInterval = [41.955 μs; 44.833 μs] (CI 99.9%), Margin = 1.439 μs (3.32% of Mean)
Skewness = 1.27, Kurtosis = 4.42, MValue = 2.21
-------------------- Histogram --------------------
[35.839 μs ; 37.139 μs) | @
[37.139 μs ; 39.589 μs) | @@@@@
[39.589 μs ; 41.911 μs) | @@@@@@@@@@@@@@@@@@@@@@@@@@@@@@@@@@@
[41.911 μs ; 44.411 μs) | @@@@@@@@@@@@@@@@@@@@
[44.411 μs ; 45.989 μs) | @@@
[45.989 μs ; 48.311 μs) | @@@@@@@@@@@@@
[48.311 μs ; 50.639 μs) | @@
[50.639 μs ; 52.961 μs) | @@@
[52.961 μs ; 56.211 μs) | @@@
---------------------------------------------------

HierarchyBenchmarks.Descendants: Job-DRRRRQ(InvocationCount=1, UnrollFactor=1) [NodeCount=5000]
Runtime = .NET 10.0.12 (10.0.1226.42308), X64 RyuJIT AVX2; GC = Non-concurrent Workstation
Mean = 77.484 μs, StdErr = 0.445 μs (0.57%), N = 59, StdDev = 3.421 μs
Min = 68.750 μs, Q1 = 75.300 μs, Median = 77.250 μs, Q3 = 79.600 μs, Max = 85.250 μs
IQR = 4.300 μs, LowerFence = 68.850 μs, UpperFence = 86.050 μs
ConfidenceInterval = [75.940 μs; 79.028 μs] (CI 99.9%), Margin = 1.544 μs (1.99% of Mean)
Skewness = 0.15, Kurtosis = 2.7, MValue = 2
-------------------- Histogram --------------------
[67.597 μs ; 69.903 μs) | @
[69.903 μs ; 71.397 μs) | 
[71.397 μs ; 73.547 μs) | @@@@@
[73.547 μs ; 76.047 μs) | @@@@@@@@@@@@@@@
[76.047 μs ; 78.353 μs) | @@@@@@@@@@@@@@@@@@
[78.353 μs ; 80.853 μs) | @@@@@@@@@@
[80.853 μs ; 84.253 μs) | @@@@@@@@@
[84.253 μs ; 86.403 μs) | @
---------------------------------------------------

// * Summary *

BenchmarkDotNet v0.14.0, Windows 11 (10.0.26200.9445)
Unknown processor
.NET SDK 10.0.401
  [Host]     : .NET 10.0.12 (10.0.1226.42308), X64 RyuJIT AVX2
  Job-DRRRRQ : .NET 10.0.12 (10.0.1226.42308), X64 RyuJIT AVX2

InvocationCount=1  UnrollFactor=1  

| Method      | NodeCount | Mean       | Error     | StdDev    | Median     | Allocated |
|------------ |---------- |-----------:|----------:|----------:|-----------:|----------:|
| Add         | 100       |   2.173 μs | 0.3801 μs | 1.1208 μs |   2.750 μs |         - |
| Move        | 100       |   2.127 μs | 0.1597 μs | 0.4556 μs |   1.900 μs |         - |
| Remove      | 100       |   2.136 μs | 0.1282 μs | 0.3467 μs |   2.000 μs |         - |
| GetChildren | 100       |   2.456 μs | 0.0860 μs | 0.2383 μs |   2.400 μs |         - |
| Descendants | 100       |  14.342 μs | 0.9589 μs | 2.8275 μs |  14.300 μs |         - |
| Add         | 1000      |   3.079 μs | 0.1213 μs | 0.3173 μs |   3.000 μs |   26728 B |
| Move        | 1000      |  14.566 μs | 0.5752 μs | 1.6318 μs |  14.100 μs |   26992 B |
| Remove      | 1000      |  17.493 μs | 0.8836 μs | 2.5914 μs |  17.400 μs |   27024 B |
| GetChildren | 1000      |  21.656 μs | 0.8148 μs | 2.3895 μs |  21.400 μs |   12528 B |
| Descendants | 1000      | 104.031 μs | 2.1048 μs | 6.0050 μs | 102.250 μs |   25592 B |
| Add         | 5000      |  11.685 μs | 0.6178 μs | 1.6704 μs |  11.100 μs |  137400 B |
| Move        | 5000      |  33.077 μs | 0.8928 μs | 2.3519 μs |  32.400 μs |  137712 B |
| Remove      | 5000      |  39.488 μs | 2.8606 μs | 8.3897 μs |  35.900 μs |  137744 B |
| GetChildren | 5000      |  43.394 μs | 1.4386 μs | 3.8894 μs |  42.400 μs |   60192 B |
| Descendants | 5000      |  77.484 μs | 1.5437 μs | 3.4207 μs |  77.250 μs |  172016 B |

// * Warnings *
MinIterationTime
  HierarchyBenchmarks.Add: InvocationCount=1, UnrollFactor=1         -> The minimum observed iteration time is 600ns which is very small. It's recommended to increase it to at least 100ms using more operations.
  HierarchyBenchmarks.Move: InvocationCount=1, UnrollFactor=1        -> The minimum observed iteration time is 1.6μs which is very small. It's recommended to increase it to at least 100ms using more operations.
  HierarchyBenchmarks.Remove: InvocationCount=1, UnrollFactor=1      -> The minimum observed iteration time is 1.7μs which is very small. It's recommended to increase it to at least 100ms using more operations.
  HierarchyBenchmarks.GetChildren: InvocationCount=1, UnrollFactor=1 -> The minimum observed iteration time is 2.1μs which is very small. It's recommended to increase it to at least 100ms using more operations.
  HierarchyBenchmarks.Descendants: InvocationCount=1, UnrollFactor=1 -> The minimum observed iteration time is 10.9μs which is very small. It's recommended to increase it to at least 100ms using more operations.
  HierarchyBenchmarks.Add: InvocationCount=1, UnrollFactor=1         -> The minimum observed iteration time is 2.7μs which is very small. It's recommended to increase it to at least 100ms using more operations.
  HierarchyBenchmarks.Move: InvocationCount=1, UnrollFactor=1        -> The minimum observed iteration time is 12.6μs which is very small. It's recommended to increase it to at least 100ms using more operations.
  HierarchyBenchmarks.Remove: InvocationCount=1, UnrollFactor=1      -> The minimum observed iteration time is 12.9μs which is very small. It's recommended to increase it to at least 100ms using more operations.
  HierarchyBenchmarks.GetChildren: InvocationCount=1, UnrollFactor=1 -> The minimum observed iteration time is 17.8μs which is very small. It's recommended to increase it to at least 100ms using more operations.
  HierarchyBenchmarks.Descendants: InvocationCount=1, UnrollFactor=1 -> The minimum observed iteration time is 96.3μs which is very small. It's recommended to increase it to at least 100ms using more operations.
  HierarchyBenchmarks.Add: InvocationCount=1, UnrollFactor=1         -> The minimum observed iteration time is 9.8μs which is very small. It's recommended to increase it to at least 100ms using more operations.
  HierarchyBenchmarks.Move: InvocationCount=1, UnrollFactor=1        -> The minimum observed iteration time is 29.9μs which is very small. It's recommended to increase it to at least 100ms using more operations.
  HierarchyBenchmarks.Remove: InvocationCount=1, UnrollFactor=1      -> The minimum observed iteration time is 30.5μs which is very small. It's recommended to increase it to at least 100ms using more operations.
  HierarchyBenchmarks.GetChildren: InvocationCount=1, UnrollFactor=1 -> The minimum observed iteration time is 37.1μs which is very small. It's recommended to increase it to at least 100ms using more operations.
  HierarchyBenchmarks.Descendants: InvocationCount=1, UnrollFactor=1 -> The minimum observed iteration time is 68.9μs which is very small. It's recommended to increase it to at least 100ms using more operations.
MultimodalDistribution
  HierarchyBenchmarks.Add: InvocationCount=1, UnrollFactor=1         -> It seems that the distribution is bimodal (mValue = 3.79)
  HierarchyBenchmarks.Remove: InvocationCount=1, UnrollFactor=1      -> It seems that the distribution is bimodal (mValue = 3.36)
  HierarchyBenchmarks.GetChildren: InvocationCount=1, UnrollFactor=1 -> It seems that the distribution is multimodal (mValue = 5.8)
  HierarchyBenchmarks.Descendants: InvocationCount=1, UnrollFactor=1 -> It seems that the distribution is multimodal (mValue = 4.26)
  HierarchyBenchmarks.Move: InvocationCount=1, UnrollFactor=1        -> It seems that the distribution can have several modes (mValue = 2.9)
  HierarchyBenchmarks.Remove: InvocationCount=1, UnrollFactor=1      -> It seems that the distribution is bimodal (mValue = 3.48)

// * Hints *
Outliers
  HierarchyBenchmarks.Move: InvocationCount=1, UnrollFactor=1        -> 6 outliers were removed (4.40 μs..18.00 μs)
  HierarchyBenchmarks.Remove: InvocationCount=1, UnrollFactor=1      -> 15 outliers were removed (3.70 μs..6.30 μs)
  HierarchyBenchmarks.GetChildren: InvocationCount=1, UnrollFactor=1 -> 11 outliers were removed (3.50 μs..5.40 μs)
  HierarchyBenchmarks.Add: InvocationCount=1, UnrollFactor=1         -> 20 outliers were removed (5.40 μs..10.90 μs)
  HierarchyBenchmarks.Move: InvocationCount=1, UnrollFactor=1        -> 7 outliers were removed (19.90 μs..43.10 μs)
  HierarchyBenchmarks.Remove: InvocationCount=1, UnrollFactor=1      -> 1 outlier  was  removed (34.60 μs)
  HierarchyBenchmarks.GetChildren: InvocationCount=1, UnrollFactor=1 -> 1 outlier  was  removed (36.30 μs)
  HierarchyBenchmarks.Descendants: InvocationCount=1, UnrollFactor=1 -> 6 outliers were removed (128.60 μs..240.70 μs)
  HierarchyBenchmarks.Add: InvocationCount=1, UnrollFactor=1         -> 15 outliers were removed (18.50 μs..123.20 μs)
  HierarchyBenchmarks.Move: InvocationCount=1, UnrollFactor=1        -> 19 outliers were removed (44.70 μs..153.70 μs)
  HierarchyBenchmarks.Remove: InvocationCount=1, UnrollFactor=1      -> 1 outlier  was  removed (330.50 μs)
  HierarchyBenchmarks.GetChildren: InvocationCount=1, UnrollFactor=1 -> 15 outliers were removed (62.90 μs..430.80 μs)
  HierarchyBenchmarks.Descendants: InvocationCount=1, UnrollFactor=1 -> 17 outliers were removed (97.90 μs..2.10 ms)

// * Legends *
  NodeCount : Value of the 'NodeCount' parameter
  Mean      : Arithmetic mean of all measurements
  Error     : Half of 99.9% confidence interval
  StdDev    : Standard deviation of all measurements
  Median    : Value separating the higher half of all measurements (50th percentile)
  Allocated : Allocated memory per single operation (managed only, inclusive, 1KB = 1024B)
  1 μs      : 1 Microsecond (0.000001 sec)

// * Diagnostic Output - MemoryDiagnoser *


// ***** BenchmarkRunner: End *****
Run time: 00:00:23 (23.74 sec), executed benchmarks: 15

Global total time: 00:00:28 (28.93 sec), executed benchmarks: 15
// * Artifacts cleanup *
Artifacts cleanup is finished
